gene_entrez	gene_symbol	magma_p	magma_z	drug	approved	interaction_type	source	score
5142	PDE4B	2.4051e-06	4.5729	OXTRIPHYLLINE	True	inhibitor	ChEMBL	0.1166837138570989
5142	PDE4B	2.4051e-06	4.5729	TETOMILAST	False	inhibitor	ChEMBL	0.2917092846427472
5142	PDE4B	2.4051e-06	4.5729	AMLEXANOX	True	inhibitor	ChEMBL	0.089756703
5142	PDE4B	2.4051e-06	4.5729	HT-0712	False	NULL	TTD	0.3889457128569962
5142	PDE4B	2.4051e-06	4.5729	NULL	False	NULL	TTD	NULL
5142	PDE4B	2.4051e-06	4.5729	PENTOXIFYLLINE	True	NULL	TEND	0.1000146118775133
5142	PDE4B	2.4051e-06	4.5729	NULL	False	NULL	TTD	NULL
5142	PDE4B	2.4051e-06	4.5729	NULL	False	NULL	TTD	NULL
5142	PDE4B	2.4051e-06	4.5729	NULL	False	NULL	TTD	NULL
5142	PDE4B	2.4051e-06	4.5729	DENBUFYLLINE	False	NULL	TTD	0.3889457128569962
5142	PDE4B	2.4051e-06	4.5729	ROFLUMILAST	True	inhibitor	ChEMBL	0.3889457128569962
5142	PDE4B	2.4051e-06	4.5729	IBUDILAST	False	inhibitor	ChEMBL	0.1458546423213736
5142	PDE4B	2.4051e-06	4.5729	OGLEMILAST	False	NULL	TTD	1.166837138570988
5142	PDE4B	2.4051e-06	4.5729	THEOPHYLLINE	True	NULL	TdgClinicalTrial	0.1296485709523321
5142	PDE4B	2.4051e-06	4.5729	ROFLUMILAST	True	NULL	TdgClinicalTrial	0.3889457128569962
5142	PDE4B	2.4051e-06	4.5729	CRISABOROLE	True	NULL	TdgClinicalTrial	0.33338204
5142	PDE4B	2.4051e-06	4.5729	THEOPHYLLINE SODIUM GLYCINATE	True	inhibitor	ChEMBL	0.1166837138570989
5142	PDE4B	2.4051e-06	4.5729	CILOMILAST	False	inhibitor	ChEMBL	0.2917092846427472
5142	PDE4B	2.4051e-06	4.5729	INAMRINONE	True	NULL	TEND	0.1228249619548409
5142	PDE4B	2.4051e-06	4.5729	RESVERATROL	True	NULL	TdgClinicalTrial	0.023813003
5142	PDE4B	2.4051e-06	4.5729	SELECTIVE CYTOKINE INHIBITORY DRUG CC-1088	False	NULL	TTD	0.2917092846427472
5142	PDE4B	2.4051e-06	4.5729	LIRIMILAST	False	NULL	TTD	0.3889457128569962
5142	PDE4B	2.4051e-06	4.5729	RONOMILAST	False	NULL	TTD	0.7778914257139925
5142	PDE4B	2.4051e-06	4.5729	DIFAMILAST	False	inhibitor	ChEMBL	0.2333674277141978
5142	PDE4B	2.4051e-06	4.5729	HT-0712	False	inhibitor	ChEMBL	0.5834185692854944
5142	PDE4B	2.4051e-06	4.5729	DROTAVERIN	False	inhibitor	ChEMBL	0.2917092846427472
5142	PDE4B	2.4051e-06	4.5729	TRANIMILAST	False	inhibitor	ChEMBL	0.2917092846427472
5142	PDE4B	2.4051e-06	4.5729	NULL	False	NULL	TTD	NULL
5142	PDE4B	2.4051e-06	4.5729	NULL	False	NULL	TTD	NULL
5142	PDE4B	2.4051e-06	4.5729	NULL	False	NULL	TTD	NULL
5142	PDE4B	2.4051e-06	4.5729	TOFIMILAST	False	inhibitor	ChEMBL	0.5834185692854944
5142	PDE4B	2.4051e-06	4.5729	MEM 1414	False	NULL	TdgClinicalTrial	0.5834185692854944
5142	PDE4B	2.4051e-06	4.5729	TOFIMILAST	False	NULL	TTD	0.5834185692854944
5142	PDE4B	2.4051e-06	4.5729	MK-0873	False	NULL	TTD	0.5834185692854944
5142	PDE4B	2.4051e-06	4.5729	LOTAMILAST	False	inhibitor	ChEMBL	0.2917092846427472
5142	PDE4B	2.4051e-06	4.5729	CRISABOROLE	True	inhibitor	ChEMBL	0.33338204
5142	PDE4B	2.4051e-06	4.5729	INAMRINONE	True	NULL	TdgClinicalTrial	0.1228249619548409
5142	PDE4B	2.4051e-06	4.5729	HT-0712	False	NULL	TTD	0.5834185692854944
5142	PDE4B	2.4051e-06	4.5729	ASPIRIN	True	inhibitor	ChEMBL	0.008275441
5142	PDE4B	2.4051e-06	4.5729	OGLEMILAST	False	NULL	TdgClinicalTrial	1.166837138570988
5142	PDE4B	2.4051e-06	4.5729	CAFFEINE	True	NULL	TEND	0.063072278
5142	PDE4B	2.4051e-06	4.5729	DOVRAMILAST	False	inhibitor	ChEMBL	0.2917092846427472
5142	PDE4B	2.4051e-06	4.5729	APREMILAST	True	inhibitor	ChEMBL	0.2333674277141978
5142	PDE4B	2.4051e-06	4.5729	ENSIFENTRINE	False	inhibitor	ChEMBL	0.3889457128569962
5142	PDE4B	2.4051e-06	4.5729	RONOMILAST	False	NULL	TdgClinicalTrial	0.7778914257139925
5142	PDE4B	2.4051e-06	4.5729	ROLIPRAM	False	NULL	TTD	0.2333674277141978
5142	PDE4B	2.4051e-06	4.5729	APREMILAST	True	NULL	TdgClinicalTrial	0.2333674277141978
5142	PDE4B	2.4051e-06	4.5729	RITODRINE	True	NULL	PharmGKB	0.7778914257139925
5142	PDE4B	2.4051e-06	4.5729	ENPROFYLLINE	False	NULL	TEND	1.166837138570988
5142	PDE4B	2.4051e-06	4.5729	GSK-356278	False	NULL	TTD	0.3889457128569962
5142	PDE4B	2.4051e-06	4.5729	PENTOXIFYLLINE	True	NULL	TdgClinicalTrial	0.1000146118775133
5142	PDE4B	2.4051e-06	4.5729	GSK-256066	False	inhibitor	ChEMBL	0.2917092846427472
5142	PDE4B	2.4051e-06	4.5729	ENSIFENTRINE	False	NULL	TdgClinicalTrial	0.3889457128569962
5142	PDE4B	2.4051e-06	4.5729	DYPHYLLINE	True	NULL	TdgClinicalTrial	0.5000730593875666
5142	PDE4B	2.4051e-06	4.5729	NULL	False	NULL	TdgClinicalTrial	NULL
5142	PDE4B	2.4051e-06	4.5729	NULL	False	NULL	TdgClinicalTrial	NULL
5142	PDE4B	2.4051e-06	4.5729	PAPAVERINE	True	NULL	TdgClinicalTrial	0.1555782851427985
5142	PDE4B	2.4051e-06	4.5729	PAPAVERINE	True	NULL	TEND	0.1555782851427985
5142	PDE4B	2.4051e-06	4.5729	REVAMILAST	False	NULL	TTD	0.4667348554283956
5142	PDE4B	2.4051e-06	4.5729	CHEMBL:CHEMBL535714	False	NULL	DTC	0.5834185692854944
5142	PDE4B	2.4051e-06	4.5729	THEOPHYLLINE	True	inhibitor	ChEMBL	0.1296485709523321
5142	PDE4B	2.4051e-06	4.5729	ETAZOLATE	False	NULL	TdgClinicalTrial	0.072927321
5142	PDE4B	2.4051e-06	4.5729	CAFFEINE	True	NULL	TdgClinicalTrial	0.063072278
5142	PDE4B	2.4051e-06	4.5729	PICLAMILAST	False	NULL	TTD	0.2917092846427472
5142	PDE4B	2.4051e-06	4.5729	OGLEMILAST	False	inhibitor	ChEMBL	1.166837138570988
5142	PDE4B	2.4051e-06	4.5729	DYPHYLLINE	True	inhibitor	ChEMBL	0.5000730593875666
5142	PDE4B	2.4051e-06	4.5729	MK-0873	False	inhibitor	ChEMBL	0.5834185692854944
5142	PDE4B	2.4051e-06	4.5729	ROLIPRAM	False	inhibitor	ChEMBL	0.2333674277141978
5142	PDE4B	2.4051e-06	4.5729	IBUDILAST	False	NULL	TdgClinicalTrial	0.1458546423213736
5142	PDE4B	2.4051e-06	4.5729	PENTOXIFYLLINE	True	inhibitor	ChEMBL	0.1000146118775133
5142	PDE4B	2.4051e-06	4.5729	NULL	False	NULL	TdgClinicalTrial	NULL
5142	PDE4B	2.4051e-06	4.5729	AMINOPHYLLINE	True	inhibitor	ChEMBL	0.1166837138570989
5142	PDE4B	2.4051e-06	4.5729	DEHYDRATED ALCOHOL	True	NULL	PharmGKB	0.029540181
5142	PDE4B	2.4051e-06	4.5729	REVAMILAST	False	inhibitor	ChEMBL	0.4667348554283956
5142	PDE4B	2.4051e-06	4.5729	NULL	False	NULL	TdgClinicalTrial	NULL
5142	PDE4B	2.4051e-06	4.5729	NULL	False	NULL	TdgClinicalTrial	NULL
5142	PDE4B	2.4051e-06	4.5729	FLAVOXATE HYDROCHLORIDE	True	inhibitor	ChEMBL	0.1458546423213736
5142	PDE4B	2.4051e-06	4.5729	ENPROFYLLINE	False	NULL	TdgClinicalTrial	1.166837138570988
5142	PDE4B	2.4051e-06	4.5729	DYPHYLLINE	True	NULL	TEND	0.5000730593875666
5142	PDE4B	2.4051e-06	4.5729	THEOPHYLLINE	True	NULL	TEND	0.1296485709523321
777	CACNA1E	7.8726e-08	5.2436	GABAPENTIN ENACARBIL	True	modulator	ChEMBL	0.1944728564284981
777	CACNA1E	7.8726e-08	5.2436	SULOCTIDIL	True	blocker	ChEMBL	0.2019525816757481
777	CACNA1E	7.8726e-08	5.2436	PHLOROGLUCINOL	True	blocker	ChEMBL	0.2019525816757481
777	CACNA1E	7.8726e-08	5.2436	CELECOXIB	True	NULL	PharmGKB	0.1567393171214761
777	CACNA1E	7.8726e-08	5.2436	BEPRIDIL HYDROCHLORIDE	True	blocker	ChEMBL	0.2019525816757481
777	CACNA1E	7.8726e-08	5.2436	IMAGABALIN	False	modulator	ChEMBL	0.2019525816757481
777	CACNA1E	7.8726e-08	5.2436	ATAGABALIN	False	modulator	ChEMBL	0.2019525816757481
777	CACNA1E	7.8726e-08	5.2436	TERODILINE HYDROCHLORIDE	True	blocker	ChEMBL	0.1693795846312726
777	CACNA1E	7.8726e-08	5.2436	GABAPENTIN	True	modulator	ChEMBL	0.1312691780892362
777	CACNA1E	7.8726e-08	5.2436	NULL	False	NULL	PharmGKB	NULL
777	CACNA1E	7.8726e-08	5.2436	PREGABALIN	True	modulator	ChEMBL	0.2019525816757481
2104	ESRRG	1.8118e-09	5.9005	MNK1 INHIBITOR	False	inhibitor	GuideToPharmacology	2.917092846427472
2104	ESRRG	1.8118e-09	5.9005	DIETHYLSTILBESTROL	True	NULL	NCI	0.5303805175322677
2104	ESRRG	1.8118e-09	5.9005	DIETHYLSTILBESTROL	True	NULL	NCI	0.5303805175322677
2104	ESRRG	1.8118e-09	5.9005	TOMIVOSERTIB	False	inhibitor	GuideToPharmacology	2.187819634820604
2104	ESRRG	1.8118e-09	5.9005	AFIMOXIFENE	False	inhibitor	ChEMBL	0.6250913242344582
2104	ESRRG	1.8118e-09	5.9005	TINODASERTIB	False	inhibitor	GuideToPharmacology	4.375639269641208
2104	ESRRG	1.8118e-09	5.9005	DORSOMORPHIN	False	inhibitor	GuideToPharmacology	1.093909817410302
5664	PSEN2	4.2162e-11	6.4927	RG-4733	False	inhibitor	ChEMBL	0.7955707762984013
5664	PSEN2	4.2162e-11	6.4927	SEMAGACESTAT	False	inhibitor	ChEMBL	2.386712328895204
5664	PSEN2	4.2162e-11	6.4927	CHEMBL:CHEMBL247471	False	NULL	TdgClinicalTrial	0.7955707762984013
5664	PSEN2	4.2162e-11	6.4927	AVAGACESTAT	False	inhibitor	ChEMBL	1.193356164447602
5664	PSEN2	4.2162e-11	6.4927	NOTCH SIGNALING PATHWAY INHIBITOR MK0752	False	other/unknown	MyCancerGenome	0.4773424657790409
5664	PSEN2	4.2162e-11	6.4927	NIROGACESTAT	True	inhibitor	ChEMBL	0.3409589041278863
5664	PSEN2	4.2162e-11	6.4927	SEMAGACESTAT	False	NULL	DTC	2.386712328895204
5664	PSEN2	4.2162e-11	6.4927	CHEMBL:CHEMBL392068	False	NULL	DTC	2.386712328895204
5664	PSEN2	4.2162e-11	6.4927	BEGACESTAT	False	inhibitor	ChEMBL	0.596678082
5664	PSEN2	4.2162e-11	6.4927	GSI-136	False	NULL	TdgClinicalTrial	0.6819178082557726
5664	PSEN2	4.2162e-11	6.4927	IC261	False	NULL	DTC	1.363835616511545
5664	PSEN2	4.2162e-11	6.4927	TARENFLURBIL	False	NULL	TTD	0.7955707762984013
5664	PSEN2	4.2162e-11	6.4927	SEMAGACESTAT	False	NULL	TdgClinicalTrial	2.386712328895204
5664	PSEN2	4.2162e-11	6.4927	AVAGACESTAT	False	NULL	TdgClinicalTrial	1.193356164447602
5664	PSEN2	4.2162e-11	6.4927	TARENFLURBIL	False	modulator	ChEMBL	0.7955707762984013
64754	SMYD3	5.0208e-09	5.73	NULL	False	NULL	PharmGKB	NULL
9378	NRXN1	1.1362e-14	7.6342	DULOXETINE HYDROCHLORIDE	True	NULL	PharmGKB	2.019525816757481
9378	NRXN1	1.1362e-14	7.6342	NULL	False	NULL	PharmGKB	NULL
9378	NRXN1	1.1362e-14	7.6342	NICOTINE POLACRILEX	True	NULL	PharmGKB	1.141471113819445
1496	CTNNA2	2.0587e-06	4.6054	COMPOUND 35 [PMID: 23916259]	False	inhibitor	GuideToPharmacology	1.875273972703375
1496	CTNNA2	2.0587e-06	4.6054	HALICIN	False	inhibitor	GuideToPharmacology	3.750547945
1496	CTNNA2	2.0587e-06	4.6054	GNE-3511	False	inhibitor	GuideToPharmacology	0.6250913242344582
1496	CTNNA2	2.0587e-06	4.6054	COMPOUND 20 [PMID: 30998356]	False	inhibitor	GuideToPharmacology	0.4167275494896389
1496	CTNNA2	2.0587e-06	4.6054	BOS172722	False	inhibitor	GuideToPharmacology	0.6250913242344582
1496	CTNNA2	2.0587e-06	4.6054	JNK-IN-8	False	inhibitor	GuideToPharmacology	1.250182648468916
1496	CTNNA2	2.0587e-06	4.6054	COMPOUND 25C [PMID: 36649216]	False	inhibitor	GuideToPharmacology	0.7501095890813501
1496	CTNNA2	2.0587e-06	4.6054	JNK INHIBITOR VIII	False	inhibitor	GuideToPharmacology	0.4167275494896389
1496	CTNNA2	2.0587e-06	4.6054	JNK INHIBITOR 9L	False	inhibitor	GuideToPharmacology	1.875273972703375
1496	CTNNA2	2.0587e-06	4.6054	SP600125	False	inhibitor	GuideToPharmacology	0.9376369863516875
1496	CTNNA2	2.0587e-06	4.6054	NULL	False	NULL	PharmGKB	NULL
1496	CTNNA2	2.0587e-06	4.6054	COMPOUND 11 [PMID: 26431428]	False	inhibitor	GuideToPharmacology	0.7501095890813501
1496	CTNNA2	2.0587e-06	4.6054	PAMAPIMOD	False	inhibitor	GuideToPharmacology	0.6250913242344582
1496	CTNNA2	2.0587e-06	4.6054	YL5084	False	inhibitor	GuideToPharmacology	1.875273972703375
1496	CTNNA2	2.0587e-06	4.6054	TANZISERTIB	False	inhibitor	GuideToPharmacology	0.6250913242344582
80731	THSD7B	9.6879e-07	4.7598	DEHYDRATED ALCOHOL	True	NULL	PharmGKB	1.329308132549227
254042	METAP1D	2.2417e-06	4.5876	TOSEDOSTAT	False	inhibitor	ChEMBL	2.625383561784725
11069	RAPGEF4	2.2111e-07	5.0498	HEXACHLOROPHENE	True	NULL	DTC	0.028459442
11069	RAPGEF4	2.2111e-07	5.0498	BITHIONOLOXIDE	False	NULL	DTC	0.1666910197958555
11069	RAPGEF4	2.2111e-07	5.0498	2,2',4,4',5,5'-HEXACHLOROBIPHENYL	False	NULL	DTC	1.166837138570988
11069	RAPGEF4	2.2111e-07	5.0498	BENZBROMARONE	True	NULL	DTC	0.072927321
11069	RAPGEF4	2.2111e-07	5.0498	AMINODIMETHOXYQUINAZOLINYLPIPERAZINE	False	NULL	DTC	0.1944728564284981
11069	RAPGEF4	2.2111e-07	5.0498	GW7647	False	NULL	DTC	0.038894571
11069	RAPGEF4	2.2111e-07	5.0498	IDARUBICIN	True	NULL	DTC	0.024309107
11069	RAPGEF4	2.2111e-07	5.0498	CLOTRIMAZOLE	True	NULL	DTC	0.031536139
11069	RAPGEF4	2.2111e-07	5.0498	MYRICETIN	False	NULL	DTC	0.029170928
11069	RAPGEF4	2.2111e-07	5.0498	CHEMBL:CHEMBL149246	False	NULL	DTC	1.166837138570988
11069	RAPGEF4	2.2111e-07	5.0498	NABUMETONE	True	NULL	DTC	0.1458546423213736
11069	RAPGEF4	2.2111e-07	5.0498	DIMPYLATE	False	NULL	DTC	0.5834185692854944
11069	RAPGEF4	2.2111e-07	5.0498	AMORFRUTIN A	False	NULL	DTC	0.2917092846427472
11069	RAPGEF4	2.2111e-07	5.0498	CHEMBL:CHEMBL600778	False	NULL	DTC	0.2917092846427472
11069	RAPGEF4	2.2111e-07	5.0498	CHEMBL:CHEMBL140130	False	NULL	DTC	1.166837138570988
11069	RAPGEF4	2.2111e-07	5.0498	SCLEROTIORIN	False	NULL	DTC	0.1166837138570989
11069	RAPGEF4	2.2111e-07	5.0498	2,4-DIHYDROXYBENZOPHENONE	False	NULL	DTC	0.1944728564284981
11069	RAPGEF4	2.2111e-07	5.0498	BERBERRUBINE	False	NULL	DTC	0.2917092846427472
11069	RAPGEF4	2.2111e-07	5.0498	KOLAVENIC ACID	False	NULL	DTC	1.166837138570988
11069	RAPGEF4	2.2111e-07	5.0498	CHEMBL:CHEMBL505670	False	NULL	DTC	0.033338204
11069	RAPGEF4	2.2111e-07	5.0498	ASPIRIN	True	NULL	DTC	0.008275441
11069	RAPGEF4	2.2111e-07	5.0498	CHEMBL:CHEMBL592124	False	NULL	DTC	0.037639908
11069	RAPGEF4	2.2111e-07	5.0498	EUFLAVINE	False	NULL	DTC	0.072927321
11069	RAPGEF4	2.2111e-07	5.0498	ACITRETIN	True	NULL	DTC	0.072927321
11069	RAPGEF4	2.2111e-07	5.0498	SB 216763	False	NULL	DTC	0.077789143
11069	RAPGEF4	2.2111e-07	5.0498	CLOSANTEL	False	NULL	DTC	0.1060761035064535
11069	RAPGEF4	2.2111e-07	5.0498	CHEMBL:CHEMBL1256719	False	NULL	DTC	0.5834185692854944
11069	RAPGEF4	2.2111e-07	5.0498	CHEMBL:CHEMBL608846	False	NULL	DTC	1.166837138570988
11069	RAPGEF4	2.2111e-07	5.0498	1,4-DIMETHOXYANTHRAQUINONE	False	NULL	DTC	0.1166837138570989
11069	RAPGEF4	2.2111e-07	5.0498	CHEMBL:CHEMBL591363	False	NULL	DTC	0.2917092846427472
11069	RAPGEF4	2.2111e-07	5.0498	FLUORESCEIN DIACETATE	False	NULL	DTC	0.3889457128569962
11069	RAPGEF4	2.2111e-07	5.0498	CHEMBL:CHEMBL600336	False	NULL	DTC	0.1060761035064535
11069	RAPGEF4	2.2111e-07	5.0498	DICHLOROPHEN	False	NULL	DTC	0.064824285
11069	RAPGEF4	2.2111e-07	5.0498	LOBARIC ACID	False	NULL	DTC	0.077789143
11069	RAPGEF4	2.2111e-07	5.0498	PHYSODIC ACID	False	NULL	DTC	0.1166837138570989
11069	RAPGEF4	2.2111e-07	5.0498	CHEMBL:CHEMBL591361	False	NULL	DTC	0.2917092846427472
11069	RAPGEF4	2.2111e-07	5.0498	PROCHLORPERAZINE	True	NULL	DTC	0.041672755
11069	RAPGEF4	2.2111e-07	5.0498	TANGERETIN	False	NULL	DTC	0.2917092846427472
11069	RAPGEF4	2.2111e-07	5.0498	PENTACHLOROPHENOL	False	NULL	DTC	0.08334551
11069	RAPGEF4	2.2111e-07	5.0498	CHEMBL:CHEMBL1256796	False	NULL	DTC	0.5834185692854944
11069	RAPGEF4	2.2111e-07	5.0498	PENTABROMOPHENOL	False	NULL	DTC	0.089756703
11069	RAPGEF4	2.2111e-07	5.0498	FENTICLOR	False	NULL	DTC	0.061412481
11069	RAPGEF4	2.2111e-07	5.0498	CHEMBL:CHEMBL1576310	False	NULL	DTC	0.1060761035064535
11069	RAPGEF4	2.2111e-07	5.0498	CHEMBL:CHEMBL585591	False	NULL	DTC	0.048618214
11069	RAPGEF4	2.2111e-07	5.0498	LANATOSIDE C	True	NULL	DTC	0.077789143
1385	CREB1	5.7401e-07	4.8644	BW B70C	False	inhibitor	GuideToPharmacology	4.773424657790408
1385	CREB1	5.7401e-07	4.8644	LITHIUM	True	NULL	PharmGKB	0.2273059360852575
1385	CREB1	5.7401e-07	4.8644	CJ13610	False	inhibitor	GuideToPharmacology	4.773424657790408
1385	CREB1	5.7401e-07	4.8644	NICOTINE POLACRILEX	True	NULL	NCI	0.2075402025126264
1385	CREB1	5.7401e-07	4.8644	5-LOX INHIBITOR 2M [PMID: 30199704]	False	inhibitor	GuideToPharmacology	4.773424657790408
1385	CREB1	5.7401e-07	4.8644	DEHYDRATED ALCOHOL	True	NULL	NCI	0.1208461938681116
1385	CREB1	5.7401e-07	4.8644	PF-04191834	False	inhibitor	GuideToPharmacology	4.773424657790408
1385	CREB1	5.7401e-07	4.8644	HONOKIOL	False	inhibitor	GuideToPharmacology	4.773424657790408
1385	CREB1	5.7401e-07	4.8644	5-LOX ACTIVATING PROTEIN	False	activator	GuideToPharmacology	4.773424657790408
1385	CREB1	5.7401e-07	4.8644	ZILEUTON	True	inhibitor	GuideToPharmacology	0.5303805175322677
1385	CREB1	5.7401e-07	4.8644	CITALOPRAM	True	NULL	PharmGKB	0.4091506849534637
151194	METTL21A	1.0437e-06	4.7448	CITALOPRAM	True	NULL	PharmGKB	2.250328767
151194	METTL21A	1.0437e-06	4.7448	ANTIDEPRESSANT AGENT	False	NULL	PharmGKB	1.514644363
2066	ERBB4	7.774e-13	7.0695	POZIOTINIB	False	inhibitor	ChEMBL	0.4526523382387456
2066	ERBB4	7.774e-13	7.0695	BARASERTIB-HQPA	False	NULL	DTC	0.039361073
2066	ERBB4	7.774e-13	7.0695	PAN-HER KINASE INHIBITOR AC480	False	NULL	TdgClinicalTrial	0.2263261691193728
2066	ERBB4	7.774e-13	7.0695	BMS-599626	False	inhibitor	ChEMBL	0.3621218705909966
2066	ERBB4	7.774e-13	7.0695	BETACELLULIN	False	NULL	GuideToPharmacology	0.4526523382387456
2066	ERBB4	7.774e-13	7.0695	PIROTINIB	False	inhibitor	GuideToPharmacology	0.3017682254924971
2066	ERBB4	7.774e-13	7.0695	BIX02188	False	inhibitor	GuideToPharmacology	0.4526523382387456
2066	ERBB4	7.774e-13	7.0695	AFATINIB DIMALEATE	True	inhibitor	ChEMBL	0.3017682254924971
2066	ERBB4	7.774e-13	7.0695	NEUREGULIN-3	False	NULL	GuideToPharmacology	0.9053046764774912
2066	ERBB4	7.774e-13	7.0695	HB-EGF	False	NULL	GuideToPharmacology	0.4526523382387456
2066	ERBB4	7.774e-13	7.0695	TUCATINIB	True	inhibitor	GuideToPharmacology	0.1131630845596864
2066	ERBB4	7.774e-13	7.0695	ALISERTIB	False	NULL	DTC	0.020117882
2066	ERBB4	7.774e-13	7.0695	ALLITINIB	False	inhibitor	GuideToPharmacology	0.3017682254924971
2066	ERBB4	7.774e-13	7.0695	METHYLCURCUMIN	False	NULL	DTC	0.4526523382387456
2066	ERBB4	7.774e-13	7.0695	LAPATINIB	True	NULL	DoCM	0.1752202599633854
2066	ERBB4	7.774e-13	7.0695	CENISERTIB	False	NULL	DTC	0.007672074
2066	ERBB4	7.774e-13	7.0695	SB220025	False	NULL	DTC	0.029203377
2066	ERBB4	7.774e-13	7.0695	DACOMITINIB ANHYDROUS	True	inhibitor	MyCancerGenomeClinicalTrial	0.7544205637312429
2066	ERBB4	7.774e-13	7.0695	GEFITINIB	True	NULL	PharmGKB	0.039939912
2066	ERBB4	7.774e-13	7.0695	GEFITINIB	True	inhibitor	MyCancerGenomeClinicalTrial	0.039939912
2066	ERBB4	7.774e-13	7.0695	NEUREGULIN-2	False	NULL	GuideToPharmacology	0.4526523382387456
2066	ERBB4	7.774e-13	7.0695	XILIERTINIB	False	inhibitor	GuideToPharmacology	0.1508841127462485
2066	ERBB4	7.774e-13	7.0695	BMS-599626	False	inhibitor	GuideToPharmacology	0.3621218705909966
2066	ERBB4	7.774e-13	7.0695	ACALABRUTINIB	True	inhibitor	GuideToPharmacology	0.053253216
2066	ERBB4	7.774e-13	7.0695	CURCUMIN	True	NULL	DTC	0.027433475
2066	ERBB4	7.774e-13	7.0695	NERATINIB MALEATE	True	inhibitor	ChEMBL	0.3017682254924971
2066	ERBB4	7.774e-13	7.0695	SP-600125	False	NULL	DTC	0.010171963
2066	ERBB4	7.774e-13	7.0695	NEUREGULIN-4	False	NULL	GuideToPharmacology	0.9053046764774912
2066	ERBB4	7.774e-13	7.0695	LAPATINIB	True	NULL	CIViC	0.1752202599633854
2066	ERBB4	7.774e-13	7.0695	POZIOTINIB	False	inhibitor	GuideToPharmacology	0.4526523382387456
2066	ERBB4	7.774e-13	7.0695	NERATINIB	True	inhibitor	ChEMBL	0.06466462
2066	ERBB4	7.774e-13	7.0695	PELITINIB	False	inhibitor	TALC	0.4526523382387456
2066	ERBB4	7.774e-13	7.0695	AFATINIB	True	NULL	CGI	0.095295229
2066	ERBB4	7.774e-13	7.0695	LAUROGUADINE	False	NULL	DTC	0.03233231
2066	ERBB4	7.774e-13	7.0695	PELITINIB	False	inhibitor	MyCancerGenome	0.4526523382387456
2066	ERBB4	7.774e-13	7.0695	BMS-599626	False	inhibitor	TALC	0.6035364509849942
2066	ERBB4	7.774e-13	7.0695	CIMAGLERMIN ALFA	False	NULL	TdgClinicalTrial	0.3017682254924971
2066	ERBB4	7.774e-13	7.0695	AFATINIB	True	NULL	CIViC	0.095295229
2066	ERBB4	7.774e-13	7.0695	TARLOXOTINIB	False	inhibitor	ChEMBL	0.2263261691193728
2066	ERBB4	7.774e-13	7.0695	AEE788	False	inhibitor	GuideToPharmacology	0.1293292394967844
2066	ERBB4	7.774e-13	7.0695	NVP-TAE684	False	NULL	DTC	0.008789366
2066	ERBB4	7.774e-13	7.0695	PALIPERIDONE	True	NULL	PharmGKB	0.1508841127462485
2066	ERBB4	7.774e-13	7.0695	LAPATINIB	True	NULL	PharmGKB	0.1752202599633854
2066	ERBB4	7.774e-13	7.0695	LAPATINIB	True	NULL	DTC	0.1752202599633854
2066	ERBB4	7.774e-13	7.0695	LAPATINIB	True	NULL	CGI	0.1752202599633854
2066	ERBB4	7.774e-13	7.0695	CANERTINIB DIHYDROCHLORIDE	False	inhibitor	ChEMBL	0.1810609352954983
2066	ERBB4	7.774e-13	7.0695	DACOMITINIB ANHYDROUS	True	inhibitor	MyCancerGenome	0.7544205637312429
2066	ERBB4	7.774e-13	7.0695	DACOMITINIB ANHYDROUS	True	NULL	TdgClinicalTrial	0.7544205637312429
2066	ERBB4	7.774e-13	7.0695	WZ4002	False	inhibitor	GuideToPharmacology	0.1293292394967844
2066	ERBB4	7.774e-13	7.0695	EGFR/ERBB-2/ERBB-4 INHIBITOR	False	inhibitor	GuideToPharmacology	0.3017682254924971
2066	ERBB4	7.774e-13	7.0695	RG-1530	False	NULL	DTC	0.009630901
2066	ERBB4	7.774e-13	7.0695	JNJ-26483327	False	inhibitor	ChEMBL	0.100589408
2066	ERBB4	7.774e-13	7.0695	ILORASERTIB	False	NULL	DTC	0.007804351
2066	ERBB4	7.774e-13	7.0695	KBP5209	False	inhibitor	ChEMBL	0.2263261691193728
2066	ERBB4	7.774e-13	7.0695	COMPOUND 38 [PMID: 24915291]	False	inhibitor	GuideToPharmacology	0.1131630845596864
2066	ERBB4	7.774e-13	7.0695	ERLOTINIB	True	NULL	PharmGKB	0.030688294
2066	ERBB4	7.774e-13	7.0695	COMPOUND 9 [PMID: 26006010]	False	inhibitor	GuideToPharmacology	0.1508841127462485
2066	ERBB4	7.774e-13	7.0695	VANDETANIB	True	inhibitor	ChEMBL	0.015608701
2066	ERBB4	7.774e-13	7.0695	ERLOTINIB	True	NULL	DTC	0.030688294
2066	ERBB4	7.774e-13	7.0695	BMS-599626	False	inhibitor	MyCancerGenome	0.6035364509849942
2066	ERBB4	7.774e-13	7.0695	POZIOTINIB	False	inhibitor	MyCancerGenomeClinicalTrial	0.4526523382387456
2066	ERBB4	7.774e-13	7.0695	DASATINIB ANHYDROUS	True	NULL	DTC	0.011757204
2066	ERBB4	7.774e-13	7.0695	BIX02189	False	inhibitor	GuideToPharmacology	0.3017682254924971
2066	ERBB4	7.774e-13	7.0695	TAMATINIB	False	NULL	DTC	0.011176601
2066	ERBB4	7.774e-13	7.0695	CEDIRANIB	False	NULL	DTC	0.016460085
2066	ERBB4	7.774e-13	7.0695	BMS-690514	False	inhibitor	ChEMBL	0.3017682254924971
2066	ERBB4	7.774e-13	7.0695	TAK-715	False	NULL	DTC	0.037721028
2066	ERBB4	7.774e-13	7.0695	GEFITINIB	True	NULL	DTC	0.039939912
2066	ERBB4	7.774e-13	7.0695	DACOMITINIB ANHYDROUS	True	inhibitor	ChEMBL	0.7544205637312429
2066	ERBB4	7.774e-13	7.0695	CHEMBL:CHEMBL578061	False	NULL	DTC	0.036212187
2066	ERBB4	7.774e-13	7.0695	BMS-690514	False	inhibitor	MyCancerGenome	0.3017682254924971
2066	ERBB4	7.774e-13	7.0695	NEUREGULIN-1	False	NULL	GuideToPharmacology	0.4526523382387456
2066	ERBB4	7.774e-13	7.0695	DACOMITINIB ANHYDROUS	True	inhibitor	GuideToPharmacology	0.7544205637312429
2066	ERBB4	7.774e-13	7.0695	IBRUTINIB	True	inhibitor	GuideToPharmacology	0.027433475
2066	ERBB4	7.774e-13	7.0695	DIMETHYLCURCUMIN	False	NULL	DTC	0.3621218705909966
2066	ERBB4	7.774e-13	7.0695	EPIREGULIN	False	NULL	GuideToPharmacology	0.4526523382387456
547	KIF1A	2.0358e-06	4.6077	RY796	False	inhibitor	GuideToPharmacology	4.375639269641208
547	KIF1A	2.0358e-06	4.6077	QUININE	True	blocker	GuideToPharmacology	0.6731752722524936
547	KIF1A	2.0358e-06	4.6077	TETRAMETHYLAMMONIUM	False	blocker	GuideToPharmacology	0.4861821410712454
547	KIF1A	2.0358e-06	4.6077	RY785	False	inhibitor	GuideToPharmacology	4.375639269641208
547	KIF1A	2.0358e-06	4.6077	DALFAMPRIDINE	True	blocker	GuideToPharmacology	0.182318303
547	KIF1A	2.0358e-06	4.6077	GXTX-1E	False	inhibitor	GuideToPharmacology	4.375639269641208
152330	CNTN4	3.7237e-10	6.1563	ZIPRASIDONE	True	NULL	PharmGKB	3.387591692625451
788	SLC25A20	3.2066e-08	5.4069	SULCARDINE SULFATE	False	NULL	TTD	1.166837138570988
788	SLC25A20	3.2066e-08	5.4069	LEVOCARNITINE PROPIONATE	False	NULL	TdgClinicalTrial	0.4375639269641208
788	SLC25A20	3.2066e-08	5.4069	ARVERAPAMIL	False	NULL	TTD	0.3500511415712967
788	SLC25A20	3.2066e-08	5.4069	NICARDIPINE	True	NULL	TTD	0.2187819634820604
788	SLC25A20	3.2066e-08	5.4069	NULL	False	NULL	TTD	NULL
788	SLC25A20	3.2066e-08	5.4069	NULL	False	NULL	TTD	NULL
788	SLC25A20	3.2066e-08	5.4069	NISOLDIPINE	True	NULL	TTD	0.2059124362184098
788	SLC25A20	3.2066e-08	5.4069	ELPETRIGINE	False	NULL	TTD	0.3889457128569963
788	SLC25A20	3.2066e-08	5.4069	BUDIODARONE	False	NULL	TTD	0.5834185692854944
788	SLC25A20	3.2066e-08	5.4069	FELODIPINE	True	NULL	TTD	0.2059124362184098
788	SLC25A20	3.2066e-08	5.4069	NULL	False	NULL	TTD	NULL
788	SLC25A20	3.2066e-08	5.4069	NIMODIPINE	True	NULL	TTD	0.1842374429322614
788	SLC25A20	3.2066e-08	5.4069	NULL	False	NULL	TTD	NULL
788	SLC25A20	3.2066e-08	5.4069	NULL	False	NULL	TTD	NULL
788	SLC25A20	3.2066e-08	5.4069	BEPRIDIL	True	NULL	TTD	0.2917092846427472
788	SLC25A20	3.2066e-08	5.4069	TETRANDRINE	False	NULL	TTD	1.166837138570988
788	SLC25A20	3.2066e-08	5.4069	ISRADIPINE	True	NULL	TTD	0.2917092846427472
788	SLC25A20	3.2066e-08	5.4069	CLEVIDIPINE	True	NULL	TTD	0.5000730593875666
788	SLC25A20	3.2066e-08	5.4069	DIPROTEVERINE	False	NULL	TTD	3.500511415712966
788	SLC25A20	3.2066e-08	5.4069	NEXOPAMIL	False	NULL	TTD	3.500511415712966
54681	P4HTM	5.0242e-09	5.7299	ROXADUSTAT	True	inhibitor	ChEMBL	4.375639269641208
54681	P4HTM	5.0242e-09	5.7299	DAPRODUSTAT	True	inhibitor	ChEMBL	5.250767124
3913	LAMB2	6.7168e-15	7.7016	OCRIPLASMIN	True	cleavage	ChEMBL	1.381780822
2876	GPX1	5.2199e-09	5.7234	GP-120 ANTIGEN	False	NULL	NCI	4.039051633514962
2876	GPX1	5.2199e-09	5.7234	KL044	False	NULL	GuideToPharmacology	26.25383561784724
387	RHOA	5e-10	6.1094	ROTTLERIN	False	NULL	DTC	1.154014752432846
387	RHOA	5e-10	6.1094	PRAVASTATIN SODIUM	True	NULL	PharmGKB	0.5556367326528519
387	RHOA	5e-10	6.1094	QUINIDINE	True	blocker	GuideToPharmacology	0.375054795
387	RHOA	5e-10	6.1094	CLAUSINE E	False	NULL	DTC	15.00219178
387	RHOA	5e-10	6.1094	SIMVASTATIN	True	NULL	PharmGKB	0.300043836
387	RHOA	5e-10	6.1094	NS004	False	activator	GuideToPharmacology	2.500365296937833
387	RHOA	5e-10	6.1094	NS1619	False	activator	GuideToPharmacology	1.500219178
275	AMT	1.5563e-06	4.6633	SPM-354	False	inhibitor	GuideToPharmacology	0.750109589
275	AMT	1.5563e-06	4.6633	W146	False	inhibitor	GuideToPharmacology	1.500219178
275	AMT	1.5563e-06	4.6633	SPHINGOSINE 1-PHOSPHATE	False	agonist	GuideToPharmacology	0.1666910197958555
275	AMT	1.5563e-06	4.6633	A-971432	False	agonist	GuideToPharmacology	0.750109589
275	AMT	1.5563e-06	4.6633	SAR247799	False	agonist	GuideToPharmacology	0.750109589
275	AMT	1.5563e-06	4.6633	FINGOLIMOD-PHOSPHATE	False	agonist	GuideToPharmacology	0.300043836
275	AMT	1.5563e-06	4.6633	AFD(R)	False	agonist	GuideToPharmacology	0.375054795
275	AMT	1.5563e-06	4.6633	ASP4058	False	agonist	GuideToPharmacology	0.375054795
275	AMT	1.5563e-06	4.6633	RP-101075	False	agonist	GuideToPharmacology	0.750109589
275	AMT	1.5563e-06	4.6633	VPC44116	False	inhibitor	GuideToPharmacology	0.5000730593875666
275	AMT	1.5563e-06	4.6633	SEW2871	False	agonist	GuideToPharmacology	1.500219178
275	AMT	1.5563e-06	4.6633	RP-001	False	agonist	GuideToPharmacology	1.500219178
275	AMT	1.5563e-06	4.6633	BMS-986104 DERIVATIVE 24	False	agonist	GuideToPharmacology	1.500219178
275	AMT	1.5563e-06	4.6633	CYM5442	False	agonist	GuideToPharmacology	1.500219178
275	AMT	1.5563e-06	4.6633	COMPOUND 43 [PMID: 26751273]	False	agonist	GuideToPharmacology	0.300043836
275	AMT	1.5563e-06	4.6633	FINGOLIMOD	True	agonist	GuideToPharmacology	0.375054795
275	AMT	1.5563e-06	4.6633	VPC03090-P	False	inhibitor	GuideToPharmacology	0.375054795
275	AMT	1.5563e-06	4.6633	BMS-986104 DERIVATIVE 12	False	agonist	GuideToPharmacology	1.500219178
275	AMT	1.5563e-06	4.6633	ST-2191	False	agonist	GuideToPharmacology	1.500219178
275	AMT	1.5563e-06	4.6633	AMISELIMOD PHOSPHATE	False	agonist	GuideToPharmacology	1.500219178
275	AMT	1.5563e-06	4.6633	PONESIMOD	True	agonist	GuideToPharmacology	0.300043836
275	AMT	1.5563e-06	4.6633	GSK-2018682	False	agonist	GuideToPharmacology	0.5000730593875666
275	AMT	1.5563e-06	4.6633	COMPOUND 26 [PMID: 16190743]	False	agonist	GuideToPharmacology	0.375054795
275	AMT	1.5563e-06	4.6633	SIPONIMOD	True	agonist	GuideToPharmacology	0.2500365296937833
275	AMT	1.5563e-06	4.6633	CYM5181	False	agonist	GuideToPharmacology	1.500219178
275	AMT	1.5563e-06	4.6633	AUY954	False	agonist	GuideToPharmacology	0.750109589
275	AMT	1.5563e-06	4.6633	ETRASIMOD	True	agonist	GuideToPharmacology	0.300043836
275	AMT	1.5563e-06	4.6633	ST-1505	False	agonist	GuideToPharmacology	0.750109589
275	AMT	1.5563e-06	4.6633	ICANBELIMOD	False	agonist	GuideToPharmacology	1.500219178
275	AMT	1.5563e-06	4.6633	CENERIMOD	False	agonist	GuideToPharmacology	1.500219178
275	AMT	1.5563e-06	4.6633	OZANIMOD	True	agonist	GuideToPharmacology	0.2500365296937833
275	AMT	1.5563e-06	4.6633	NIBR-0213	False	inhibitor	GuideToPharmacology	1.500219178
275	AMT	1.5563e-06	4.6633	VPC23019	False	inhibitor	GuideToPharmacology	0.750109589
275	AMT	1.5563e-06	4.6633	BMS-986166	False	agonist	GuideToPharmacology	1.500219178
275	AMT	1.5563e-06	4.6633	ST-1478	False	agonist	GuideToPharmacology	0.750109589
1605	DAG1	5.6299e-13	7.1142	UAMC00039	False	inhibitor	GuideToPharmacology	52.50767123569449
327	APEH	1.5298e-10	6.2957	2MESATP	False	agonist	GuideToPharmacology	0.5147810905460244
327	APEH	1.5298e-10	6.2957	NF546	False	agonist	GuideToPharmacology	3.088686543276147
327	APEH	1.5298e-10	6.2957	BZATP	False	agonist	GuideToPharmacology	0.6177373086552295
327	APEH	1.5298e-10	6.2957	ADP&BETA;S	False	agonist	GuideToPharmacology	0.7721716358190367
327	APEH	1.5298e-10	6.2957	DATP	False	agonist	GuideToPharmacology	3.088686543276147
327	APEH	1.5298e-10	6.2957	SURAMIN	False	inhibitor	GuideToPharmacology	0.081281225
327	APEH	1.5298e-10	6.2957	ATP&GAMMA;S	False	agonist	GuideToPharmacology	1.029562181092048
327	APEH	1.5298e-10	6.2957	NF340	False	inhibitor	GuideToPharmacology	3.088686543276147
327	APEH	1.5298e-10	6.2957	NADIDE	False	agonist	GuideToPharmacology	1.544343271638073
327	APEH	1.5298e-10	6.2957	NF157	False	inhibitor	GuideToPharmacology	3.088686543276147
327	APEH	1.5298e-10	6.2957	ADP	False	agonist	GuideToPharmacology	0.4412409347537352
327	APEH	1.5298e-10	6.2957	ADENOSINE TRIPHOSPHATE	True	agonist	GuideToPharmacology	0.1816874437221263
327	APEH	1.5298e-10	6.2957	VALPROIC ACID	True	NULL	PharmGKB	0.1083749664307419
327	APEH	1.5298e-10	6.2957	REACTIVE BLUE-2	False	inhibitor	GuideToPharmacology	0.7721716358190367
327	APEH	1.5298e-10	6.2957	URIDINE 5'-TRIPHOSPHATE	False	agonist	GuideToPharmacology	0.7721716358190367
327	APEH	1.5298e-10	6.2957	NAADP	False	agonist	GuideToPharmacology	1.544343271638073
327	APEH	1.5298e-10	6.2957	AR-C67085	False	agonist	GuideToPharmacology	1.544343271638073
4485	MST1	4.996e-15	7.7394	TRETINOIN	True	NULL	NCI	1.154014752432846
4486	MST1R	1.3829e-06	4.6875	CHEMBL:CHEMBL379975	False	NULL	DTC	0.049723174
4486	MST1R	1.3829e-06	4.6875	BMS-754807	False	NULL	DTC	0.4861821410712454
4486	MST1R	1.3829e-06	4.6875	BARASERTIB-HQPA	False	NULL	DTC	0.095122593
4486	MST1R	1.3829e-06	4.6875	NARNATUMAB	False	inhibitor	ChEMBL	2.187819634820604
4486	MST1R	1.3829e-06	4.6875	GLESATINIB	False	inhibitor	TALC	0.6563458904461812
4486	MST1R	1.3829e-06	4.6875	MK-2461	False	NULL	TTD	0.091159151
4486	MST1R	1.3829e-06	4.6875	TOZASERTIB	False	NULL	DTC	0.029970132
4486	MST1R	1.3829e-06	4.6875	NULL	False	NULL	TTD	NULL
4486	MST1R	1.3829e-06	4.6875	NULL	False	NULL	TTD	NULL
4486	MST1R	1.3829e-06	4.6875	NVP-TAE684	False	NULL	DTC	0.021240967
4486	MST1R	1.3829e-06	4.6875	DOVITINIB	False	NULL	DTC	0.021661581
4486	MST1R	1.3829e-06	4.6875	ALSTERPAULLONE	False	NULL	DTC	0.042073455
4486	MST1R	1.3829e-06	4.6875	SOTRASTAURIN	False	NULL	DTC	0.035865896
4486	MST1R	1.3829e-06	4.6875	MK-8033	False	inhibitor	ChEMBL	1.093909817410302
4486	MST1R	1.3829e-06	4.6875	GLESATINIB	False	inhibitor	ChEMBL	0.6563458904461812
4486	MST1R	1.3829e-06	4.6875	GLESATINIB	False	NULL	TdgClinicalTrial	0.6563458904461812
4486	MST1R	1.3829e-06	4.6875	CENISERTIB	False	NULL	DTC	0.018540844
4486	MST1R	1.3829e-06	4.6875	PALBOCICLIB	True	NULL	DTC	0.04464938
4486	MST1R	1.3829e-06	4.6875	PD-0166285	False	NULL	DTC	0.042073455
4486	MST1R	1.3829e-06	4.6875	ILORASERTIB	False	NULL	DTC	0.018860514
4486	MST1R	1.3829e-06	4.6875	RG-1530	False	NULL	DTC	0.023274677
4486	MST1R	1.3829e-06	4.6875	ENTRECTINIB	True	NULL	DTC	0.038382801
4486	MST1R	1.3829e-06	4.6875	CHEMBL:CHEMBL1997335	False	NULL	DTC	0.052090944
4486	MST1R	1.3829e-06	4.6875	CEDIRANIB	False	NULL	DTC	0.039778539
4486	MST1R	1.3829e-06	4.6875	PF-562271	False	NULL	DTC	0.020257589
4486	MST1R	1.3829e-06	4.6875	LINIFANIB	False	NULL	DTC	0.027347745
4486	MST1R	1.3829e-06	4.6875	JNJ-7706621	False	NULL	DTC	0.039778539
4486	MST1R	1.3829e-06	4.6875	FORETINIB	False	inhibitor	TALC	0.1151484018326633
54106	TLR9	2.0176e-07	5.0673	EMD-1201081	False	agonist	ChEMBL	1.544343271638073
54106	TLR9	2.0176e-07	5.0673	DEMETHOXYCURCUMIN	False	NULL	DTC	0.2573905452730122
54106	TLR9	2.0176e-07	5.0673	TLR-DIRECTED CATIONIC LIPID-DNA COMPLEX JVRS-100	False	NULL	TTD	3.088686543276147
54106	TLR9	2.0176e-07	5.0673	NULL	False	NULL	TTD	NULL
54106	TLR9	2.0176e-07	5.0673	CHEMBL:CHEMBL429095	False	NULL	DTC	0.030886865
54106	TLR9	2.0176e-07	5.0673	LEFITOLIMOD	False	agonist	ChEMBL	4.633029815
54106	TLR9	2.0176e-07	5.0673	TLR AGONIST CADI-05	False	NULL	TTD	1.029562181092048
54106	TLR9	2.0176e-07	5.0673	IMO-2055	False	NULL	TTD	1.544343271638073
54106	TLR9	2.0176e-07	5.0673	ALEXIDINE HYDROCHLORIDE	False	NULL	DTC	0.090843722
54106	TLR9	2.0176e-07	5.0673	HYDROXYCHLOROQUINE	True	NULL	TdgClinicalTrial	0.085796848
54106	TLR9	2.0176e-07	5.0673	INFLIXIMAB-DYYB	True	NULL	PharmGKB	0.09963505
54106	TLR9	2.0176e-07	5.0673	GNKG-168	False	NULL	TTD	1.544343271638073
54106	TLR9	2.0176e-07	5.0673	TILSOTOLIMOD	False	agonist	ChEMBL	1.544343271638073
54106	TLR9	2.0176e-07	5.0673	NULL	False	NULL	TTD	NULL
54106	TLR9	2.0176e-07	5.0673	NULL	False	NULL	TTD	NULL
54106	TLR9	2.0176e-07	5.0673	ADALIMUMAB-ADBM	True	NULL	PharmGKB	0.093596562
54106	TLR9	2.0176e-07	5.0673	COBITOLIMOD	False	agonist	ChEMBL	1.544343271638073
54106	TLR9	2.0176e-07	5.0673	MICROPARTICLE MDP/BACTERIAL DNA-CONTAINING MIS416	False	NULL	TTD	0.7721716358190367
54106	TLR9	2.0176e-07	5.0673	CAVROTOLIMOD	False	NULL	TTD	1.544343271638073
54106	TLR9	2.0176e-07	5.0673	CHEMBL:CHEMBL505670	False	NULL	DTC	0.044124093
54106	TLR9	2.0176e-07	5.0673	NULL	False	NULL	TTD	NULL
54106	TLR9	2.0176e-07	5.0673	NULL	False	NULL	TTD	NULL
54106	TLR9	2.0176e-07	5.0673	COBITOLIMOD SODIUM	False	NULL	TdgClinicalTrial	1.544343271638073
54106	TLR9	2.0176e-07	5.0673	CHEMBL:CHEMBL1520346	False	NULL	DTC	0.3088686543276147
54106	TLR9	2.0176e-07	5.0673	THIMEROSAL	True	NULL	DTC	0.06714536
54106	TLR9	2.0176e-07	5.0673	CPG OLIGODEOXYNUCLEOTIDE TLR9 AGONIST DV281	False	NULL	TTD	1.544343271638073
54106	TLR9	2.0176e-07	5.0673	CHLOROQUINE	True	NULL	DTC	0.1930429089547591
54106	TLR9	2.0176e-07	5.0673	TLR9 AGONIST SD-101	False	NULL	TTD	3.088686543276147
54106	TLR9	2.0176e-07	5.0673	TILSOTOLIMOD SODIUM	False	NULL	TTD	3.088686543276147
54106	TLR9	2.0176e-07	5.0673	HYDROXYCHLOROQUINE SULFATE	True	inhibitor	ChEMBL	0.7721716358190367
54106	TLR9	2.0176e-07	5.0673	LEFITOLIMOD	False	NULL	TTD	4.633029815
54106	TLR9	2.0176e-07	5.0673	1018 ISS	False	agonist	ChEMBL	1.544343271638073
54106	TLR9	2.0176e-07	5.0673	NULL	False	NULL	TdgClinicalTrial	NULL
54106	TLR9	2.0176e-07	5.0673	CPG 10101	False	NULL	TdgClinicalTrial	1.544343271638073
54106	TLR9	2.0176e-07	5.0673	NULL	False	NULL	TTD	NULL
54106	TLR9	2.0176e-07	5.0673	NULL	False	NULL	TdgClinicalTrial	NULL
54106	TLR9	2.0176e-07	5.0673	NULL	False	NULL	TdgClinicalTrial	NULL
54106	TLR9	2.0176e-07	5.0673	NULL	False	NULL	TTD	NULL
54106	TLR9	2.0176e-07	5.0673	NULL	False	NULL	TTD	NULL
54106	TLR9	2.0176e-07	5.0673	NULL	False	NULL	TTD	NULL
54106	TLR9	2.0176e-07	5.0673	AGATOLIMOD SODIUM	False	NULL	TdgClinicalTrial	3.088686543276147
54106	TLR9	2.0176e-07	5.0673	VIDUTOLIMOD	False	NULL	TTD	1.544343271638073
54106	TLR9	2.0176e-07	5.0673	BAZLITORAN	False	inhibitor	ChEMBL	0.5147810905460244
54106	TLR9	2.0176e-07	5.0673	LITENIMOD	False	NULL	TTD	1.544343271638073
54106	TLR9	2.0176e-07	5.0673	TILSOTOLIMOD SODIUM	False	agonist	ChEMBL	3.088686543276147
54106	TLR9	2.0176e-07	5.0673	ISS-1018	False	NULL	TdgClinicalTrial	1.544343271638073
54106	TLR9	2.0176e-07	5.0673	NULL	False	NULL	TTD	NULL
54106	TLR9	2.0176e-07	5.0673	NULL	False	NULL	TTD	NULL
54106	TLR9	2.0176e-07	5.0673	AGATOLIMOD SODIUM	True	agonist	ChEMBL	1.544343271638073
54106	TLR9	2.0176e-07	5.0673	NULL	False	NULL	PharmGKB	NULL
54106	TLR9	2.0176e-07	5.0673	NULL	False	NULL	TdgClinicalTrial	NULL
54106	TLR9	2.0176e-07	5.0673	NULL	False	NULL	TTD	NULL
54106	TLR9	2.0176e-07	5.0673	NULL	False	NULL	TTD	NULL
54106	TLR9	2.0176e-07	5.0673	NULL	False	NULL	TTD	NULL
54106	TLR9	2.0176e-07	5.0673	ETANERCEPT-SZZS	True	NULL	PharmGKB	0.1187956362798518
54106	TLR9	2.0176e-07	5.0673	LEFITOLIMOD	False	NULL	TdgClinicalTrial	4.633029815
54106	TLR9	2.0176e-07	5.0673	AGATOLIMOD SODIUM	False	agonist	TALC	3.088686543276147
55193	PBRM1	4.4084e-08	5.3496	SUNITINIB	True	NULL	JAX-CKB	0.1691976516724849
55193	PBRM1	4.4084e-08	5.3496	CDK9 INHIBITOR PRT2527	False	NULL	JAX-CKB	5.527123287967842
55193	PBRM1	4.4084e-08	5.3496	NULL	False	NULL	JAX-CKB	NULL
55193	PBRM1	4.4084e-08	5.3496	EVEROLIMUS	True	NULL	CGI	0.5527123287967842
55193	PBRM1	4.4084e-08	5.3496	EVEROLIMUS	True	NULL	CIViC	0.5527123287967842
55193	PBRM1	4.4084e-08	5.3496	SUNITINIB	True	NULL	CIViC	0.1691976516724849
55193	PBRM1	4.4084e-08	5.3496	DURVALUMAB	True	NULL	CIViC	0.251232877
55193	PBRM1	4.4084e-08	5.3496	ALPRAZOLAM	True	NULL	DTC	0.16256245
55193	PBRM1	4.4084e-08	5.3496	IPILIMUMAB	True	NULL	CIViC	0.4145342465975881
55193	PBRM1	4.4084e-08	5.3496	NIVOLUMAB	True	NULL	JAX-CKB	0.3684748858645228
55193	PBRM1	4.4084e-08	5.3496	PEMBROLIZUMAB	True	NULL	CIViC	0.078958904
55193	PBRM1	4.4084e-08	5.3496	NULL	False	NULL	JAX-CKB	NULL
55193	PBRM1	4.4084e-08	5.3496	CTLA-4-TARGETING AGENT	False	NULL	CIViC	2.763561643983921
55193	PBRM1	4.4084e-08	5.3496	NULL	False	NULL	JAX-CKB	NULL
55193	PBRM1	4.4084e-08	5.3496	NULL	False	NULL	JAX-CKB	NULL
55193	PBRM1	4.4084e-08	5.3496	NIVOLUMAB	True	NULL	CIViC	0.3684748858645228
55193	PBRM1	4.4084e-08	5.3496	FAVIPIRAVIR	False	inhibitor	ChEMBL	1.381780822
55193	PBRM1	4.4084e-08	5.3496	MYELOID CELL LEUKEMIA 1 INHIBITOR PRT1419	False	NULL	JAX-CKB	2.763561643983921
55193	PBRM1	4.4084e-08	5.3496	PAZOPANIB	True	NULL	JAX-CKB	0.095295229
55193	PBRM1	4.4084e-08	5.3496	ANTI-PD-L1 MONOCLONAL ANTIBODY	False	NULL	CIViC	0.9211872146613068
55193	PBRM1	4.4084e-08	5.3496	BELZUTIFAN	True	NULL	JAX-CKB	1.105424657593568
55193	PBRM1	4.4084e-08	5.3496	APITOLISIB	False	NULL	JAX-CKB	0.2047082699247349
55193	PBRM1	4.4084e-08	5.3496	GSK126	False	NULL	JAX-CKB	1.105424657593568
55193	PBRM1	4.4084e-08	5.3496	IPILIMUMAB	True	NULL	JAX-CKB	0.4145342465975881
55193	PBRM1	4.4084e-08	5.3496	ATEZOLIZUMAB	True	NULL	JAX-CKB	0.3947945205691315
55193	PBRM1	4.4084e-08	5.3496	EVEROLIMUS	True	NULL	JAX-CKB	0.5527123287967842
55193	PBRM1	4.4084e-08	5.3496	CABOZANTINIB S-MALATE	True	NULL	JAX-CKB	0.251232877
55193	PBRM1	4.4084e-08	5.3496	TRIAZOLAM	True	NULL	DTC	0.167488584
55193	PBRM1	4.4084e-08	5.3496	ATEZOLIZUMAB	True	NULL	CIViC	0.3947945205691315
26354	GNL3	6.6499e-08	5.2747	FLUOROURACIL	True	NULL	PharmGKB	0.2941606231691568
26354	GNL3	6.6499e-08	5.2747	CYCLOPHOSPHAMIDE ANHYDROUS	True	NULL	PharmGKB	0.4268916360625569
26354	GNL3	6.6499e-08	5.2747	EPIRUBICIN	True	NULL	PharmGKB	0.9723642821424908
6787	NEK4	3.5998e-08	5.3861	PHA-767491	False	NULL	DTC	0.072324616
6787	NEK4	3.5998e-08	5.3861	GW441756X	False	NULL	DTC	0.073437302
6787	NEK4	3.5998e-08	5.3861	NVP-TAE684	False	NULL	DTC	0.046343929
6787	NEK4	3.5998e-08	5.3861	DOVITINIB	False	NULL	DTC	0.04726163
6787	NEK4	3.5998e-08	5.3861	SP-600125	False	NULL	DTC	0.053633985
6787	NEK4	3.5998e-08	5.3861	CENISERTIB	False	NULL	DTC	0.040452751
6787	NEK4	3.5998e-08	5.3861	TAMATINIB	False	NULL	DTC	0.058931169
6787	NEK4	3.5998e-08	5.3861	SNS-314	False	NULL	DTC	0.1136529680426287
6787	NEK4	3.5998e-08	5.3861	ILORASERTIB	False	NULL	DTC	0.041150213
6787	NEK4	3.5998e-08	5.3861	BAY 61-3606	False	NULL	DTC	0.1164249916534246
6787	NEK4	3.5998e-08	5.3861	CYC-116	False	NULL	DTC	0.049210563
3699	ITIH3	8.0019e-07	4.7983	CLOZAPINE	True	NULL	PharmGKB	1.082632396612257
2272	FHIT	9.5647e-08	5.2076	TRICHOSTATIN A	False	NULL	NCI	0.8751278539282418
2272	FHIT	9.5647e-08	5.2076	FRUCTOSE	True	NULL	TTD	4.375639269641208
2272	FHIT	9.5647e-08	5.2076	ANTIDEPRESSANT AGENT	False	NULL	PharmGKB	0.3365876361262468
2272	FHIT	9.5647e-08	5.2076	SBP-7455	False	inhibitor	GuideToPharmacology	4.375639269641208
2272	FHIT	9.5647e-08	5.2076	INTERFERON BETA-1B	True	NULL	PharmGKB	1.750255707856483
2272	FHIT	9.5647e-08	5.2076	INTERFERON BETA-1A	True	NULL	PharmGKB	1.166837138570988
4154	MBNL1	6.2457e-08	5.2862	LOMOFUNGIN	False	NULL	DTC	0.2917092846427472
4154	MBNL1	6.2457e-08	5.2862	AZELAIC ACID	True	NULL	DTC	4.375639269641208
4154	MBNL1	6.2457e-08	5.2862	CHEMBL:CHEMBL600309	False	NULL	DTC	2.187819634820604
4154	MBNL1	6.2457e-08	5.2862	CHEMBL:CHEMBL429095	False	NULL	DTC	0.087512785
4154	MBNL1	6.2457e-08	5.2862	CHEMBL:CHEMBL588234	False	NULL	DTC	1.458546423213736
4154	MBNL1	6.2457e-08	5.2862	MITOXANTRONE	True	NULL	DTC	0.099446347
4154	MBNL1	6.2457e-08	5.2862	EPINEPHRINE BITARTRATE	True	NULL	DTC	0.2573905452730122
4154	MBNL1	6.2457e-08	5.2862	NOREPINEPHRINE	True	NULL	DTC	0.1367387271762877
4154	MBNL1	6.2457e-08	5.2862	MITOXANTRONE HYDROCHLORIDE	True	NULL	DTC	0.1367387271762877
4154	MBNL1	6.2457e-08	5.2862	CHEMBL:CHEMBL2374078	False	NULL	DTC	2.187819634820604
4154	MBNL1	6.2457e-08	5.2862	LAPACHONE	False	NULL	DTC	0.1682938180631234
4154	MBNL1	6.2457e-08	5.2862	RAMATROBAN	False	NULL	DTC	0.6250913242344582
9575	CLOCK	6.8135e-08	5.2702	ALBUTEROL SULFATE	True	NULL	PharmGKB	8.078103267029924
55534	MAML3	1.6196e-13	7.2841	PERPHENAZINE	True	NULL	PharmGKB	4.039051633514962
108	ADCY2	1.0881e-06	4.7363	CHEMBL:CHEMBL401844	False	NULL	DTC	6.563458904461812
108	ADCY2	1.0881e-06	4.7363	NULL	False	NULL	PharmGKB	NULL
108	ADCY2	1.0881e-06	4.7363	DERIVATIVE 17 [NAKAHATA ET AL., 2018]	False	agonist	GuideToPharmacology	13.12691780892362
108	ADCY2	1.0881e-06	4.7363	LITHIUM	True	NULL	PharmGKB	0.6250913242344582
108	ADCY2	1.0881e-06	4.7363	COMPOUND 7A [PMID: 24884590]	False	agonist	GuideToPharmacology	13.12691780892362
108	ADCY2	1.0881e-06	4.7363	NULL	False	NULL	PharmGKB	NULL
51194	IPO11	2.3723e-07	5.0364	MKC-1	False	NULL	TdgClinicalTrial	4.773424657790409
1946	EFNA5	1.1359e-06	4.7276	CCT244747	False	inhibitor	GuideToPharmacology	13.12691780892362
2890	GRIA1	4.9956e-08	5.3269	PHENOBARBITAL	True	NULL	TEND	0.08914715
2890	GRIA1	4.9956e-08	5.3269	NEOCEPTIN-3	False	agonist	GuideToPharmacology	0.8468979231563628
2890	GRIA1	4.9956e-08	5.3269	NULL	False	NULL	PharmGKB	NULL
2890	GRIA1	4.9956e-08	5.3269	SELURAMPANEL	False	NULL	TdgClinicalTrial	0.4234489615781814
2890	GRIA1	4.9956e-08	5.3269	DESFLURANE	True	NULL	TEND	0.112919723
2890	GRIA1	4.9956e-08	5.3269	MK-8777	False	positive modulator	ChEMBL	0.4234489615781814
2890	GRIA1	4.9956e-08	5.3269	ANESTHETIC AGENT	False	NULL	NCI	0.3387591692625452
2890	GRIA1	4.9956e-08	5.3269	PESAMPATOR	False	positive modulator	ChEMBL	0.4234489615781814
2890	GRIA1	4.9956e-08	5.3269	L6H21	False	inhibitor	GuideToPharmacology	1.693795846312725
2890	GRIA1	4.9956e-08	5.3269	PERAMPANEL	True	NULL	TTD	1.270346884734544
2890	GRIA1	4.9956e-08	5.3269	ZONAMPANEL	False	inhibitor	ChEMBL	0.4234489615781814
2890	GRIA1	4.9956e-08	5.3269	SODIUM CHLORIDE	True	NULL	NCI	0.1209854175937661
2890	GRIA1	4.9956e-08	5.3269	TEZAMPANEL	False	NULL	TdgClinicalTrial	0.3763990769583835
2890	GRIA1	4.9956e-08	5.3269	IRAMPANEL	False	inhibitor	ChEMBL	0.1209854175937661
2890	GRIA1	4.9956e-08	5.3269	SELURAMPANEL	False	inhibitor	ChEMBL	0.1881995384791917
2890	GRIA1	4.9956e-08	5.3269	TOPIRAMATE	True	inhibitor	ChEMBL	0.03849536
2890	GRIA1	4.9956e-08	5.3269	TALAMPANEL	False	inhibitor	ChEMBL	0.8468979231563628
2890	GRIA1	4.9956e-08	5.3269	SEVOFLURANE	True	NULL	TdgClinicalTrial	0.091556532
2890	GRIA1	4.9956e-08	5.3269	TAK-653	False	positive modulator	ChEMBL	0.4234489615781814
2890	GRIA1	4.9956e-08	5.3269	ISOFLURANE	True	NULL	TdgClinicalTrial	0.1092771513750145
2890	GRIA1	4.9956e-08	5.3269	DESFLURANE	True	NULL	TdgClinicalTrial	0.112919723
2890	GRIA1	4.9956e-08	5.3269	PERAMPANEL	True	NULL	TdgClinicalTrial	1.270346884734544
2890	GRIA1	4.9956e-08	5.3269	BECAMPANEL	False	inhibitor	ChEMBL	0.4234489615781814
2890	GRIA1	4.9956e-08	5.3269	MIBAMPATOR	False	positive modulator	ChEMBL	0.4234489615781814
2890	GRIA1	4.9956e-08	5.3269	RECOMBINANT FIBROBLAST GROWTH FACTOR 2	False	NULL	NCI	0.3079628811477683
2890	GRIA1	4.9956e-08	5.3269	PHENOBARBITAL	True	NULL	TdgClinicalTrial	0.08914715
2890	GRIA1	4.9956e-08	5.3269	NBQX	False	NULL	TTD	0.1058622403945453
2890	GRIA1	4.9956e-08	5.3269	CX1739	False	positive modulator	ChEMBL	0.4234489615781814
2890	GRIA1	4.9956e-08	5.3269	TALAMPANEL	False	NULL	TdgClinicalTrial	0.8468979231563628
2890	GRIA1	4.9956e-08	5.3269	ASPARAGINASE	True	NULL	PharmGKB	0.1881995384791917
2890	GRIA1	4.9956e-08	5.3269	CX-717	False	NULL	TdgClinicalTrial	0.4234489615781814
2890	GRIA1	4.9956e-08	5.3269	FARAMPATOR	False	positive modulator	ChEMBL	0.4234489615781814
2890	GRIA1	4.9956e-08	5.3269	ISOFLURANE	True	NULL	TEND	0.1092771513750145
2890	GRIA1	4.9956e-08	5.3269	SEVOFLURANE	True	NULL	TEND	0.091556532
2890	GRIA1	4.9956e-08	5.3269	TEZAMPANEL	False	inhibitor	ChEMBL	0.3763990769583835
2890	GRIA1	4.9956e-08	5.3269	ENFLURANE	True	NULL	TEND	0.1092771513750145
2890	GRIA1	4.9956e-08	5.3269	HALOPERIDOL DECANOATE	True	NULL	PharmGKB	0.08914715
2890	GRIA1	4.9956e-08	5.3269	ENFLURANE	True	NULL	TdgClinicalTrial	0.1092771513750145
2890	GRIA1	4.9956e-08	5.3269	HALOPERIDOL DECANOATE	True	NULL	NCI	0.08914715
2890	GRIA1	4.9956e-08	5.3269	DASOLAMPANEL	False	inhibitor	ChEMBL	0.3387591692625452
2890	GRIA1	4.9956e-08	5.3269	NULL	False	NULL	TdgClinicalTrial	NULL
2890	GRIA1	4.9956e-08	5.3269	PERAMPANEL	True	inhibitor	ChEMBL	1.270346884734544
2890	GRIA1	4.9956e-08	5.3269	PIRACETAM	False	NULL	DTC	0.6775183385250904
696	BTN1A1	8.4605e-10	6.0249	HG2+	False	inhibitor	GuideToPharmacology	2.625383561784725
696	BTN1A1	8.4605e-10	6.0249	PHLORETIN	False	inhibitor	GuideToPharmacology	5.250767124
7718	ZNF165	3.6725e-08	5.3825	NULL	False	NULL	PharmGKB	NULL
780	DDR1	9.4579e-07	4.7647	NULL	False	NULL	TTD	NULL
780	DDR1	9.4579e-07	4.7647	NULL	False	NULL	TTD	NULL
780	DDR1	9.4579e-07	4.7647	IMATINIB	True	NULL	TdgClinicalTrial	0.7001022831425933
780	DDR1	9.4579e-07	4.7647	NULL	False	NULL	TTD	NULL
780	DDR1	9.4579e-07	4.7647	NULL	False	NULL	TTD	NULL
780	DDR1	9.4579e-07	4.7647	NULL	False	NULL	TTD	NULL
780	DDR1	9.4579e-07	4.7647	PAK-104P	False	inhibitor	GuideToPharmacology	26.25383561784724
780	DDR1	9.4579e-07	4.7647	IMATINIB	True	NULL	TEND	0.7001022831425933
780	DDR1	9.4579e-07	4.7647	NULL	False	NULL	TTD	NULL
780	DDR1	9.4579e-07	4.7647	NULL	False	NULL	TTD	NULL
780	DDR1	9.4579e-07	4.7647	NULL	False	NULL	TTD	NULL
3106	HLA-B	4.1254e-07	4.9293	CARBIMAZOLE	True	NULL	PharmGKB	0.6908904109959803
3106	HLA-B	4.1254e-07	4.9293	NULL	False	NULL	PharmGKB	NULL
3106	HLA-B	4.1254e-07	4.9293	CLINDAMYCIN	True	NULL	PharmGKB	0.5527123287967842
3106	HLA-B	4.1254e-07	4.9293	INTERFERON BETA-1A	True	NULL	PharmGKB	0.1842374429322614
3106	HLA-B	4.1254e-07	4.9293	PENICILLIN V	True	NULL	PharmGKB	1.381780822
3106	HLA-B	4.1254e-07	4.9293	CLAVULANIC ACID	True	NULL	PharmGKB	0.4605936073306534
3106	HLA-B	4.1254e-07	4.9293	LAMIVUDINE	True	NULL	PharmGKB	0.1151484018326633
3106	HLA-B	4.1254e-07	4.9293	PEGINTERFERON ALFA-2A	True	NULL	PharmGKB	0.1429428436543407
3106	HLA-B	4.1254e-07	4.9293	FLOXACILLIN	True	NULL	PharmGKB	1.228249619548409
3106	HLA-B	4.1254e-07	4.9293	ABACAVIR	True	NULL	FDA	2.512328767
3106	HLA-B	4.1254e-07	4.9293	TICLOPIDINE	True	NULL	PharmGKB	0.2125816649218401
3106	HLA-B	4.1254e-07	4.9293	MINOCYCLINE	True	NULL	PharmGKB	0.3454452054979901
3106	HLA-B	4.1254e-07	4.9293	CARBAMAZEPINE	True	NULL	FDA	0.084598826
3106	HLA-B	4.1254e-07	4.9293	CLOZAPINE	True	NULL	PharmGKB	0.071225816
3106	HLA-B	4.1254e-07	4.9293	INFLIXIMAB-DYYB	True	NULL	PharmGKB	0.08914715
3106	HLA-B	4.1254e-07	4.9293	RIBAVIRIN	True	NULL	PharmGKB	0.1090879596309442
3106	HLA-B	4.1254e-07	4.9293	PHENYTOIN SODIUM	True	NULL	FDA	0.032899543
3106	HLA-B	4.1254e-07	4.9293	MEASLES VACCINE	False	NULL	PharmGKB	1.036335616
3106	HLA-B	4.1254e-07	4.9293	FOSPHENYTOIN	True	NULL	PharmGKB	0.2125816649218401
3106	HLA-B	4.1254e-07	4.9293	LAPATINIB	True	NULL	PharmGKB	0.08914715
3106	HLA-B	4.1254e-07	4.9293	PEGINTERFERON ALFA-2B	True	NULL	PharmGKB	0.086361301
3106	HLA-B	4.1254e-07	4.9293	PEGINTERFERON ALFA-2A	True	NULL	PharmGKB	0.1429428436543407
3106	HLA-B	4.1254e-07	4.9293	AMOXICILLIN ANHYDROUS	True	NULL	PharmGKB	0.290901226
3106	HLA-B	4.1254e-07	4.9293	METHIMAZOLE	True	NULL	PharmGKB	0.1973972602845657
3106	HLA-B	4.1254e-07	4.9293	SULFASALAZINE	True	NULL	PharmGKB	0.1151484018326633
3106	HLA-B	4.1254e-07	4.9293	PAZOPANIB	True	NULL	FDA	0.071471422
3106	HLA-B	4.1254e-07	4.9293	ABACAVIR	True	NULL	PharmGKB	2.512328767
3106	HLA-B	4.1254e-07	4.9293	STAVUDINE	True	NULL	PharmGKB	0.2125816649218401
3106	HLA-B	4.1254e-07	4.9293	TRICHLOROETHYLENE	False	NULL	PharmGKB	2.763561643983921
3106	HLA-B	4.1254e-07	4.9293	RECOMBINANT INTERFERON	False	NULL	NCI	0.1771513874348667
3106	HLA-B	4.1254e-07	4.9293	RECOMBINANT INTERFERON	False	NULL	PharmGKB	0.1771513874348667
3106	HLA-B	4.1254e-07	4.9293	VELIMOGENE ALIPLASMID	False	NULL	TTD	1.381780822
3106	HLA-B	4.1254e-07	4.9293	CARBAMAZEPINE	True	NULL	NCI	0.084598826
3106	HLA-B	4.1254e-07	4.9293	SULFAMETHOXAZOLE / TRIMETHOPRIM	False	NULL	PharmGKB	1.842374429322613
3106	HLA-B	4.1254e-07	4.9293	DAPSONE	True	NULL	PharmGKB	0.8793150685403386
3106	HLA-B	4.1254e-07	4.9293	OXCARBAZEPINE	True	NULL	FDA	0.076765601
3106	HLA-B	4.1254e-07	4.9293	NULL	False	NULL	PharmGKB	NULL
3106	HLA-B	4.1254e-07	4.9293	NULL	False	NULL	PharmGKB	NULL
3106	HLA-B	4.1254e-07	4.9293	NULL	False	NULL	PharmGKB	NULL
3106	HLA-B	4.1254e-07	4.9293	ISONIAZID	True	NULL	PharmGKB	0.3070624048871023
3106	HLA-B	4.1254e-07	4.9293	BACILLUS CALMETTE-GUERIN ANTIGEN	False	NULL	NCI	0.2302968036653267
3106	HLA-B	4.1254e-07	4.9293	PENICILLIN G POTASSIUM	True	NULL	PharmGKB	0.9211872146613068
3106	HLA-B	4.1254e-07	4.9293	PAZOPANIB	True	NULL	PharmGKB	0.071471422
3106	HLA-B	4.1254e-07	4.9293	THALIDOMIDE	True	NULL	NCI	0.074690855
3106	HLA-B	4.1254e-07	4.9293	METHAZOLAMIDE	True	NULL	PharmGKB	1.105424657593568
3106	HLA-B	4.1254e-07	4.9293	ETANERCEPT-SZZS	True	NULL	PharmGKB	0.106290832
3106	HLA-B	4.1254e-07	4.9293	NULL	False	NULL	PharmGKB	NULL
3106	HLA-B	4.1254e-07	4.9293	NULL	False	NULL	PharmGKB	NULL
3106	HLA-B	4.1254e-07	4.9293	FOSPHENYTOIN	True	NULL	FDA	0.2125816649218401
3106	HLA-B	4.1254e-07	4.9293	ACETAZOLAMIDE	True	NULL	PharmGKB	0.1973972602845657
346007	EYS	3.7649e-16	8.0616	NULL	False	NULL	PharmGKB	NULL
346007	EYS	3.7649e-16	8.0616	NULL	False	NULL	PharmGKB	NULL
2045	EPHA7	2.0628e-06	4.605	ZABEDOSERTIB	False	inhibitor	GuideToPharmacology	1.458546423213736
2045	EPHA7	2.0628e-06	4.605	GLPG2534	False	inhibitor	GuideToPharmacology	2.917092846427472
2045	EPHA7	2.0628e-06	4.605	ZOMIRADOMIDE	False	NULL	GuideToPharmacology	2.917092846427472
2045	EPHA7	2.0628e-06	4.605	ND-2158	False	inhibitor	GuideToPharmacology	2.917092846427472
2045	EPHA7	2.0628e-06	4.605	ND-2110	False	inhibitor	GuideToPharmacology	2.917092846427472
2045	EPHA7	2.0628e-06	4.605	IRAK-1/4 INHIBITOR	False	inhibitor	GuideToPharmacology	1.458546423213736
2045	EPHA7	2.0628e-06	4.605	ZIMLOVISERTIB	False	inhibitor	GuideToPharmacology	2.917092846427472
2045	EPHA7	2.0628e-06	4.605	IRAK4 INHIBITOR RAC-45 [PMID: 18501603]	False	inhibitor	GuideToPharmacology	2.917092846427472
2045	EPHA7	2.0628e-06	4.605	WARFARIN	True	NULL	PharmGKB	0.1767935058440892
2045	EPHA7	2.0628e-06	4.605	PF-06426779	False	inhibitor	GuideToPharmacology	2.917092846427472
2045	EPHA7	2.0628e-06	4.605	EMAVUSERTIB	False	inhibitor	GuideToPharmacology	2.917092846427472
2045	EPHA7	2.0628e-06	4.605	EDECESERTIB	False	inhibitor	GuideToPharmacology	2.917092846427472
2045	EPHA7	2.0628e-06	4.605	VANDETANIB	True	inhibitor	ChEMBL	0.050294704
2045	EPHA7	2.0628e-06	4.605	HESPERADIN	False	inhibitor	DTC	0.072927321
2045	EPHA7	2.0628e-06	4.605	IRAK4 INHIBITOR 4B [PMID: 18474425]	False	inhibitor	GuideToPharmacology	2.917092846427472
2045	EPHA7	2.0628e-06	4.605	COMPOUND 7 [WO2012007375]	False	inhibitor	GuideToPharmacology	1.458546423213736
2045	EPHA7	2.0628e-06	4.605	COMPOUND 1 [WO2012007375]	False	inhibitor	GuideToPharmacology	1.458546423213736
2045	EPHA7	2.0628e-06	4.605	TAKINIB	False	inhibitor	GuideToPharmacology	0.729273212
2099	ESR1	9.8491e-14	7.3508	TAMOXIFEN	True	inhibitor	ClearityFoundationClinicalTrial	0.056622219
2099	ESR1	9.8491e-14	7.3508	PALBOCICLIB	True	NULL	CGI	0.020029629
2099	ESR1	9.8491e-14	7.3508	FULVESTRANT	True	NULL	TdgClinicalTrial	0.2044691247495891
2099	ESR1	9.8491e-14	7.3508	CISPLATIN	True	NULL	PharmGKB	0.003384317
2099	ESR1	9.8491e-14	7.3508	EXEMESTANE	True	NULL	FDA	0.072165573
2099	ESR1	9.8491e-14	7.3508	ESTROGEN	True	NULL	TdgClinicalTrial	0.2453629496995069
2099	ESR1	9.8491e-14	7.3508	DOXYCYCLINE ANHYDROUS	True	NULL	PharmGKB	0.021335909
2099	ESR1	9.8491e-14	7.3508	MK-6913	False	agonist	ChEMBL	0.2453629496995069
2099	ESR1	9.8491e-14	7.3508	MK-6913	False	NULL	TdgClinicalTrial	0.2453629496995069
2099	ESR1	9.8491e-14	7.3508	NULL	False	NULL	CGI	NULL
2099	ESR1	9.8491e-14	7.3508	ZEARALENONE	False	NULL	DTC	0.018874073
2099	ESR1	9.8491e-14	7.3508	ZERANOL	False	NULL	DTC	0.03505185
2099	ESR1	9.8491e-14	7.3508	BORIC ACID	True	NULL	DTC	0.2453629496995069
2099	ESR1	9.8491e-14	7.3508	GENTIAN VIOLET CATION	True	NULL	DTC	0.012913839
2099	ESR1	9.8491e-14	7.3508	ALPELISIB	True	NULL	PharmGKB	0.01402074
2099	ESR1	9.8491e-14	7.3508	NULL	False	NULL	TdgClinicalTrial	NULL
2099	ESR1	9.8491e-14	7.3508	NULL	False	NULL	TdgClinicalTrial	NULL
2099	ESR1	9.8491e-14	7.3508	DIENESTROL	True	agonist	ChEMBL	0.1752592497853621
2099	ESR1	9.8491e-14	7.3508	FULVESTRANT	True	inhibitor	ChEMBL	0.2044691247495891
2099	ESR1	9.8491e-14	7.3508	ESTROGENS, CONJUGATED (USP)	True	NULL	TEND	0.1363127498330594
2099	ESR1	9.8491e-14	7.3508	NULL	False	NULL	TTD	NULL
2099	ESR1	9.8491e-14	7.3508	NULL	False	NULL	TTD	NULL
2099	ESR1	9.8491e-14	7.3508	ENDOXIFEN	False	NULL	TTD	0.3271505995993426
2099	ESR1	9.8491e-14	7.3508	FULVESTRANT	True	NULL	DTC	0.2044691247495891
2099	ESR1	9.8491e-14	7.3508	DANAZOL	True	NULL	TdgClinicalTrial	0.061340737
2099	ESR1	9.8491e-14	7.3508	HORMONE THERAPY AGENT	False	NULL	CIViC	0.2453629496995069
2099	ESR1	9.8491e-14	7.3508	DANAZOL	True	NULL	DTC	0.061340737
2099	ESR1	9.8491e-14	7.3508	METHYLISOTHIOCYANATE	False	NULL	DTC	0.2453629496995069
2099	ESR1	9.8491e-14	7.3508	DIETHYLSTILBESTROL DIPROPIONATE	False	NULL	DTC	0.1226814748497534
2099	ESR1	9.8491e-14	7.3508	RALOXIFENE HYDROCHLORIDE	True	NULL	FDA	0.029443554
2099	ESR1	9.8491e-14	7.3508	RITUXIMAB	True	NULL	FDA	0.01090502
2099	ESR1	9.8491e-14	7.3508	GENISTEIN	True	NULL	DTC	0.008460791
2099	ESR1	9.8491e-14	7.3508	NULL	False	NULL	TTD	NULL
2099	ESR1	9.8491e-14	7.3508	PROPACHLOR	False	NULL	DTC	0.03505185
2099	ESR1	9.8491e-14	7.3508	ANASTROZOLE	True	NULL	FDA	0.056622219
2099	ESR1	9.8491e-14	7.3508	COMPOUND 14 [PMID: 34333981]	False	inhibitor	GuideToPharmacology	0.1226814748497534
2099	ESR1	9.8491e-14	7.3508	FULVESTRANT	True	NULL	FDA	0.2044691247495891
2099	ESR1	9.8491e-14	7.3508	HEXACHLOROPHENE	True	NULL	DTC	0.005984462
2099	ESR1	9.8491e-14	7.3508	HYDROXYPROGESTERONE	False	NULL	DTC	0.08178765
2099	ESR1	9.8491e-14	7.3508	ABEMACICLIB	True	NULL	CGI	0.038741518
2099	ESR1	9.8491e-14	7.3508	TESTOSTERONE PROPIONATE	True	NULL	DTC	0.030670369
2099	ESR1	9.8491e-14	7.3508	BISPHENOL A	False	NULL	DTC	0.061340737
2099	ESR1	9.8491e-14	7.3508	CHEMBL:CHEMBL384441	False	NULL	DTC	0.2453629496995069
2099	ESR1	9.8491e-14	7.3508	RIBOCICLIB	True	NULL	PharmGKB	0.02726255
2099	ESR1	9.8491e-14	7.3508	CLOMIPHENE	True	NULL	TdgClinicalTrial	0.1840222122746302
2099	ESR1	9.8491e-14	7.3508	ELACESTRANT	True	NULL	PharmGKB	0.6134073742487676
2099	ESR1	9.8491e-14	7.3508	SYNTHETIC CONJUGATED ESTROGENS, A	False	NULL	TTD	0.061340737
2099	ESR1	9.8491e-14	7.3508	ESTRADIOL VALERATE	True	NULL	TdgClinicalTrial	0.062645859
2099	ESR1	9.8491e-14	7.3508	ETHYNODIOL DIACETATE	True	NULL	TdgClinicalTrial	0.1226814748497534
2099	ESR1	9.8491e-14	7.3508	QUINESTROL	True	agonist	ChEMBL	0.1962903597596056
2099	ESR1	9.8491e-14	7.3508	DIETHYLSTILBESTROL DIPHOSPHATE	True	agonist	ChEMBL	0.08178765
2099	ESR1	9.8491e-14	7.3508	IDOXIFENE	False	modulator	ChEMBL	0.061340737
2099	ESR1	9.8491e-14	7.3508	MEGESTROL ACETATE	True	NULL	TEND	0.0545251
2099	ESR1	9.8491e-14	7.3508	TOREMIFENE	True	NULL	TEND	0.1132444383228493
2099	ESR1	9.8491e-14	7.3508	SELECTIVE ESTROGEN RECEPTOR MODULATOR TAS-108	False	NULL	TTD	0.2453629496995069
2099	ESR1	9.8491e-14	7.3508	ABEMACICLIB	True	NULL	FDA	0.038741518
2099	ESR1	9.8491e-14	7.3508	DIENESTROL	True	NULL	TTD	0.1752592497853621
2099	ESR1	9.8491e-14	7.3508	ELACESTRANT	True	NULL	TTD	0.6134073742487676
2099	ESR1	9.8491e-14	7.3508	TAMOXIFEN	True	NULL	TTD	0.056622219
2099	ESR1	9.8491e-14	7.3508	ESTRADIOL CYPIONATE	True	NULL	TTD	0.2453629496995069
2099	ESR1	9.8491e-14	7.3508	TAMOXIFEN	True	NULL	TEND	0.056622219
2099	ESR1	9.8491e-14	7.3508	FULVESTRANT	True	NULL	TEND	0.2044691247495891
2099	ESR1	9.8491e-14	7.3508	ESTRADIOL VALERATE	True	NULL	TTD	0.062645859
2099	ESR1	9.8491e-14	7.3508	ESTRADIOL VALERATE	True	agonist	ChEMBL	0.062645859
2099	ESR1	9.8491e-14	7.3508	CHEMBL:CHEMBL1091137	False	NULL	DTC	0.4907258993990139
2099	ESR1	9.8491e-14	7.3508	EXEMESTANE	True	NULL	PharmGKB	0.072165573
2099	ESR1	9.8491e-14	7.3508	ESTRADIOL VALERATE	True	agonist	ChEMBL	0.062645859
2099	ESR1	9.8491e-14	7.3508	ELACESTRANT	True	cleavage	ChEMBL	0.6134073742487676
2099	ESR1	9.8491e-14	7.3508	LASOFOXIFENE	True	modulator	ChEMBL	0.2453629496995069
2099	ESR1	9.8491e-14	7.3508	ACRYLAMIDE	True	NULL	DTC	0.2453629496995069
2099	ESR1	9.8491e-14	7.3508	PROPYLPARABEN	True	NULL	DTC	0.04907259
2099	ESR1	9.8491e-14	7.3508	CHEMBL:CHEMBL85826	False	NULL	DTC	0.02726255
2099	ESR1	9.8491e-14	7.3508	FULVESTRANT	True	inhibitor	TALC	0.2044691247495891
2099	ESR1	9.8491e-14	7.3508	ELACESTRANT	True	NULL	TdgClinicalTrial	0.6134073742487676
2099	ESR1	9.8491e-14	7.3508	PCC0208017	False	inhibitor	GuideToPharmacology	0.1226814748497534
2099	ESR1	9.8491e-14	7.3508	TAMOXIFEN	True	NULL	CIViC	0.056622219
2099	ESR1	9.8491e-14	7.3508	LETROZOLE	True	NULL	CIViC	0.0545251
2099	ESR1	9.8491e-14	7.3508	MEGESTROL ACETATE	True	NULL	TdgClinicalTrial	0.0545251
2099	ESR1	9.8491e-14	7.3508	METHOXSALEN	True	NULL	DTC	0.02726255
2099	ESR1	9.8491e-14	7.3508	EXEMESTANE	True	NULL	CGI	0.072165573
2099	ESR1	9.8491e-14	7.3508	PALBOCICLIB	True	NULL	CIViC	0.020029629
2099	ESR1	9.8491e-14	7.3508	ANASTROZOLE	True	NULL	ClearityFoundationBiomarkers	0.056622219
2099	ESR1	9.8491e-14	7.3508	LETROZOLE	True	NULL	ClearityFoundationBiomarkers	0.0545251
2099	ESR1	9.8491e-14	7.3508	TAMOXIFEN	True	NULL	ClearityFoundationBiomarkers	0.056622219
2099	ESR1	9.8491e-14	7.3508	GW7647	False	NULL	DTC	0.008178765
2099	ESR1	9.8491e-14	7.3508	ESTRONE	True	NULL	DTC	0.1115286134997759
2099	ESR1	9.8491e-14	7.3508	DIENESTROL	True	NULL	DTC	0.1752592497853621
2099	ESR1	9.8491e-14	7.3508	GLYCITEIN	False	NULL	DTC	0.4907258993990139
2099	ESR1	9.8491e-14	7.3508	PALBOCICLIB	True	NULL	FDA	0.020029629
2099	ESR1	9.8491e-14	7.3508	LASOFOXIFENE	True	NULL	TdgClinicalTrial	0.2453629496995069
2099	ESR1	9.8491e-14	7.3508	NORELGESTROMIN	True	NULL	TdgClinicalTrial	0.08178765
2099	ESR1	9.8491e-14	7.3508	DESOGESTREL	True	NULL	TdgClinicalTrial	0.1226814748497534
2099	ESR1	9.8491e-14	7.3508	NORGESTREL	True	NULL	TdgClinicalTrial	0.08178765
2099	ESR1	9.8491e-14	7.3508	ESTRONE	True	NULL	TEND	0.1115286134997759
2099	ESR1	9.8491e-14	7.3508	VINTAFOLIDE	False	inhibitor	ClearityFoundationClinicalTrial	0.1226814748497534
2099	ESR1	9.8491e-14	7.3508	ELACESTRANT	True	NULL	CIViC	0.6134073742487676
2099	ESR1	9.8491e-14	7.3508	ORTHOTOLIDINE	False	NULL	DTC	0.061340737
2099	ESR1	9.8491e-14	7.3508	CHLOROTRIANISENE	True	NULL	TEND	0.1962903597596056
2099	ESR1	9.8491e-14	7.3508	POLYESTRADIOL PHOSPHATE	True	agonist	ChEMBL	0.08178765
2099	ESR1	9.8491e-14	7.3508	FENRETINIDE	True	NULL	DTC	0.009437037
2099	ESR1	9.8491e-14	7.3508	CLOMIPHENE CITRATE	True	modulator	ChEMBL	0.1226814748497534
2099	ESR1	9.8491e-14	7.3508	SYNTHETIC CONJUGATED ESTROGENS, B	True	agonist	ChEMBL	0.1226814748497534
2099	ESR1	9.8491e-14	7.3508	ACOLBIFENE	False	modulator	ChEMBL	0.2453629496995069
2099	ESR1	9.8491e-14	7.3508	ESTRIOL	True	modulator	ChEMBL	0.2453629496995069
2099	ESR1	9.8491e-14	7.3508	PROPYLPYRAZOLETRIOL	False	NULL	DTC	0.020446912
2099	ESR1	9.8491e-14	7.3508	4-NONYLPHENOL	False	NULL	DTC	0.04907259
2099	ESR1	9.8491e-14	7.3508	ALACHLOR	False	NULL	DTC	0.08178765
2099	ESR1	9.8491e-14	7.3508	TAMOXIFEN CITRATE	True	NULL	DTC	0.025827679
2099	ESR1	9.8491e-14	7.3508	CAMPHOR OIL	True	NULL	DTC	0.08178765
2099	ESR1	9.8491e-14	7.3508	DOCETAXEL ANHYDROUS	True	NULL	FDA	0.00591236
2099	ESR1	9.8491e-14	7.3508	TOREMIFENE	True	NULL	TdgClinicalTrial	0.1132444383228493
2099	ESR1	9.8491e-14	7.3508	PALMITATE	True	NULL	DTC	0.1226814748497534
2099	ESR1	9.8491e-14	7.3508	ESTRIOL	True	NULL	TdgClinicalTrial	0.2453629496995069
2099	ESR1	9.8491e-14	7.3508	GTX-758	False	NULL	TTD	0.2453629496995069
2099	ESR1	9.8491e-14	7.3508	BRILANESTRANT	False	NULL	TTD	0.736088849
2099	ESR1	9.8491e-14	7.3508	PROGESTERONE	True	NULL	TdgClinicalTrial	0.008317388
2099	ESR1	9.8491e-14	7.3508	EVEROLIMUS	True	NULL	CGI	0.02103111
2099	ESR1	9.8491e-14	7.3508	ESTRONE	True	NULL	TdgClinicalTrial	0.1115286134997759
2099	ESR1	9.8491e-14	7.3508	TESTOSTERONE	True	NULL	DTC	0.012582715
2099	ESR1	9.8491e-14	7.3508	TRIAMTERENE	True	NULL	DTC	0.013631275
2099	ESR1	9.8491e-14	7.3508	PROTOAPIGENONE	False	NULL	DTC	0.03505185
2099	ESR1	9.8491e-14	7.3508	AFIMOXIFENE	False	NULL	TTD	0.087629625
2099	ESR1	9.8491e-14	7.3508	ICI-164384	False	NULL	DTC	0.2453629496995069
2099	ESR1	9.8491e-14	7.3508	CHEMBL:CHEMBL1523215	False	NULL	DTC	0.061340737
2099	ESR1	9.8491e-14	7.3508	QUINESTROL	True	NULL	TdgClinicalTrial	0.1962903597596056
2099	ESR1	9.8491e-14	7.3508	QUINESTROL	True	NULL	TEND	0.1962903597596056
2099	ESR1	9.8491e-14	7.3508	DIETHYLSTILBESTROL	True	NULL	TTD	0.044611445
2099	ESR1	9.8491e-14	7.3508	PCC0105003	False	inhibitor	GuideToPharmacology	0.061340737
2099	ESR1	9.8491e-14	7.3508	DAIDZEIN	False	NULL	DTC	0.025827679
2099	ESR1	9.8491e-14	7.3508	MASOPROCOL	True	NULL	DTC	0.005333977
2099	ESR1	9.8491e-14	7.3508	ALOE-EMODIN	False	NULL	DTC	0.061340737
2099	ESR1	9.8491e-14	7.3508	GUTHION	False	NULL	DTC	0.020446912
2099	ESR1	9.8491e-14	7.3508	CHLORANIL	False	NULL	DTC	0.01635753
2099	ESR1	9.8491e-14	7.3508	RESVERATROL	True	NULL	DTC	0.005007407
2099	ESR1	9.8491e-14	7.3508	GUGGULSTERONE	False	NULL	DTC	0.02726255
2099	ESR1	9.8491e-14	7.3508	ACETOCHLOR	False	NULL	DTC	0.04907259
2099	ESR1	9.8491e-14	7.3508	IODINE	True	NULL	TdgClinicalTrial	0.2453629496995069
2099	ESR1	9.8491e-14	7.3508	NULL	False	NULL	TTD	NULL
2099	ESR1	9.8491e-14	7.3508	NULL	False	NULL	TTD	NULL
2099	ESR1	9.8491e-14	7.3508	NULL	False	NULL	TTD	NULL
2099	ESR1	9.8491e-14	7.3508	ALFATRADIOL	False	NULL	DTC	0.1226814748497534
2099	ESR1	9.8491e-14	7.3508	PALBOCICLIB	True	NULL	PharmGKB	0.020029629
2099	ESR1	9.8491e-14	7.3508	ETHYLENEDIAMINE	True	NULL	DTC	0.2453629496995069
2099	ESR1	9.8491e-14	7.3508	BAZEDOXIFENE ACETATE	True	modulator	ChEMBL	0.08178765
2099	ESR1	9.8491e-14	7.3508	GOSSYPOL	False	NULL	DTC	0.005111728
2099	ESR1	9.8491e-14	7.3508	ESTROGEN	True	NULL	TTD	0.2453629496995069
2099	ESR1	9.8491e-14	7.3508	ARZOXIFENE	False	NULL	TTD	0.3680444245492605
2099	ESR1	9.8491e-14	7.3508	ESTETROL	True	agonist	ChEMBL	0.2453629496995069
2099	ESR1	9.8491e-14	7.3508	DOMIPHEN BROMIDE	False	NULL	DTC	0.03505185
2099	ESR1	9.8491e-14	7.3508	ESTROGENS, ESTERIFIED (USP)	True	agonist	ChEMBL	0.2453629496995069
2099	ESR1	9.8491e-14	7.3508	ETHYNODIOL DIACETATE	True	NULL	TEND	0.1226814748497534
2099	ESR1	9.8491e-14	7.3508	DROLOXIFENE	False	modulator	ChEMBL	0.040893825
2099	ESR1	9.8491e-14	7.3508	ARZOXIFENE	False	modulator	ChEMBL	0.3680444245492605
2099	ESR1	9.8491e-14	7.3508	STANOLONE	False	NULL	DTC	0.040893825
2099	ESR1	9.8491e-14	7.3508	CAPTAN	False	NULL	DTC	0.018874073
2099	ESR1	9.8491e-14	7.3508	AMI-1	False	NULL	DTC	0.1635752997996713
2099	ESR1	9.8491e-14	7.3508	CHEMBL:CHEMBL2071180	False	NULL	DTC	0.4907258993990139
2099	ESR1	9.8491e-14	7.3508	BAZEDOXIFENE	True	NULL	TTD	0.09814518
2099	ESR1	9.8491e-14	7.3508	RITUXIMAB	True	NULL	PharmGKB	0.01090502
2099	ESR1	9.8491e-14	7.3508	RALOXIFENE HYDROCHLORIDE	True	NULL	TdgClinicalTrial	0.029443554
2099	ESR1	9.8491e-14	7.3508	RALOXIFENE HYDROCHLORIDE	True	NULL	TEND	0.029443554
2099	ESR1	9.8491e-14	7.3508	NULL	False	NULL	TTD	NULL
2099	ESR1	9.8491e-14	7.3508	NULL	False	NULL	TTD	NULL
2099	ESR1	9.8491e-14	7.3508	NULL	False	NULL	TTD	NULL
2099	ESR1	9.8491e-14	7.3508	NULL	False	NULL	TTD	NULL
2099	ESR1	9.8491e-14	7.3508	NOMEGESTROL ACETATE	False	NULL	TTD	0.1226814748497534
2099	ESR1	9.8491e-14	7.3508	CHEMBL:CHEMBL184450	False	NULL	DTC	0.017525925
2099	ESR1	9.8491e-14	7.3508	DIETHYLSTILBESTROL	True	agonist	ChEMBL	0.044611445
2099	ESR1	9.8491e-14	7.3508	IXABEPILONE	True	NULL	PharmGKB	0.022305723
2099	ESR1	9.8491e-14	7.3508	LAPATINIB	True	NULL	PharmGKB	0.023744802
2099	ESR1	9.8491e-14	7.3508	NORGESTIMATE	True	NULL	TdgClinicalTrial	0.09814518
2099	ESR1	9.8491e-14	7.3508	ALL-TRANS-RETINAL	False	NULL	DTC	0.03505185
2099	ESR1	9.8491e-14	7.3508	TRIADIMEFON	False	NULL	DTC	0.1226814748497534
2099	ESR1	9.8491e-14	7.3508	CHEMBL:CHEMBL329673	False	NULL	DTC	0.022305723
2099	ESR1	9.8491e-14	7.3508	TRIPHENYLSTANNANOL	False	NULL	DTC	0.04907259
2099	ESR1	9.8491e-14	7.3508	DOXORUBICIN HYDROCHLORIDE	True	NULL	DTC	0.001635753
2099	ESR1	9.8491e-14	7.3508	SACITUZUMAB GOVITECAN	True	NULL	PharmGKB	0.02726255
2099	ESR1	9.8491e-14	7.3508	LEVONORGESTREL	True	NULL	TdgClinicalTrial	0.0701037
2099	ESR1	9.8491e-14	7.3508	CYCLOFENIL	True	NULL	TTD	0.1226814748497534
2099	ESR1	9.8491e-14	7.3508	FOSFESTROL	False	NULL	TTD	0.2453629496995069
2099	ESR1	9.8491e-14	7.3508	DAUNORUBICIN HYDROCHLORIDE	True	NULL	DTC	0.007435241
2099	ESR1	9.8491e-14	7.3508	MEDROXYPROGESTERONE	True	NULL	PharmGKB	0.0701037
2099	ESR1	9.8491e-14	7.3508	ESTRONE	True	agonist	ChEMBL	0.1115286134997759
2099	ESR1	9.8491e-14	7.3508	PHENYLMERCURIC ACETATE	False	NULL	DTC	0.012268147
2099	ESR1	9.8491e-14	7.3508	CHEMBL:CHEMBL2313444	False	NULL	DTC	0.4907258993990139
2099	ESR1	9.8491e-14	7.3508	TAMOXIFEN	True	NULL	FDA	0.056622219
2099	ESR1	9.8491e-14	7.3508	TOREMIFENE	True	NULL	FDA	0.1132444383228493
2099	ESR1	9.8491e-14	7.3508	CAPIVASERTIB	True	NULL	PharmGKB	0.017525925
2099	ESR1	9.8491e-14	7.3508	DESOGESTREL	True	NULL	TEND	0.1226814748497534
2099	ESR1	9.8491e-14	7.3508	KAEMPHEROL	False	NULL	DTC	0.013631275
2099	ESR1	9.8491e-14	7.3508	ESTRADIOL VALERATE	True	NULL	TTD	0.062645859
2099	ESR1	9.8491e-14	7.3508	ICARITIN	False	NULL	TTD	0.2453629496995069
2099	ESR1	9.8491e-14	7.3508	MITOTANE	True	NULL	TTD	0.02726255
2099	ESR1	9.8491e-14	7.3508	FULVESTRANT	True	NULL	CIViC	0.2044691247495891
2099	ESR1	9.8491e-14	7.3508	SELECTIVE ESTROGEN RECEPTOR COVALENT ANTAGONIST H3B-6545	False	NULL	TTD	0.2453629496995069
2099	ESR1	9.8491e-14	7.3508	DIENESTROL	True	NULL	TdgClinicalTrial	0.1752592497853621
2099	ESR1	9.8491e-14	7.3508	TOREMIFENE	True	modulator	ChEMBL	0.1132444383228493
2099	ESR1	9.8491e-14	7.3508	TTC-352	False	NULL	TTD	0.2453629496995069
2099	ESR1	9.8491e-14	7.3508	FULVESTRANT	True	NULL	OncoKB	0.2044691247495891
2099	ESR1	9.8491e-14	7.3508	FULVESTRANT	True	NULL	CGI	0.2044691247495891
2099	ESR1	9.8491e-14	7.3508	TAMOXIFEN CITRATE	True	modulator	ChEMBL	0.025827679
2099	ESR1	9.8491e-14	7.3508	MERCURIC CHLORIDE	False	NULL	DTC	0.012268147
2099	ESR1	9.8491e-14	7.3508	4-TRIETHYLGERMYLPHENOL	False	NULL	DTC	0.4907258993990139
2099	ESR1	9.8491e-14	7.3508	TOREMIFENE	True	NULL	PharmGKB	0.1132444383228493
2099	ESR1	9.8491e-14	7.3508	ETONOGESTREL	True	NULL	TdgClinicalTrial	0.09814518
2099	ESR1	9.8491e-14	7.3508	GTX-758	False	agonist	ChEMBL	0.2453629496995069
2099	ESR1	9.8491e-14	7.3508	NORGESTREL	True	NULL	TEND	0.08178765
2099	ESR1	9.8491e-14	7.3508	ETHINYLESTRADIOL/DROSPIRENONE/PRASTERONE	False	NULL	TTD	0.08178765
2099	ESR1	9.8491e-14	7.3508	SELECTIVE ESTROGEN RECEPTOR MODULATOR CC-8490	False	NULL	TTD	0.2453629496995069
2099	ESR1	9.8491e-14	7.3508	ESTRONE	True	NULL	TTD	0.1115286134997759
2099	ESR1	9.8491e-14	7.3508	TOREMIFENE	True	NULL	TTD	0.1132444383228493
2099	ESR1	9.8491e-14	7.3508	SULFENTRAZONE	False	NULL	DTC	0.2453629496995069
2099	ESR1	9.8491e-14	7.3508	ENCLOMIPHENE	False	modulator	ChEMBL	0.04907259
2099	ESR1	9.8491e-14	7.3508	ACOLBIFENE	False	NULL	TTD	0.2453629496995069
2099	ESR1	9.8491e-14	7.3508	CHF4227	False	modulator	ChEMBL	0.1226814748497534
2099	ESR1	9.8491e-14	7.3508	BRILANESTRANT	False	inhibitor	ChEMBL	0.736088849
2099	ESR1	9.8491e-14	7.3508	LY2245461	False	modulator	ChEMBL	0.1226814748497534
2099	ESR1	9.8491e-14	7.3508	AFIMOXIFENE	False	modulator	ChEMBL	0.087629625
2099	ESR1	9.8491e-14	7.3508	CAMIZESTRANT	False	cleavage	ChEMBL	0.1226814748497534
2099	ESR1	9.8491e-14	7.3508	GIREDESTRANT	False	cleavage	ChEMBL	0.2453629496995069
2099	ESR1	9.8491e-14	7.3508	KEPONE	False	NULL	DTC	0.020446912
2099	ESR1	9.8491e-14	7.3508	BENZETHONIUM CHLORIDE	True	NULL	DTC	0.015335184
2099	ESR1	9.8491e-14	7.3508	COUMESTROL	False	NULL	DTC	0.024536295
2099	ESR1	9.8491e-14	7.3508	SIVIFENE	False	NULL	TdgClinicalTrial	0.1226814748497534
2099	ESR1	9.8491e-14	7.3508	CHLOROTRIANISENE	True	NULL	TdgClinicalTrial	0.1962903597596056
2099	ESR1	9.8491e-14	7.3508	HYDRAMETHYLNON	False	NULL	DTC	0.061340737
2099	ESR1	9.8491e-14	7.3508	EVEROLIMUS	True	NULL	FDA	0.02103111
2099	ESR1	9.8491e-14	7.3508	NERATINIB	True	NULL	FDA	0.03505185
2099	ESR1	9.8491e-14	7.3508	ESTROPIPATE	True	agonist	ChEMBL	0.1635752997996713
2099	ESR1	9.8491e-14	7.3508	CATECHOL	False	NULL	DTC	0.011152861
2099	ESR1	9.8491e-14	7.3508	METHIOCARB	False	NULL	DTC	0.1226814748497534
2099	ESR1	9.8491e-14	7.3508	PHENYLALANINE	True	NULL	DTC	0.061340737
2099	ESR1	9.8491e-14	7.3508	ZIRAM	False	NULL	DTC	0.018874073
2099	ESR1	9.8491e-14	7.3508	MESTRANOL	True	NULL	TdgClinicalTrial	0.1090501998664475
2099	ESR1	9.8491e-14	7.3508	MESTRANOL	True	NULL	TEND	0.1090501998664475
2099	ESR1	9.8491e-14	7.3508	ESTRIOL	True	NULL	TTD	0.2453629496995069
2099	ESR1	9.8491e-14	7.3508	ESTROPIPATE	True	NULL	TTD	0.1635752997996713
2099	ESR1	9.8491e-14	7.3508	ALFADEX	False	NULL	DTC	0.2453629496995069
2099	ESR1	9.8491e-14	7.3508	DIETHYLSTILBESTROL	True	NULL	DTC	0.044611445
2099	ESR1	9.8491e-14	7.3508	RIBOCICLIB	True	NULL	FDA	0.02726255
2099	ESR1	9.8491e-14	7.3508	BENZODODECINIUM CHLORIDE	True	NULL	DTC	0.1226814748497534
2099	ESR1	9.8491e-14	7.3508	GOSERELIN ACETATE	True	NULL	FDA	0.0545251
2099	ESR1	9.8491e-14	7.3508	FAM-TRASTUZUMAB DERUXTECAN-NXKI	True	NULL	PharmGKB	0.061340737
2099	ESR1	9.8491e-14	7.3508	ESTROGENS, CONJUGATED (USP)	True	agonist	ChEMBL	0.1363127498330594
2099	ESR1	9.8491e-14	7.3508	NULL	False	NULL	CGI	NULL
2099	ESR1	9.8491e-14	7.3508	ENDOXIFEN	False	inhibitor	ClearityFoundationClinicalTrial	0.3271505995993426
2099	ESR1	9.8491e-14	7.3508	NULL	False	NULL	COSMIC	NULL
2099	ESR1	9.8491e-14	7.3508	RALOXIFENE HYDROCHLORIDE	True	NULL	DTC	0.029443554
2099	ESR1	9.8491e-14	7.3508	ARZOXIFENE	False	NULL	TdgClinicalTrial	0.3680444245492605
2099	ESR1	9.8491e-14	7.3508	DANAZOL	True	NULL	TEND	0.061340737
2099	ESR1	9.8491e-14	7.3508	NULL	False	NULL	TTD	NULL
2099	ESR1	9.8491e-14	7.3508	ESTETROL	True	NULL	TTD	0.2453629496995069
2099	ESR1	9.8491e-14	7.3508	ETHINYL ESTRADIOL	True	NULL	TTD	0.04907259
2099	ESR1	9.8491e-14	7.3508	CHLOROTRIANISENE	True	NULL	TTD	0.1962903597596056
2099	ESR1	9.8491e-14	7.3508	ESTROGENS, CONJUGATED SYNTHETIC A	True	agonist	ChEMBL	0.1226814748497534
2099	ESR1	9.8491e-14	7.3508	SR16234	False	inhibitor	ChEMBL	0.2453629496995069
2099	ESR1	9.8491e-14	7.3508	OXYMETHOLONE	True	NULL	DTC	0.02726255
2099	ESR1	9.8491e-14	7.3508	DICHLOROPHEN	False	NULL	DTC	0.013631275
2099	ESR1	9.8491e-14	7.3508	ENDOXIFEN	False	NULL	DTC	0.3271505995993426
2099	ESR1	9.8491e-14	7.3508	OCHRATOXIN A	False	NULL	DTC	0.02726255
2099	ESR1	9.8491e-14	7.3508	ALPELISIB	True	NULL	FDA	0.01402074
2099	ESR1	9.8491e-14	7.3508	RITUXIMAB	True	NULL	FDA	0.01090502
2099	ESR1	9.8491e-14	7.3508	NULL	False	NULL	TTD	NULL
2099	ESR1	9.8491e-14	7.3508	NULL	False	NULL	TTD	NULL
2099	ESR1	9.8491e-14	7.3508	NULL	False	NULL	TTD	NULL
2099	ESR1	9.8491e-14	7.3508	NULL	False	NULL	TTD	NULL
2099	ESR1	9.8491e-14	7.3508	OLAPARIB	True	NULL	FDA	0.011152861
2099	ESR1	9.8491e-14	7.3508	ARSANILIC ACID	False	NULL	DTC	0.1226814748497534
2099	ESR1	9.8491e-14	7.3508	IXABEPILONE	True	NULL	FDA	0.022305723
2099	ESR1	9.8491e-14	7.3508	LAPATINIB	True	NULL	FDA	0.023744802
2099	ESR1	9.8491e-14	7.3508	METHAMPHETAMINE	True	NULL	PharmGKB	0.020446912
2099	ESR1	9.8491e-14	7.3508	DIETHYLSTILBESTROL	True	NULL	TdgClinicalTrial	0.044611445
2099	ESR1	9.8491e-14	7.3508	NORGESTIMATE	True	NULL	TEND	0.09814518
2099	ESR1	9.8491e-14	7.3508	OXYTETRACYCLINE HYDROCHLORIDE	True	NULL	DTC	0.02726255
2099	ESR1	9.8491e-14	7.3508	OSPEMIFENE	True	NULL	TdgClinicalTrial	0.1472177698197042
2099	ESR1	9.8491e-14	7.3508	OSPEMIFENE	True	NULL	TTD	0.1472177698197042
2099	ESR1	9.8491e-14	7.3508	LEFLUNOMIDE	True	NULL	PharmGKB	0.040893825
2099	ESR1	9.8491e-14	7.3508	ESTRADIOL CYPIONATE	True	agonist	ChEMBL	0.2453629496995069
2099	ESR1	9.8491e-14	7.3508	ERIBULIN MESYLATE	True	NULL	PharmGKB	0.019629036
2099	ESR1	9.8491e-14	7.3508	ETONOGESTREL	True	NULL	TEND	0.09814518
2099	ESR1	9.8491e-14	7.3508	DIENESTROL	True	NULL	TEND	0.1752592497853621
2099	ESR1	9.8491e-14	7.3508	ESTRADIOL VALERATE	True	NULL	TEND	0.062645859
2099	ESR1	9.8491e-14	7.3508	LETROZOLE	True	NULL	CGI	0.0545251
2099	ESR1	9.8491e-14	7.3508	ESTRADIOL VALERATE	True	agonist	ChEMBL	0.062645859
2099	ESR1	9.8491e-14	7.3508	AMCENESTRANT	False	cleavage	ChEMBL	0.2453629496995069
2099	ESR1	9.8491e-14	7.3508	ESTRADIOL VALERATE	True	NULL	DTC	0.062645859
2099	ESR1	9.8491e-14	7.3508	TAMOXIFEN	True	NULL	DTC	0.056622219
2099	ESR1	9.8491e-14	7.3508	4-METHYLBENZOIC ACID METHYL ESTER	False	NULL	DTC	0.2453629496995069
2099	ESR1	9.8491e-14	7.3508	METHYLTESTOSTERONE	True	NULL	DTC	0.040893825
2099	ESR1	9.8491e-14	7.3508	13-CIS-RETINAL	False	NULL	DTC	0.061340737
2099	ESR1	9.8491e-14	7.3508	VITAMIN A	True	NULL	DTC	0.009087517
2099	ESR1	9.8491e-14	7.3508	FULVESTRANT	True	NULL	PharmGKB	0.2044691247495891
2099	ESR1	9.8491e-14	7.3508	BAZEDOXIFENE	True	NULL	TdgClinicalTrial	0.09814518
2099	ESR1	9.8491e-14	7.3508	CHF 4227	False	NULL	TdgClinicalTrial	0.1226814748497534
2099	ESR1	9.8491e-14	7.3508	TAMOXIFEN	True	NULL	TdgClinicalTrial	0.056622219
2099	ESR1	9.8491e-14	7.3508	ALLYLESTRENOL	True	agonist	ChEMBL	0.08178765
2099	ESR1	9.8491e-14	7.3508	GLYBURIDE	True	NULL	PharmGKB	0.016921583
2099	ESR1	9.8491e-14	7.3508	GESTRINONE	False	NULL	TTD	0.1226814748497534
2099	ESR1	9.8491e-14	7.3508	TAMOXIFEN	True	NULL	CGI	0.056622219
2099	ESR1	9.8491e-14	7.3508	ANASTROZOLE	True	NULL	CGI	0.056622219
2099	ESR1	9.8491e-14	7.3508	LETROZOLE	True	NULL	FDA	0.0545251
2099	ESR1	9.8491e-14	7.3508	LASOFOXIFENE	True	NULL	TTD	0.2453629496995069
2099	ESR1	9.8491e-14	7.3508	ESTRADIOL VALERATE	True	NULL	TTD	0.062645859
2099	ESR1	9.8491e-14	7.3508	FULVESTRANT	True	NULL	TTD	0.2044691247495891
2099	ESR1	9.8491e-14	7.3508	PYROGALLOL	True	NULL	DTC	0.01635753
2099	ESR1	9.8491e-14	7.3508	CHOLECALCIFEROL	True	NULL	DTC	0.020446912
2099	ESR1	9.8491e-14	7.3508	CHLOROTRIANISENE	True	NULL	DTC	0.1962903597596056
2099	ESR1	9.8491e-14	7.3508	DOCETAXEL ANHYDROUS	True	NULL	PharmGKB	0.00591236
2099	ESR1	9.8491e-14	7.3508	TAS-108	False	NULL	TdgClinicalTrial	0.1226814748497534
2099	ESR1	9.8491e-14	7.3508	CLOMIPHENE CITRATE	True	NULL	TTD	0.1226814748497534
2099	ESR1	9.8491e-14	7.3508	PROMESTRIENE	False	NULL	TTD	0.2453629496995069
2099	ESR1	9.8491e-14	7.3508	MESTRANOL	True	agonist	ChEMBL	0.1090501998664475
2099	ESR1	9.8491e-14	7.3508	1-HYDROXY-6-(4-HYDROXY-PHENYL)-1-PHENYL-HEXAN-3-ONE (ENANTIOMERIC MIX)	False	NULL	DTC	0.4907258993990139
2099	ESR1	9.8491e-14	7.3508	RALOXIFEN	True	NULL	TdgClinicalTrial	0.1226814748497534
2099	ESR1	9.8491e-14	7.3508	COMPOUND 17D [PMID: 23099093]	False	inhibitor	GuideToPharmacology	0.061340737
2099	ESR1	9.8491e-14	7.3508	BRILANESTRANT	False	NULL	CGI	0.736088849
2099	ESR1	9.8491e-14	7.3508	AFIMOXIFENE	False	NULL	DTC	0.087629625
2099	ESR1	9.8491e-14	7.3508	CUMENE HYDROPEROXIDE	False	NULL	DTC	0.08178765
2099	ESR1	9.8491e-14	7.3508	GOSERELIN ACETATE	True	NULL	PharmGKB	0.0545251
2099	ESR1	9.8491e-14	7.3508	NERATINIB	True	NULL	PharmGKB	0.03505185
2099	ESR1	9.8491e-14	7.3508	ESTRIOL	True	NULL	TEND	0.2453629496995069
2099	ESR1	9.8491e-14	7.3508	PROGESTERONE	True	NULL	TEND	0.008317388
2099	ESR1	9.8491e-14	7.3508	PYRITHIONE ZINC	True	NULL	DTC	0.013631275
2099	ESR1	9.8491e-14	7.3508	PENTABROMOPHENOL	False	NULL	DTC	0.018874073
2099	ESR1	9.8491e-14	7.3508	ERIBULIN MESYLATE	True	NULL	FDA	0.019629036
2099	ESR1	9.8491e-14	7.3508	ETHINYL ESTRADIOL	True	NULL	TEND	0.04907259
2099	ESR1	9.8491e-14	7.3508	N-PROPYL BROMIDE	False	NULL	DTC	0.2453629496995069
2099	ESR1	9.8491e-14	7.3508	PHENAZOPYRIDINE HYDROCHLORIDE	True	NULL	DTC	0.015335184
2099	ESR1	9.8491e-14	7.3508	CHEMBL:CHEMBL259327	False	NULL	DTC	0.08178765
2099	ESR1	9.8491e-14	7.3508	CHEMBL:CHEMBL354663	False	NULL	DTC	0.2453629496995069
2099	ESR1	9.8491e-14	7.3508	CHEMBL:CHEMBL1432305	False	NULL	DTC	0.2453629496995069
2099	ESR1	9.8491e-14	7.3508	RITUXIMAB	True	NULL	PharmGKB	0.01090502
2099	ESR1	9.8491e-14	7.3508	ESTROGENS, CONJUGATED (USP)	True	NULL	PharmGKB	0.1363127498330594
2099	ESR1	9.8491e-14	7.3508	ESTROGENS, CONJUGATED (USP)	True	NULL	TdgClinicalTrial	0.1363127498330594
2099	ESR1	9.8491e-14	7.3508	RALOXIFENE HYDROCHLORIDE	True	NULL	TTD	0.029443554
2099	ESR1	9.8491e-14	7.3508	NULL	False	NULL	TTD	NULL
2099	ESR1	9.8491e-14	7.3508	ESTROGENS, ESTERIFIED (USP)	True	NULL	TTD	0.2453629496995069
2099	ESR1	9.8491e-14	7.3508	DASATINIB ANHYDROUS	True	NULL	CIViC	0.003186532
2099	ESR1	9.8491e-14	7.3508	PHENOLPHTHALEIN	True	NULL	DTC	0.030670369
2099	ESR1	9.8491e-14	7.3508	CHEMBL:CHEMBL2313445	False	NULL	DTC	0.4907258993990139
2099	ESR1	9.8491e-14	7.3508	ETHINYL ESTRADIOL	True	agonist	ChEMBL	0.04907259
2099	ESR1	9.8491e-14	7.3508	CADMIUM DICHLORIDE	False	NULL	DTC	0.022305723
2099	ESR1	9.8491e-14	7.3508	NULL	False	NULL	PharmGKB	NULL
2099	ESR1	9.8491e-14	7.3508	ETHINYL ESTRADIOL	True	NULL	TdgClinicalTrial	0.04907259
2099	ESR1	9.8491e-14	7.3508	NULL	False	NULL	TdgClinicalTrial	NULL
2099	ESR1	9.8491e-14	7.3508	NULL	False	NULL	TdgClinicalTrial	NULL
2099	ESR1	9.8491e-14	7.3508	DANAZOL	True	NULL	TTD	0.061340737
2099	ESR1	9.8491e-14	7.3508	NULL	False	NULL	TTD	NULL
2099	ESR1	9.8491e-14	7.3508	NULL	False	NULL	TTD	NULL
2099	ESR1	9.8491e-14	7.3508	OLAPARIB	True	NULL	PharmGKB	0.011152861
2099	ESR1	9.8491e-14	7.3508	CLOMIPHENE	True	NULL	TTD	0.1840222122746302
2099	ESR1	9.8491e-14	7.3508	MONOETHANOLAMINE	False	NULL	DTC	0.2453629496995069
2099	ESR1	9.8491e-14	7.3508	PUERARIN	False	NULL	DTC	0.1635752997996713
2099	ESR1	9.8491e-14	7.3508	TRIS(2,3-DIBROMOPROPYL)PHOSPHATE	False	NULL	DTC	0.08178765
2099	ESR1	9.8491e-14	7.3508	SELECTIVE ESTROGEN RECEPTOR DEGRADER AZD9496	False	NULL	OncoKB	0.4907258993990139
2099	ESR1	9.8491e-14	7.3508	CHEMBL:CHEMBL503990	False	NULL	DTC	0.1226814748497534
2099	ESR1	9.8491e-14	7.3508	SACITUZUMAB GOVITECAN	True	NULL	PharmGKB	0.02726255
2099	ESR1	9.8491e-14	7.3508	DIENOGEST	True	NULL	TdgClinicalTrial	0.1226814748497534
2099	ESR1	9.8491e-14	7.3508	CLOMIPHENE	True	NULL	TEND	0.1840222122746302
2099	ESR1	9.8491e-14	7.3508	DIETHYLSTILBESTROL	True	NULL	TEND	0.044611445
2099	ESR1	9.8491e-14	7.3508	LEVONORGESTREL	True	NULL	TEND	0.0701037
2099	ESR1	9.8491e-14	7.3508	LAPATINIB	True	NULL	CIViC	0.023744802
2099	ESR1	9.8491e-14	7.3508	EVEROLIMUS	True	NULL	PharmGKB	0.02103111
2099	ESR1	9.8491e-14	7.3508	CYCLOFENIL	True	modulator	ChEMBL	0.1226814748497534
2099	ESR1	9.8491e-14	7.3508	OSPEMIFENE	True	modulator	ChEMBL	0.1472177698197042
2099	ESR1	9.8491e-14	7.3508	FISPEMIFENE	False	NULL	TdgClinicalTrial	0.2453629496995069
2099	ESR1	9.8491e-14	7.3508	FISPEMIFENE	False	modulator	ChEMBL	0.2453629496995069
2099	ESR1	9.8491e-14	7.3508	CETRIMONIUM BROMIDE	False	NULL	DTC	0.04907259
2099	ESR1	9.8491e-14	7.3508	BITHIONOL	True	NULL	DTC	0.010223456
2099	ESR1	9.8491e-14	7.3508	APIGENIN	True	NULL	DTC	0.009437037
2099	ESR1	9.8491e-14	7.3508	QUINESTROL	True	NULL	TTD	0.1962903597596056
2099	ESR1	9.8491e-14	7.3508	SELECTIVE ESTROGEN RECEPTOR DEGRADER AZD9496	False	NULL	TTD	0.4907258993990139
2099	ESR1	9.8491e-14	7.3508	MESTRANOL	True	NULL	TTD	0.1090501998664475
2099	ESR1	9.8491e-14	7.3508	DACTINOMYCIN	True	NULL	DTC	0.00701037
2099	ESR1	9.8491e-14	7.3508	ENDOSULFAN	False	NULL	DTC	0.04907259
2099	ESR1	9.8491e-14	7.3508	ABEMACICLIB	True	NULL	PharmGKB	0.038741518
8379	MAD1L1	1.056e-11	6.6981	PACLITAXEL	True	NULL	PharmGKB	0.4861821410712453
8379	MAD1L1	1.056e-11	6.6981	CARBOPLATIN	True	NULL	PharmGKB	0.5966780822238011
221935	SDK1	1.7788e-18	8.6921	NULL	False	NULL	PharmGKB	NULL
2969	GTF2I	1.0508e-06	4.7434	IL-37	False	agonist	GuideToPharmacology	52.50767123569449
2918	GRM8	1.3927e-08	5.5544	(1S,3R)-ACPD	False	agonist	GuideToPharmacology	0.7001022831425934
2918	GRM8	1.3927e-08	5.5544	MPPG	False	inhibitor	GuideToPharmacology	1.166837138570988
2918	GRM8	1.3927e-08	5.5544	AZ12216052	False	modulator	GuideToPharmacology	3.500511415712966
2918	GRM8	1.3927e-08	5.5544	(S)-3,4-DCPG	False	agonist	GuideToPharmacology	1.166837138570988
2918	GRM8	1.3927e-08	5.5544	DCG-IV	False	inhibitor	GuideToPharmacology	0.8751278539282416
2918	GRM8	1.3927e-08	5.5544	VU0422288	False	modulator	GuideToPharmacology	3.500511415712966
2918	GRM8	1.3927e-08	5.5544	VU0155094	False	modulator	GuideToPharmacology	3.500511415712966
2918	GRM8	1.3927e-08	5.5544	L-CCG-I	False	agonist	GuideToPharmacology	0.5834185692854944
2918	GRM8	1.3927e-08	5.5544	LY341495	False	inhibitor	GuideToPharmacology	0.5000730593875666
2918	GRM8	1.3927e-08	5.5544	D-AP4	False	agonist	GuideToPharmacology	3.500511415712966
2918	GRM8	1.3927e-08	5.5544	DEXFOSFOSERINE	False	agonist	GuideToPharmacology	0.8751278539282416
2918	GRM8	1.3927e-08	5.5544	EGLUMEGAD	False	agonist	GuideToPharmacology	0.8751278539282416
2918	GRM8	1.3927e-08	5.5544	(R,S)-4-PPG	False	agonist	GuideToPharmacology	0.8751278539282416
2918	GRM8	1.3927e-08	5.5544	L-AP4	False	agonist	GuideToPharmacology	0.8751278539282416
2918	GRM8	1.3927e-08	5.5544	L-AP4	False	agonist	GuideToPharmacology	0.8751278539282416
2918	GRM8	1.3927e-08	5.5544	GLUTAMIC ACID	True	agonist	GuideToPharmacology	0.3500511415712967
64478	CSMD1	2.4717e-09	5.8491	METFORMIN	True	NULL	PharmGKB	0.5385402178019948
64478	CSMD1	2.4717e-09	5.8491	OXALIPLATIN	True	NULL	PharmGKB	0.2561349816375341
64478	CSMD1	2.4717e-09	5.8491	ANASTROZOLE	True	NULL	PharmGKB	1.615620653405984
64478	CSMD1	2.4717e-09	5.8491	HYDROCHLOROTHIAZIDE	True	NULL	PharmGKB	0.4565884455277782
64478	CSMD1	2.4717e-09	5.8491	OLANZAPINE	True	NULL	PharmGKB	0.2763561643983921
9420	CYP7B1	2.3013e-07	5.0422	TDE	False	NULL	NCI	7.001022831425932
9420	CYP7B1	2.3013e-07	5.0422	ADRIAMYCIN	False	NULL	NCI	0.3684748858645228
9420	CYP7B1	2.3013e-07	5.0422	TIRAPAZAMINE	False	NULL	NCI	1.750255707856483
9420	CYP7B1	2.3013e-07	5.0422	ANTI-DIABETIC AGENT	False	NULL	NCI	7.001022831425932
9420	CYP7B1	2.3013e-07	5.0422	STREPTOZOCIN	True	NULL	NCI	0.1521961485092594
9420	CYP7B1	2.3013e-07	5.0422	FADROZOLE	False	NULL	NCI	0.8751278539282416
9420	CYP7B1	2.3013e-07	5.0422	METHIMAZOLE	True	NULL	NCI	0.33338204
9420	CYP7B1	2.3013e-07	5.0422	LYCOPENE	True	NULL	NCI	0.8751278539282416
9420	CYP7B1	2.3013e-07	5.0422	SPIRONOLACTONE	True	NULL	NCI	0.4375639269641208
9420	CYP7B1	2.3013e-07	5.0422	ACETAMINOPHEN	True	NULL	NCI	0.1346350544504987
9420	CYP7B1	2.3013e-07	5.0422	SAPONIN	False	NULL	NCI	1.400204566285186
9420	CYP7B1	2.3013e-07	5.0422	MITOMYCIN	True	NULL	NCI	0.2917092846427472
9420	CYP7B1	2.3013e-07	5.0422	DIAZOXIDE	True	NULL	NCI	0.5385402178019949
9420	CYP7B1	2.3013e-07	5.0422	SAQUINAVIR	True	NULL	NCI	0.7778914257139926
9420	CYP7B1	2.3013e-07	5.0422	GINKGO	False	NULL	NCI	3.500511415712966
5789	PTPRD	4.7675e-10	6.117	NULL	False	NULL	TTD	NULL
5789	PTPRD	4.7675e-10	6.117	TRANDOLAPRIL	True	NULL	PharmGKB	2.625383561784725
5789	PTPRD	4.7675e-10	6.117	NULL	False	NULL	CIViC	NULL
5789	PTPRD	4.7675e-10	6.117	NULL	False	NULL	CIViC	NULL
5789	PTPRD	4.7675e-10	6.117	7-BIA	False	inhibitor	GuideToPharmacology	3.281729452230906
5789	PTPRD	4.7675e-10	6.117	CIXUTUMUMAB	False	NULL	CIViC	3.281729452230906
5789	PTPRD	4.7675e-10	6.117	TEMSIROLIMUS	True	NULL	CIViC	0.5048814541893702
5789	PTPRD	4.7675e-10	6.117	VERAPAMIL	True	NULL	PharmGKB	0.2917092846427472
5789	PTPRD	4.7675e-10	6.117	TEPROTUMUMAB-TRBW	True	NULL	CIViC	2.187819634820604
5789	PTPRD	4.7675e-10	6.117	ANTIHYPERTENSIVE AGENT	False	NULL	PharmGKB	1.640864726115453
5789	PTPRD	4.7675e-10	6.117	PIOGLITAZONE HYDROCHLORIDE	True	NULL	PharmGKB	0.7721716358190368
1993	ELAVL2	1.4135e-07	5.1346	COMPOUND 17 [PMID: 23642479]	False	inhibitor	GuideToPharmacology	1.500219178
1993	ELAVL2	1.4135e-07	5.1346	TOMIVOSERTIB	False	inhibitor	GuideToPharmacology	1.875273972703375
1993	ELAVL2	1.4135e-07	5.1346	CLOZAPINE	True	NULL	PharmGKB	0.1546617709446082
1993	ELAVL2	1.4135e-07	5.1346	MW01	False	inhibitor	GuideToPharmacology	2.500365296937833
1993	ELAVL2	1.4135e-07	5.1346	KINASE INHIBITOR 2 [PMID: 30199702]	False	inhibitor	GuideToPharmacology	1.250182648468916
1993	ELAVL2	1.4135e-07	5.1346	MW05	False	inhibitor	GuideToPharmacology	2.500365296937833
1993	ELAVL2	1.4135e-07	5.1346	ML315	False	inhibitor	GuideToPharmacology	1.875273972703375
5079	PAX5	7.7071e-08	5.2475	TCDD	False	NULL	NCI	4.200613699
5727	PTCH1	3.1375e-12	6.8733	VISMODEGIB	True	NULL	CGI	19.69037671338543
5727	PTCH1	3.1375e-12	6.8733	VISMODEGIB	True	NULL	OncoKB	19.69037671338543
5727	PTCH1	3.1375e-12	6.8733	VISMODEGIB	True	NULL	CIViC	19.69037671338543
5727	PTCH1	3.1375e-12	6.8733	SONIDEGIB	True	NULL	CIViC	4.375639269641208
5727	PTCH1	3.1375e-12	6.8733	SONIDEGIB	True	NULL	OncoKB	4.375639269641208
5727	PTCH1	3.1375e-12	6.8733	TRETINOIN	True	NULL	NCI	0.2885036881082115
5727	PTCH1	3.1375e-12	6.8733	VISMODEGIB	True	other/unknown	MyCancerGenome	19.69037671338543
5727	PTCH1	3.1375e-12	6.8733	FORETINIB	False	NULL	CGI	0.6908904109959803
23245	ASTN2	1.5167e-20	9.2178	FENTANYL CITRATE	True	NULL	PharmGKB	1.750255707856483
23245	ASTN2	1.5167e-20	9.2178	ISONIAZID	True	NULL	PharmGKB	5.834185692854945
2800	GOLGA1	1.4564e-06	4.6769	TORIN 2	False	inhibitor	GuideToPharmacology	0.5357925636295356
2800	GOLGA1	1.4564e-06	4.6769	AZD7648	False	inhibitor	GuideToPharmacology	0.7501095890813501
2800	GOLGA1	1.4564e-06	4.6769	WORTMANNIN	False	inhibitor	GuideToPharmacology	0.4688184931758437
2800	GOLGA1	1.4564e-06	4.6769	PI-103	False	inhibitor	GuideToPharmacology	0.5357925636295356
2800	GOLGA1	1.4564e-06	4.6769	DNA-PK INHIBITOR V	False	inhibitor	GuideToPharmacology	3.750547945
2800	GOLGA1	1.4564e-06	4.6769	NU-7441	False	inhibitor	GuideToPharmacology	1.250182648468916
2800	GOLGA1	1.4564e-06	4.6769	COMPOUND 82 [PMID: 21332118]	False	inhibitor	GuideToPharmacology	0.5357925636295356
2800	GOLGA1	1.4564e-06	4.6769	PP-121	False	inhibitor	GuideToPharmacology	0.3125456621172291
2800	GOLGA1	1.4564e-06	4.6769	BAY-8400	False	inhibitor	GuideToPharmacology	0.9376369863516875
2800	GOLGA1	1.4564e-06	4.6769	LARTESERTIB	False	inhibitor	GuideToPharmacology	1.875273972703375
2800	GOLGA1	1.4564e-06	4.6769	PIK-75	False	inhibitor	GuideToPharmacology	0.7501095890813501
2800	GOLGA1	1.4564e-06	4.6769	PEPOSERTIB	False	inhibitor	GuideToPharmacology	1.875273972703375
2800	GOLGA1	1.4564e-06	4.6769	NU-7026	False	inhibitor	GuideToPharmacology	3.750547945
2800	GOLGA1	1.4564e-06	4.6769	KU-0060648	False	inhibitor	GuideToPharmacology	0.5357925636295356
3309	HSPA5	2.4929e-07	5.0269	NULL	False	NULL	TTD	NULL
3309	HSPA5	2.4929e-07	5.0269	FLUOROURACIL	True	NULL	CIViC	0.027577558
3309	HSPA5	2.4929e-07	5.0269	RUTHENIUM-BASED TRANSFERRIN TARGETING AGENT NKP-1339	False	NULL	TTD	1.640864726115453
3309	HSPA5	2.4929e-07	5.0269	AG 490	False	NULL	DTC	0.2051080907644316
3309	HSPA5	2.4929e-07	5.0269	CHEMBL:CHEMBL67535	False	NULL	DTC	0.172722603
3309	HSPA5	2.4929e-07	5.0269	CHLORQUINALDOL	True	NULL	DTC	0.8204323630577265
3309	HSPA5	2.4929e-07	5.0269	THAPSIGARGIN	False	NULL	DTC	0.8204323630577265
3309	HSPA5	2.4929e-07	5.0269	DAPHNETIN	False	NULL	DTC	0.364636606
3309	HSPA5	2.4929e-07	5.0269	IT-139	False	NULL	TTD	3.281729452230906
3309	HSPA5	2.4929e-07	5.0269	CHEMBL:CHEMBL480626	False	NULL	DTC	0.8204323630577265
3309	HSPA5	2.4929e-07	5.0269	NULL	False	NULL	PharmGKB	NULL
3309	HSPA5	2.4929e-07	5.0269	NPPB	False	NULL	DTC	0.4102161815288632
3309	HSPA5	2.4929e-07	5.0269	CHEMBL:CHEMBL524376	False	NULL	DTC	1.093909817410302
3309	HSPA5	2.4929e-07	5.0269	MIANSERIN	False	NULL	DTC	0.182318303
3309	HSPA5	2.4929e-07	5.0269	NORGESTREL	True	NULL	DTC	0.546954909
3309	HSPA5	2.4929e-07	5.0269	EUPAFOLIN	False	NULL	DTC	0.2051080907644316
3309	HSPA5	2.4929e-07	5.0269	STROBOPININ	False	NULL	DTC	3.281729452230906
3309	HSPA5	2.4929e-07	5.0269	4-METHYLDAPHNETIN	False	NULL	DTC	0.6563458904461813
26130	GAPVD1	2.5248e-06	4.5627	INTERFERON BETA-1A	True	NULL	PharmGKB	3.500511415712966
26130	GAPVD1	2.5248e-06	4.5627	INTERFERON BETA-1B	True	NULL	PharmGKB	5.250767124
8019	BRD3	2.6368e-06	4.5536	ALPRAZOLAM	True	NULL	DTC	0.1403948428761885
8019	BRD3	2.6368e-06	4.5536	NULL	False	NULL	TTD	NULL
8019	BRD3	2.6368e-06	4.5536	RO-6870810	False	inhibitor	ChEMBL	0.596678082
8019	BRD3	2.6368e-06	4.5536	PELABRESIB	False	inhibitor	ChEMBL	0.4773424657790409
8019	BRD3	2.6368e-06	4.5536	CHEMBL:CHEMBL52030	False	NULL	DTC	1.591141552596802
8019	BRD3	2.6368e-06	4.5536	WNY0824	False	inhibitor	GuideToPharmacology	0.4773424657790409
8019	BRD3	2.6368e-06	4.5536	ARV-771	False	inhibitor	GuideToPharmacology	0.596678082
8019	BRD3	2.6368e-06	4.5536	MOLIBRESIB	False	inhibitor	GuideToPharmacology	0.7955707762984013
8019	BRD3	2.6368e-06	4.5536	NULL	False	NULL	TTD	NULL
8019	BRD3	2.6368e-06	4.5536	APABETALONE	False	inhibitor	ChEMBL	0.6819178082557726
8019	BRD3	2.6368e-06	4.5536	MS363	False	inhibitor	GuideToPharmacology	1.193356164447602
8019	BRD3	2.6368e-06	4.5536	ABBV-744	False	NULL	TTD	0.7955707762984013
8019	BRD3	2.6368e-06	4.5536	COMPOUND 36 [PMID: 24000170]	False	inhibitor	GuideToPharmacology	0.7955707762984013
8019	BRD3	2.6368e-06	4.5536	COMPOUND 38 [PMID: 24000170]	False	inhibitor	GuideToPharmacology	0.7955707762984013
8019	BRD3	2.6368e-06	4.5536	APABETALONE	False	inhibitor	GuideToPharmacology	0.6819178082557726
8019	BRD3	2.6368e-06	4.5536	MIDAZOLAM HYDROCHLORIDE	True	NULL	DTC	0.1325951293830669
8019	BRD3	2.6368e-06	4.5536	GW841819X	False	inhibitor	GuideToPharmacology	0.7955707762984013
8019	BRD3	2.6368e-06	4.5536	XD14	False	inhibitor	GuideToPharmacology	0.596678082
8019	BRD3	2.6368e-06	4.5536	I-BET151	False	inhibitor	GuideToPharmacology	0.3409589041278863
8019	BRD3	2.6368e-06	4.5536	MOLIBRESIB	False	inhibitor	ChEMBL	0.3977853881492006
8019	BRD3	2.6368e-06	4.5536	BIRABRESIB	False	inhibitor	ChEMBL	0.3409589041278863
8019	BRD3	2.6368e-06	4.5536	BMS-986158	False	inhibitor	ChEMBL	0.3977853881492006
8019	BRD3	2.6368e-06	4.5536	LY-294002	False	inhibitor	GuideToPharmacology	0.1491695205559502
8019	BRD3	2.6368e-06	4.5536	ESTAZOLAM	True	NULL	DTC	0.2075402025126264
8019	BRD3	2.6368e-06	4.5536	TRIAZOLAM	True	NULL	DTC	0.1446492320542548
8019	BRD3	2.6368e-06	4.5536	NULL	False	NULL	TTD	NULL
8019	BRD3	2.6368e-06	4.5536	NULL	False	NULL	TTD	NULL
8019	BRD3	2.6368e-06	4.5536	NULL	False	NULL	TTD	NULL
57118	CAMK1D	2.7062e-11	6.5591	CHEMBL:CHEMBL379975	False	NULL	DTC	0.1491695205559502
57118	CAMK1D	2.7062e-11	6.5591	NVP-TAE684	False	NULL	DTC	0.063722902
57118	CAMK1D	2.7062e-11	6.5591	SOTRASTAURIN	False	NULL	DTC	0.1075976869583903
57118	CAMK1D	2.7062e-11	6.5591	RG-1530	False	NULL	DTC	0.069824031
57118	CAMK1D	2.7062e-11	6.5591	ENTRECTINIB	True	NULL	DTC	0.1151484018326633
57118	CAMK1D	2.7062e-11	6.5591	ILORASERTIB	False	NULL	DTC	0.056581542
57118	CAMK1D	2.7062e-11	6.5591	LOSARTAN POTASSIUM	True	NULL	PharmGKB	1.193356164447602
57118	CAMK1D	2.7062e-11	6.5591	CHEMBL:CHEMBL546797	False	NULL	DTC	0.2051080907644316
29119	CTNNA3	5.5101e-09	5.7142	ANTIDEPRESSANT AGENT	False	NULL	PharmGKB	2.019525816757481
2849	GPR26	1.2973e-06	4.7006	MONALIZUMAB	False	antibody	GuideToPharmacology	52.50767123569449
744	MPPED2	5.3455e-08	5.3146	ADENOPHOSTIN A	False	activator	GuideToPharmacology	5.250767123569449
744	MPPED2	5.3455e-08	5.3146	DECAVANADATE	False	inhibitor	GuideToPharmacology	2.100306849
744	MPPED2	5.3455e-08	5.3146	CA2+	False	activator	GuideToPharmacology	0.2625383561784725
744	MPPED2	5.3455e-08	5.3146	INOSITOL 2,4,5-TRISPHOSPHATE	False	activator	GuideToPharmacology	5.250767123569449
744	MPPED2	5.3455e-08	5.3146	IP3	False	activator	GuideToPharmacology	3.500511415712966
4607	MYBPC3	4.0763e-08	5.3637	OMECAMTIV MECARBIL	False	NULL	TTD	6.563458904461812
710	SERPING1	8.7546e-09	5.635	C1 ESTERASE INHIBITOR	True	NULL	TTD	26.25383561784724
710	SERPING1	8.7546e-09	5.635	C1 ESTERASE INHIBITOR	True	NULL	TdgClinicalTrial	26.25383561784724
710	SERPING1	8.7546e-09	5.635	RHUCIN	False	NULL	TTD	13.12691780892362
710	SERPING1	8.7546e-09	5.635	NULL	False	NULL	TdgClinicalTrial	NULL
219541	MED19	2.3963e-09	5.8542	DEHYDRATED ALCOHOL	True	NULL	PharmGKB	1.329308132549227
51075	TMX2	1.5227e-12	6.9756	DEHYDRATED ALCOHOL	True	NULL	PharmGKB	1.329308132549227
1500	CTNND1	5.8695e-11	6.4427	PEXMETINIB	False	inhibitor	GuideToPharmacology	0.2651902587661338
1500	CTNND1	5.8695e-11	6.4427	TALMAPIMOD	False	inhibitor	GuideToPharmacology	1.591141552596802
1500	CTNND1	5.8695e-11	6.4427	SB203580	False	inhibitor	GuideToPharmacology	0.1646008502686348
1500	CTNND1	5.8695e-11	6.4427	PH-797804	False	inhibitor	GuideToPharmacology	2.386712328895204
1500	CTNND1	5.8695e-11	6.4427	TAK-715	False	inhibitor	GuideToPharmacology	2.386712328895204
1500	CTNND1	5.8695e-11	6.4427	COMPOUND 4E [PMID: 35546685]	False	inhibitor	GuideToPharmacology	1.193356164447602
1500	CTNND1	5.8695e-11	6.4427	RALIMETINIB	False	inhibitor	GuideToPharmacology	1.193356164447602
1500	CTNND1	5.8695e-11	6.4427	DORAMAPIMOD	False	inhibitor	GuideToPharmacology	0.2075402025126264
1500	CTNND1	5.8695e-11	6.4427	PAMAPIMOD	False	inhibitor	GuideToPharmacology	0.7955707762984013
1500	CTNND1	5.8695e-11	6.4427	VX-702	False	inhibitor	GuideToPharmacology	2.386712328895204
1500	CTNND1	5.8695e-11	6.4427	NEFLAMAPIMOD	False	inhibitor	GuideToPharmacology	0.7955707762984013
747	DAGLA	1.0436e-06	4.7448	NULL	False	NULL	TTD	NULL
747	DAGLA	1.0436e-06	4.7448	ORLISTAT	True	NULL	DTC	0.8078103267029924
747	DAGLA	1.0436e-06	4.7448	DANTROLENE	True	inhibitor	GuideToPharmacology	0.5834185692854945
747	DAGLA	1.0436e-06	4.7448	RUTHENIUM RED	False	blocker	GuideToPharmacology	0.6563458904461812
747	DAGLA	1.0436e-06	4.7448	MG2+	False	inhibitor	GuideToPharmacology	0.4039051633514962
747	DAGLA	1.0436e-06	4.7448	SURAMIN	False	activator	GuideToPharmacology	0.138178082
747	DAGLA	1.0436e-06	4.7448	ADENOSINE TRIPHOSPHATE	True	activator	GuideToPharmacology	0.3088686543276147
747	DAGLA	1.0436e-06	4.7448	CA2+	False	activator	GuideToPharmacology	0.1312691780892362
747	DAGLA	1.0436e-06	4.7448	CA2+	False	inhibitor	GuideToPharmacology	0.1312691780892362
747	DAGLA	1.0436e-06	4.7448	CAFFEINE	True	activator	GuideToPharmacology	0.1419126249613364
747	DAGLA	1.0436e-06	4.7448	RYANODINE	False	activator	GuideToPharmacology	1.312691780892362
747	DAGLA	1.0436e-06	4.7448	RYANODINE	False	blocker	GuideToPharmacology	1.312691780892362
747	DAGLA	1.0436e-06	4.7448	PROCAINE	True	blocker	GuideToPharmacology	1.312691780892362
745	MYRF	1.1351e-10	6.3419	IP3	False	activator	GuideToPharmacology	5.834185692854944
745	MYRF	1.1351e-10	6.3419	DECAVANADATE	False	inhibitor	GuideToPharmacology	3.500511415712967
745	MYRF	1.1351e-10	6.3419	CA2+	False	activator	GuideToPharmacology	0.4375639269641209
746	TMEM258	4.1941e-09	5.7605	CD2+	False	blocker	GuideToPharmacology	2.187819634820604
746	TMEM258	4.1941e-09	5.7605	ZN2+	False	blocker	GuideToPharmacology	1.193356164447602
2237	FEN1	5.647e-09	5.7101	SRT-1720	False	NULL	DTC	0.1244257612220248
2237	FEN1	5.647e-09	5.7101	CHEMBL:CHEMBL68096	False	NULL	DTC	0.027650169
2237	FEN1	5.647e-09	5.7101	CHEMBL:CHEMBL1287983	False	NULL	DTC	0.035550217
2237	FEN1	5.647e-09	5.7101	CHEMBL:CHEMBL1341830	False	NULL	DTC	0.024885152
2237	FEN1	5.647e-09	5.7101	CARMINIC ACID	True	NULL	DTC	0.03110644
2237	FEN1	5.647e-09	5.7101	TYRPHOSTIN 51	False	NULL	DTC	0.027650169
2237	FEN1	5.647e-09	5.7101	CHEMBL:CHEMBL1534034	False	NULL	DTC	0.024885152
2237	FEN1	5.647e-09	5.7101	CHEMBL:CHEMBL578257	False	NULL	DTC	0.03110644
2237	FEN1	5.647e-09	5.7101	CHEMBL:CHEMBL1509103	False	NULL	DTC	0.049770304
2237	FEN1	5.647e-09	5.7101	GMQ	False	NULL	DTC	0.062212881
2237	FEN1	5.647e-09	5.7101	CHEMBL:CHEMBL582503	False	NULL	DTC	0.082950507
2237	FEN1	5.647e-09	5.7101	CHEMBL:CHEMBL1726814	False	NULL	DTC	0.1244257612220248
2237	FEN1	5.647e-09	5.7101	ACID BLUE 129	False	NULL	DTC	0.013097449
2237	FEN1	5.647e-09	5.7101	CARMINE	False	NULL	DTC	0.020737627
2237	FEN1	5.647e-09	5.7101	INDOCYANINE GREEN ACID FORM	True	NULL	DTC	0.024885152
2237	FEN1	5.647e-09	5.7101	ALEXIDINE HYDROCHLORIDE	False	NULL	DTC	0.014638325
2237	FEN1	5.647e-09	5.7101	3,5-DIIODO-L-TYROSINE	False	NULL	DTC	0.03110644
2237	FEN1	5.647e-09	5.7101	CHEMBL:CHEMBL589915	False	NULL	DTC	0.2488515224440497
2237	FEN1	5.647e-09	5.7101	CHEMBL:CHEMBL601137	False	NULL	DTC	0.049770304
2237	FEN1	5.647e-09	5.7101	CHEMBL:CHEMBL592598	False	NULL	DTC	0.2488515224440497
2237	FEN1	5.647e-09	5.7101	LOMOFUNGIN	False	NULL	DTC	0.016590101
2237	FEN1	5.647e-09	5.7101	TBK1 PROTAC 3I	False	inhibitor	GuideToPharmacology	0.2488515224440497
2237	FEN1	5.647e-09	5.7101	2-METHOXY-1,4-NAPHTHOQUINONE	False	NULL	DTC	0.03110644
2237	FEN1	5.647e-09	5.7101	MORIN	False	NULL	DTC	0.013097449
2237	FEN1	5.647e-09	5.7101	CHEMBL:CHEMBL1312050	False	NULL	DTC	0.03110644
2237	FEN1	5.647e-09	5.7101	PIRARUBICIN	False	NULL	DTC	0.027650169
2237	FEN1	5.647e-09	5.7101	TOLONIUM CHLORIDE	False	NULL	DTC	0.013825085
2237	FEN1	5.647e-09	5.7101	AZ13102909	False	inhibitor	GuideToPharmacology	0.2488515224440497
2237	FEN1	5.647e-09	5.7101	CHEMBL:CHEMBL223575	False	NULL	DTC	0.062212881
2237	FEN1	5.647e-09	5.7101	AMINODIMETHOXYQUINAZOLINYLPIPERAZINE	False	NULL	DTC	0.041475254
2237	FEN1	5.647e-09	5.7101	CHEMBL:CHEMBL515505	False	NULL	DTC	0.010819631
2237	FEN1	5.647e-09	5.7101	HAEMATOXYLIN	False	NULL	DTC	0.009571212
2237	FEN1	5.647e-09	5.7101	CHEMBL:CHEMBL583558	False	NULL	DTC	0.041475254
2237	FEN1	5.647e-09	5.7101	BIX-01294	False	NULL	DTC	0.03110644
2237	FEN1	5.647e-09	5.7101	SANGUINARINE SULFATE	False	NULL	DTC	0.019142425
2237	FEN1	5.647e-09	5.7101	MYRICETIN	False	NULL	DTC	0.006221288
2237	FEN1	5.647e-09	5.7101	BAICALEIN	False	NULL	DTC	0.009571212
2237	FEN1	5.647e-09	5.7101	METHYLDOPA ANHYDROUS	True	NULL	DTC	0.008027468
2237	FEN1	5.647e-09	5.7101	CHEMBL:CHEMBL528724	False	NULL	DTC	0.082950507
2237	FEN1	5.647e-09	5.7101	CHEMBL:CHEMBL1448793	False	NULL	DTC	0.03110644
2237	FEN1	5.647e-09	5.7101	STICTIC ACID	False	NULL	DTC	0.013825085
2237	FEN1	5.647e-09	5.7101	CHEMBL:CHEMBL1528359	False	NULL	DTC	0.082950507
2237	FEN1	5.647e-09	5.7101	AMINACRINE HYDROCHLORIDE	False	NULL	DTC	0.035550217
2237	FEN1	5.647e-09	5.7101	CHEMBL:CHEMBL56393	False	NULL	DTC	0.008887554
2237	FEN1	5.647e-09	5.7101	CHEMBL:CHEMBL136344	False	NULL	DTC	0.035550217
2237	FEN1	5.647e-09	5.7101	FURAMIDINE	False	NULL	DTC	0.049770304
2237	FEN1	5.647e-09	5.7101	AMENTOFLAVONE	False	NULL	DTC	0.03110644
2237	FEN1	5.647e-09	5.7101	CHEMBL:CHEMBL1287980	False	NULL	DTC	0.035550217
2237	FEN1	5.647e-09	5.7101	CHEMBL:CHEMBL1701915	False	NULL	DTC	0.035550217
2237	FEN1	5.647e-09	5.7101	CHEMBL:CHEMBL86464	False	NULL	DTC	0.020737627
2237	FEN1	5.647e-09	5.7101	GENTIAN VIOLET CATION	True	NULL	DTC	0.013097449
2237	FEN1	5.647e-09	5.7101	COMPOUND 6 [PMID: 34333981]	False	inhibitor	GuideToPharmacology	0.049770304
2237	FEN1	5.647e-09	5.7101	CHEMBL:CHEMBL1256291	False	NULL	DTC	0.022622866
2237	FEN1	5.647e-09	5.7101	CHEMBL:CHEMBL581225	False	NULL	DTC	0.03110644
2237	FEN1	5.647e-09	5.7101	SURAMIN	False	NULL	DTC	0.006548724
2237	FEN1	5.647e-09	5.7101	MITONAFIDE	False	NULL	DTC	0.03110644
2237	FEN1	5.647e-09	5.7101	CHEMBL:CHEMBL579919	False	NULL	DTC	0.049770304
2237	FEN1	5.647e-09	5.7101	ASTERRIC ACID	False	NULL	DTC	0.013825085
2237	FEN1	5.647e-09	5.7101	CHEMBL:CHEMBL592316	False	NULL	DTC	0.035550217
2237	FEN1	5.647e-09	5.7101	EBSELEN	False	NULL	DTC	0.007110043
2237	FEN1	5.647e-09	5.7101	CHEMBL:CHEMBL526763	False	NULL	DTC	0.2488515224440497
2237	FEN1	5.647e-09	5.7101	DEOXIEPINEPHRINE	False	NULL	DTC	0.041475254
2237	FEN1	5.647e-09	5.7101	METHACYCLINE HYDROCHLORIDE	True	NULL	DTC	0.017775109
2237	FEN1	5.647e-09	5.7101	TAXIFOLIN	False	NULL	DTC	0.035550217
2237	FEN1	5.647e-09	5.7101	ATHRAQUINONES A	False	NULL	DTC	0.024885152
2237	FEN1	5.647e-09	5.7101	MITOXANTRONE	True	NULL	DTC	0.005655716
2237	FEN1	5.647e-09	5.7101	DEPHOSTATIN	False	NULL	DTC	0.009954061
2237	FEN1	5.647e-09	5.7101	4-CHLOROMERCURIBENZOIC ACID	False	NULL	DTC	0.008887554
2237	FEN1	5.647e-09	5.7101	CHEMBL:CHEMBL1453126	False	NULL	DTC	0.020737627
2237	FEN1	5.647e-09	5.7101	DAUNORUBICIN HYDROCHLORIDE	True	NULL	DTC	0.007540955
2237	FEN1	5.647e-09	5.7101	CHEMBL:CHEMBL494668	False	NULL	DTC	0.041475254
2237	FEN1	5.647e-09	5.7101	CHEMBL:CHEMBL585591	False	NULL	DTC	0.010368813
2237	FEN1	5.647e-09	5.7101	METHOXSALEN	True	NULL	NCI	0.055300338
2237	FEN1	5.647e-09	5.7101	SR8185	False	inhibitor	GuideToPharmacology	0.1244257612220248
2237	FEN1	5.647e-09	5.7101	CLOSANTEL	False	NULL	DTC	0.022622866
2237	FEN1	5.647e-09	5.7101	CHEMBL:CHEMBL1451216	False	NULL	DTC	0.014638325
2237	FEN1	5.647e-09	5.7101	NOREPINEPHRINE	True	NULL	DTC	0.00777661
2237	FEN1	5.647e-09	5.7101	LUTEOLIN	False	NULL	DTC	0.00777661
2237	FEN1	5.647e-09	5.7101	RHEIN	False	NULL	DTC	0.011311433
2237	FEN1	5.647e-09	5.7101	CHEMBL:CHEMBL592124	False	NULL	DTC	0.008027468
2237	FEN1	5.647e-09	5.7101	THIMEROSAL	True	NULL	DTC	0.010819631
2237	FEN1	5.647e-09	5.7101	ISOKAEMPFERIDE	False	NULL	DTC	0.022622866
2237	FEN1	5.647e-09	5.7101	CHEMBL:CHEMBL585502	False	NULL	DTC	0.022622866
2237	FEN1	5.647e-09	5.7101	CHEMBL:CHEMBL547833	False	NULL	DTC	0.03110644
2237	FEN1	5.647e-09	5.7101	CHEMBL:CHEMBL585240	False	NULL	DTC	0.041475254
2237	FEN1	5.647e-09	5.7101	AMARANTH	False	NULL	DTC	0.041475254
2237	FEN1	5.647e-09	5.7101	GOSSYPOL	False	NULL	DTC	0.005184407
2237	FEN1	5.647e-09	5.7101	CHEMBL:CHEMBL1622802	False	NULL	DTC	0.082950507
2237	FEN1	5.647e-09	5.7101	CHEMBL:CHEMBL589924	False	NULL	DTC	0.062212881
2237	FEN1	5.647e-09	5.7101	METHYLDOPA (RACEMIC)	False	NULL	DTC	0.020737627
2237	FEN1	5.647e-09	5.7101	CATECHOL	False	NULL	DTC	0.011311433
2237	FEN1	5.647e-09	5.7101	CHEMBL:CHEMBL124006	False	NULL	DTC	0.020737627
2237	FEN1	5.647e-09	5.7101	DAPHNETIN	False	NULL	DTC	0.027650169
2237	FEN1	5.647e-09	5.7101	APOMORPHINE HYDROCHLORIDE HEMIHYDRATE	False	NULL	DTC	0.013825085
2237	FEN1	5.647e-09	5.7101	ISOTHYMONIN	False	NULL	DTC	0.024885152
2237	FEN1	5.647e-09	5.7101	TRANSPLATIN	False	NULL	DTC	0.035550217
2237	FEN1	5.647e-09	5.7101	DECYNIUM 22	False	NULL	DTC	0.010819631
2237	FEN1	5.647e-09	5.7101	CALMIDAZOLIUM CHLORIDE	False	NULL	DTC	0.012442576
2237	FEN1	5.647e-09	5.7101	SLAZINIC ACID	False	NULL	DTC	0.011850072
2237	FEN1	5.647e-09	5.7101	CHARTREUSIN	False	NULL	DTC	0.082950507
2237	FEN1	5.647e-09	5.7101	SB-415286	False	NULL	DTC	0.012442576
2237	FEN1	5.647e-09	5.7101	CATECHIN	True	NULL	DTC	0.019142425
2237	FEN1	5.647e-09	5.7101	CHEMBL:CHEMBL505670	False	NULL	DTC	0.007110043
2237	FEN1	5.647e-09	5.7101	CHEMBL:CHEMBL1481974	False	NULL	DTC	0.03110644
2237	FEN1	5.647e-09	5.7101	EUFLAVINE	False	NULL	DTC	0.01555322
2237	FEN1	5.647e-09	5.7101	CHEMBL:CHEMBL521171	False	NULL	DTC	0.062212881
2237	FEN1	5.647e-09	5.7101	CHEMBL:CHEMBL596633	False	NULL	DTC	0.022622866
2237	FEN1	5.647e-09	5.7101	ELLIPTECINE	False	NULL	DTC	0.00777661
2237	FEN1	5.647e-09	5.7101	HOMIDIUM BROMIDE	False	NULL	DTC	0.008581087
2237	FEN1	5.647e-09	5.7101	PURPUROGALLIN	False	NULL	DTC	0.006912542
2237	FEN1	5.647e-09	5.7101	CHEMBL:CHEMBL533082	False	NULL	DTC	0.041475254
2237	FEN1	5.647e-09	5.7101	COUMESTROL	False	NULL	DTC	0.024885152
2237	FEN1	5.647e-09	5.7101	CHEMBL:CHEMBL19954	False	NULL	DTC	0.013825085
2237	FEN1	5.647e-09	5.7101	CHEMBL:CHEMBL585622	False	NULL	DTC	0.035550217
2237	FEN1	5.647e-09	5.7101	CHEMBL:CHEMBL95704	False	NULL	DTC	0.049770304
2237	FEN1	5.647e-09	5.7101	PYRONIN Y	False	NULL	DTC	0.013825085
2237	FEN1	5.647e-09	5.7101	OXIDOPAMINE HYDROCHLORIDE	False	NULL	DTC	0.014638325
2237	FEN1	5.647e-09	5.7101	CHEMBL:CHEMBL67535	False	NULL	DTC	0.013097449
2237	FEN1	5.647e-09	5.7101	CHEMBL:CHEMBL578741	False	NULL	DTC	0.011850072
2237	FEN1	5.647e-09	5.7101	CHEMBL:CHEMBL533954	False	NULL	DTC	0.041475254
2237	FEN1	5.647e-09	5.7101	CHEMBL:CHEMBL532504	False	NULL	DTC	0.1244257612220248
2237	FEN1	5.647e-09	5.7101	CHEMBL:CHEMBL579742	False	NULL	DTC	0.062212881
2237	FEN1	5.647e-09	5.7101	DOXYCYCLINE ANHYDROUS	True	NULL	DTC	0.010819631
2237	FEN1	5.647e-09	5.7101	CHEMBL:CHEMBL601364	False	NULL	DTC	0.019142425
2237	FEN1	5.647e-09	5.7101	BENSERAZIDE HYDROCHLORIDE	False	NULL	DTC	0.01555322
2237	FEN1	5.647e-09	5.7101	DEMECLOCYCLINE	True	NULL	DTC	0.1244257612220248
2237	FEN1	5.647e-09	5.7101	HYCANTHONE	False	NULL	DTC	0.013097449
2237	FEN1	5.647e-09	5.7101	CHEMBL:CHEMBL477936	False	NULL	DTC	0.035550217
2237	FEN1	5.647e-09	5.7101	PINAFIDE	False	NULL	DTC	0.020737627
2237	FEN1	5.647e-09	5.7101	CHEMBL:CHEMBL1092508	False	NULL	DTC	0.082950507
2237	FEN1	5.647e-09	5.7101	OXOGLAUCINE	False	NULL	DTC	0.035550217
2237	FEN1	5.647e-09	5.7101	CHEMBL:CHEMBL483206	False	NULL	DTC	0.041475254
2237	FEN1	5.647e-09	5.7101	CHEMBL:CHEMBL234338	False	NULL	DTC	0.011850072
2237	FEN1	5.647e-09	5.7101	CHEMBL:CHEMBL463783	False	NULL	DTC	0.024885152
2237	FEN1	5.647e-09	5.7101	PICEATANNOL	False	NULL	DTC	0.011850072
2237	FEN1	5.647e-09	5.7101	CHEMBL:CHEMBL486706	False	NULL	DTC	0.03110644
2237	FEN1	5.647e-09	5.7101	PROTOPORPHYRIN DISODIUM	False	NULL	DTC	0.022622866
2237	FEN1	5.647e-09	5.7101	ELLAGIC ACID	False	NULL	DTC	0.008887554
2237	FEN1	5.647e-09	5.7101	CHEMBL:CHEMBL151146	False	NULL	DTC	0.1244257612220248
2237	FEN1	5.647e-09	5.7101	CHEMBL:CHEMBL478754	False	NULL	DTC	0.049770304
2237	FEN1	5.647e-09	5.7101	CHEMBL:CHEMBL1255944	False	NULL	DTC	0.027650169
2237	FEN1	5.647e-09	5.7101	CHEMBL:CHEMBL1601846	False	NULL	DTC	0.010819631
2237	FEN1	5.647e-09	5.7101	QUERCETIN	True	NULL	DTC	0.003150019
2237	FEN1	5.647e-09	5.7101	IDARUBICIN	True	NULL	DTC	0.005184407
2237	FEN1	5.647e-09	5.7101	SENNOSIDE B	False	NULL	DTC	0.01555322
2237	FEN1	5.647e-09	5.7101	CHEMBL:CHEMBL581251	False	NULL	DTC	0.049770304
2237	FEN1	5.647e-09	5.7101	3-O-METHYLQUERCETIN	False	NULL	DTC	0.016590101
2237	FEN1	5.647e-09	5.7101	EMODIN	False	NULL	DTC	0.009571212
2237	FEN1	5.647e-09	5.7101	PURPURIN	False	NULL	DTC	0.011850072
2237	FEN1	5.647e-09	5.7101	CHEMBL:CHEMBL516616	False	NULL	DTC	0.035550217
2237	FEN1	5.647e-09	5.7101	MRT67307	False	inhibitor	GuideToPharmacology	0.1244257612220248
2237	FEN1	5.647e-09	5.7101	DOPAMINE	True	NULL	DTC	0.008581087
2237	FEN1	5.647e-09	5.7101	CEFSULODIN SODIUM	False	NULL	DTC	0.03110644
2237	FEN1	5.647e-09	5.7101	FRAXETIN	False	NULL	DTC	0.049770304
2237	FEN1	5.647e-09	5.7101	OXOPURPUREINE	False	NULL	DTC	0.035550217
2237	FEN1	5.647e-09	5.7101	HYDROXYZINE PAMOATE	True	NULL	DTC	0.024885152
2237	FEN1	5.647e-09	5.7101	CHEMBL:CHEMBL522983	False	NULL	DTC	0.022622866
2237	FEN1	5.647e-09	5.7101	THUNBERGINOL B	False	NULL	DTC	0.024885152
2237	FEN1	5.647e-09	5.7101	CCG-63802	False	NULL	DTC	0.062212881
2237	FEN1	5.647e-09	5.7101	GSK8612	False	inhibitor	GuideToPharmacology	0.1244257612220248
2237	FEN1	5.647e-09	5.7101	COMPOUND II [PMID: 21329883]	False	inhibitor	GuideToPharmacology	0.1244257612220248
2237	FEN1	5.647e-09	5.7101	BAY-985	False	inhibitor	GuideToPharmacology	0.049770304
2237	FEN1	5.647e-09	5.7101	BX-795	False	inhibitor	GuideToPharmacology	0.027650169
2237	FEN1	5.647e-09	5.7101	AKT INHIBITOR IV	False	NULL	DTC	0.022622866
2237	FEN1	5.647e-09	5.7101	CLINAFLOXACIN	False	NULL	DTC	0.082950507
2237	FEN1	5.647e-09	5.7101	GW305074X	False	NULL	DTC	0.062212881
2237	FEN1	5.647e-09	5.7101	COMPOUND 17D [PMID: 23099093]	False	inhibitor	GuideToPharmacology	0.062212881
2237	FEN1	5.647e-09	5.7101	DEQUALINIUM	True	NULL	DTC	0.01555322
2237	FEN1	5.647e-09	5.7101	CHEMBL:CHEMBL515252	False	NULL	DTC	0.017775109
2237	FEN1	5.647e-09	5.7101	EPINEPHRINE	True	NULL	DTC	0.006221288
2237	FEN1	5.647e-09	5.7101	CHEMBL:CHEMBL602127	False	NULL	DTC	0.035550217
2237	FEN1	5.647e-09	5.7101	PENTABROMOPHENOL	False	NULL	DTC	0.019142425
2237	FEN1	5.647e-09	5.7101	CHEMBL:CHEMBL576781	False	NULL	DTC	0.1244257612220248
2237	FEN1	5.647e-09	5.7101	AURINTRICARBOXYLIC ACID	False	NULL	DTC	0.008027468
2237	FEN1	5.647e-09	5.7101	PHENYLSTIBONIC ACID	False	NULL	DTC	0.049770304
2237	FEN1	5.647e-09	5.7101	PROTOPORPHYRIN	False	NULL	DTC	0.009954061
2237	FEN1	5.647e-09	5.7101	PAMOIC ACID	False	NULL	DTC	0.1244257612220248
2237	FEN1	5.647e-09	5.7101	METHYLENE BLUE ANHYDROUS	True	NULL	DTC	0.013097449
2237	FEN1	5.647e-09	5.7101	AMLEXANOX	True	inhibitor	GuideToPharmacology	0.019142425
2237	FEN1	5.647e-09	5.7101	QUINACRINE	False	NULL	DTC	0.024885152
2237	FEN1	5.647e-09	5.7101	LEVODOPA	True	NULL	DTC	0.006912542
2237	FEN1	5.647e-09	5.7101	LAVENDUSTIN C	False	NULL	DTC	0.041475254
2237	FEN1	5.647e-09	5.7101	JP1302	False	NULL	DTC	0.027650169
2237	FEN1	5.647e-09	5.7101	HOMIDIUM	False	NULL	DTC	0.03110644
2237	FEN1	5.647e-09	5.7101	CHEMBL:CHEMBL68534	False	NULL	DTC	0.013097449
2237	FEN1	5.647e-09	5.7101	SANGUINARIUM CHLORIDE	False	NULL	DTC	0.03110644
2237	FEN1	5.647e-09	5.7101	CHEMBL:CHEMBL461193	False	NULL	DTC	0.041475254
2237	FEN1	5.647e-09	5.7101	ML 10302	False	NULL	DTC	0.062212881
2237	FEN1	5.647e-09	5.7101	CHEMBL:CHEMBL22062	False	NULL	DTC	0.024885152
2237	FEN1	5.647e-09	5.7101	CHEMBL:CHEMBL525103	False	NULL	DTC	0.03110644
2237	FEN1	5.647e-09	5.7101	CHEMBL:CHEMBL338115	False	NULL	DTC	0.041475254
2237	FEN1	5.647e-09	5.7101	CHEMBL:CHEMBL584458	False	NULL	DTC	0.017775109
2237	FEN1	5.647e-09	5.7101	EUPAFOLIN	False	NULL	DTC	0.01555322
2237	FEN1	5.647e-09	5.7101	DITHIAZANINE	False	NULL	DTC	0.041475254
2237	FEN1	5.647e-09	5.7101	HISPIDIN	False	NULL	DTC	0.027650169
2237	FEN1	5.647e-09	5.7101	CEPHALOCHROMIN	False	NULL	DTC	0.013097449
2237	FEN1	5.647e-09	5.7101	TYRPHOSTIN 23	False	NULL	DTC	0.011850072
2237	FEN1	5.647e-09	5.7101	METHYLTHIONINIUM CHLORIDE	False	NULL	DTC	0.010368813
2237	FEN1	5.647e-09	5.7101	MPI-0485520	False	inhibitor	GuideToPharmacology	0.1244257612220248
2237	FEN1	5.647e-09	5.7101	CHEMBL:CHEMBL493863	False	NULL	DTC	0.01555322
2237	FEN1	5.647e-09	5.7101	TETRAIDOFLUORESCEIN	False	NULL	DTC	0.027650169
2237	FEN1	5.647e-09	5.7101	MITOXANTRONE HYDROCHLORIDE	True	NULL	DTC	0.00777661
2237	FEN1	5.647e-09	5.7101	MASOPROCOL	True	NULL	DTC	0.005409816
2237	FEN1	5.647e-09	5.7101	CHEMBL:CHEMBL1576310	False	NULL	DTC	0.022622866
2237	FEN1	5.647e-09	5.7101	FAGARONINE	False	NULL	DTC	0.041475254
2237	FEN1	5.647e-09	5.7101	ERBSTATIN	False	NULL	DTC	0.017775109
2237	FEN1	5.647e-09	5.7101	CHEMBL:CHEMBL578719	False	NULL	DTC	0.062212881
2237	FEN1	5.647e-09	5.7101	OXYTETRACYCLINE ANHYDROUS	True	NULL	DTC	0.012442576
2237	FEN1	5.647e-09	5.7101	CETYLPYRIDINIUM BROMIDE	False	NULL	DTC	0.019142425
2237	FEN1	5.647e-09	5.7101	STREPTONIGRIN	False	NULL	DTC	0.012442576
2237	FEN1	5.647e-09	5.7101	TYRPHOSTIN B48	False	NULL	DTC	0.013097449
25824	PRDX5	1.857e-07	5.0831	MOTEXAFIN GADOLINIUM	False	NULL	TTD	3.750547945406749
25824	PRDX5	1.857e-07	5.0831	CHEMBL:CHEMBL148831	False	NULL	DTC	26.25383561784724
25824	PRDX5	1.857e-07	5.0831	NULL	False	NULL	TTD	NULL
1740	DLG2	4.2378e-09	5.7587	ANASTROZOLE	True	NULL	PharmGKB	8.078103267029924
2915	GRM5	1.5084e-10	6.2979	ADX10059	False	NULL	TdgClinicalTrial	5.834185692854944
2915	GRM5	1.5084e-10	6.2979	AZD2516	False	negative modulator	ChEMBL	2.917092846427472
2915	GRM5	1.5084e-10	6.2979	NULL	False	NULL	TTD	NULL
2915	GRM5	1.5084e-10	6.2979	RG7342	False	NULL	TTD	5.834185692854944
2915	GRM5	1.5084e-10	6.2979	NULL	False	NULL	TTD	NULL
2915	GRM5	1.5084e-10	6.2979	NULL	False	NULL	TTD	NULL
2915	GRM5	1.5084e-10	6.2979	ADX10059	False	NULL	TTD	5.834185692854944
2915	GRM5	1.5084e-10	6.2979	MAVOGLURANT	False	inhibitor	ChEMBL	5.834185692854944
2915	GRM5	1.5084e-10	6.2979	NULL	False	NULL	TTD	NULL
2915	GRM5	1.5084e-10	6.2979	NULL	False	NULL	TTD	NULL
2915	GRM5	1.5084e-10	6.2979	NULL	False	NULL	TTD	NULL
2915	GRM5	1.5084e-10	6.2979	NULL	False	NULL	TTD	NULL
2915	GRM5	1.5084e-10	6.2979	NULL	False	NULL	TTD	NULL
2915	GRM5	1.5084e-10	6.2979	NULL	False	NULL	TTD	NULL
2915	GRM5	1.5084e-10	6.2979	NULL	False	NULL	TTD	NULL
2915	GRM5	1.5084e-10	6.2979	NULL	False	NULL	TTD	NULL
2915	GRM5	1.5084e-10	6.2979	NULL	False	NULL	TTD	NULL
2915	GRM5	1.5084e-10	6.2979	NULL	False	NULL	TTD	NULL
2915	GRM5	1.5084e-10	6.2979	NULL	False	NULL	TTD	NULL
2915	GRM5	1.5084e-10	6.2979	NULL	False	NULL	TTD	NULL
2915	GRM5	1.5084e-10	6.2979	NULL	False	NULL	TTD	NULL
2915	GRM5	1.5084e-10	6.2979	NULL	False	NULL	TTD	NULL
2915	GRM5	1.5084e-10	6.2979	NULL	False	NULL	TTD	NULL
2915	GRM5	1.5084e-10	6.2979	NULL	False	NULL	TTD	NULL
2915	GRM5	1.5084e-10	6.2979	DEHYDRATED ALCOHOL	True	NULL	NCI	0.073850452
2915	GRM5	1.5084e-10	6.2979	LY545694	False	inhibitor	ChEMBL	2.917092846427472
2915	GRM5	1.5084e-10	6.2979	DIPRAGLURANT	False	modulator	ChEMBL	2.917092846427472
2915	GRM5	1.5084e-10	6.2979	AZD2066	False	modulator	ChEMBL	5.834185692854944
2915	GRM5	1.5084e-10	6.2979	NULL	False	NULL	TTD	NULL
2915	GRM5	1.5084e-10	6.2979	NULL	False	NULL	TTD	NULL
2915	GRM5	1.5084e-10	6.2979	NULL	False	NULL	TTD	NULL
2915	GRM5	1.5084e-10	6.2979	NULL	False	NULL	TTD	NULL
2915	GRM5	1.5084e-10	6.2979	BASIMGLURANT	False	modulator	ChEMBL	4.375639269641208
2915	GRM5	1.5084e-10	6.2979	MAVOGLURANT	False	NULL	TTD	5.834185692854944
2915	GRM5	1.5084e-10	6.2979	NULL	False	NULL	TTD	NULL
2915	GRM5	1.5084e-10	6.2979	NULL	False	NULL	TTD	NULL
2915	GRM5	1.5084e-10	6.2979	NULL	False	NULL	TTD	NULL
2915	GRM5	1.5084e-10	6.2979	NULL	False	NULL	TTD	NULL
2915	GRM5	1.5084e-10	6.2979	NULL	False	NULL	TTD	NULL
2915	GRM5	1.5084e-10	6.2979	NULL	False	NULL	TTD	NULL
2915	GRM5	1.5084e-10	6.2979	NULL	False	NULL	TTD	NULL
2915	GRM5	1.5084e-10	6.2979	NULL	False	NULL	TTD	NULL
2915	GRM5	1.5084e-10	6.2979	NULL	False	NULL	TTD	NULL
2915	GRM5	1.5084e-10	6.2979	NULL	False	NULL	TTD	NULL
2915	GRM5	1.5084e-10	6.2979	NULL	False	NULL	TTD	NULL
2915	GRM5	1.5084e-10	6.2979	NULL	False	NULL	TTD	NULL
2915	GRM5	1.5084e-10	6.2979	STX-107	False	NULL	TTD	5.834185692854944
2915	GRM5	1.5084e-10	6.2979	GANCICLOVIR	True	NULL	NCI	1.093909817410302
2915	GRM5	1.5084e-10	6.2979	RASEGLURANT	False	modulator	ChEMBL	2.917092846427472
2915	GRM5	1.5084e-10	6.2979	ACAMPROSATE CALCIUM	True	NULL	TdgClinicalTrial	0.1166837138570988
2915	GRM5	1.5084e-10	6.2979	NULL	False	NULL	TTD	NULL
2915	GRM5	1.5084e-10	6.2979	NULL	False	NULL	TTD	NULL
2915	GRM5	1.5084e-10	6.2979	NULL	False	NULL	TTD	NULL
2915	GRM5	1.5084e-10	6.2979	NULL	False	NULL	TTD	NULL
2915	GRM5	1.5084e-10	6.2979	AZD9272	False	NULL	DTC	2.917092846427472
2915	GRM5	1.5084e-10	6.2979	NULL	False	NULL	TTD	NULL
2915	GRM5	1.5084e-10	6.2979	NULL	False	NULL	TTD	NULL
2915	GRM5	1.5084e-10	6.2979	NULL	False	NULL	TTD	NULL
2915	GRM5	1.5084e-10	6.2979	NULL	False	NULL	TTD	NULL
2915	GRM5	1.5084e-10	6.2979	NULL	False	NULL	TTD	NULL
2915	GRM5	1.5084e-10	6.2979	NULL	False	NULL	TTD	NULL
2915	GRM5	1.5084e-10	6.2979	NULL	False	NULL	TTD	NULL
2915	GRM5	1.5084e-10	6.2979	NULL	False	NULL	TTD	NULL
2915	GRM5	1.5084e-10	6.2979	NULL	False	NULL	TTD	NULL
2915	GRM5	1.5084e-10	6.2979	NULL	False	NULL	TTD	NULL
2915	GRM5	1.5084e-10	6.2979	NULL	False	NULL	TTD	NULL
2915	GRM5	1.5084e-10	6.2979	NULL	False	NULL	TTD	NULL
2915	GRM5	1.5084e-10	6.2979	NULL	False	NULL	TTD	NULL
2915	GRM5	1.5084e-10	6.2979	NULL	False	NULL	TTD	NULL
2915	GRM5	1.5084e-10	6.2979	NULL	False	NULL	TTD	NULL
2915	GRM5	1.5084e-10	6.2979	NULL	False	NULL	TTD	NULL
2915	GRM5	1.5084e-10	6.2979	AZD6538	False	NULL	DTC	2.917092846427472
2915	GRM5	1.5084e-10	6.2979	STX107	False	NULL	TdgClinicalTrial	5.834185692854944
2915	GRM5	1.5084e-10	6.2979	DIPRAGLURANT	False	NULL	TTD	2.917092846427472
2915	GRM5	1.5084e-10	6.2979	VER-246608	False	inhibitor	GuideToPharmacology	0.729273212
2915	GRM5	1.5084e-10	6.2979	RG7342	False	modulator	ChEMBL	5.834185692854944
2915	GRM5	1.5084e-10	6.2979	NULL	False	NULL	TTD	NULL
2915	GRM5	1.5084e-10	6.2979	NULL	False	NULL	TTD	NULL
2915	GRM5	1.5084e-10	6.2979	AZD7545	False	inhibitor	GuideToPharmacology	1.458546423213736
2915	GRM5	1.5084e-10	6.2979	AZD2066	False	NULL	TdgClinicalTrial	5.834185692854944
2915	GRM5	1.5084e-10	6.2979	BASIMGLURANT	False	NULL	TTD	4.375639269641208
2915	GRM5	1.5084e-10	6.2979	NULL	False	NULL	TTD	NULL
2915	GRM5	1.5084e-10	6.2979	NULL	False	NULL	TTD	NULL
2915	GRM5	1.5084e-10	6.2979	NULL	False	NULL	TTD	NULL
2915	GRM5	1.5084e-10	6.2979	NULL	False	NULL	TTD	NULL
2915	GRM5	1.5084e-10	6.2979	NULL	False	NULL	TTD	NULL
2915	GRM5	1.5084e-10	6.2979	NULL	False	NULL	TTD	NULL
2915	GRM5	1.5084e-10	6.2979	NULL	False	NULL	TTD	NULL
2915	GRM5	1.5084e-10	6.2979	NULL	False	NULL	TTD	NULL
2915	GRM5	1.5084e-10	6.2979	NULL	False	NULL	TTD	NULL
2915	GRM5	1.5084e-10	6.2979	NULL	False	NULL	TTD	NULL
2915	GRM5	1.5084e-10	6.2979	NULL	False	NULL	TTD	NULL
2915	GRM5	1.5084e-10	6.2979	NULL	False	NULL	TTD	NULL
2915	GRM5	1.5084e-10	6.2979	NULL	False	NULL	TTD	NULL
2915	GRM5	1.5084e-10	6.2979	STX107	False	negative modulator	ChEMBL	5.834185692854944
53942	CNTN5	7.1066e-11	6.4136	NULL	False	NULL	PharmGKB	NULL
4684	NCAM1	2.0248e-13	7.2539	BB-10901	False	binder	ChEMBL	13.12691780892362
4684	NCAM1	2.0248e-13	7.2539	NULL	False	NULL	TTD	NULL
4684	NCAM1	2.0248e-13	7.2539	NULL	False	NULL	TTD	NULL
4684	NCAM1	2.0248e-13	7.2539	LORVOTUZUMAB MERTANSINE	False	NULL	TTD	1.640864726115453
4684	NCAM1	2.0248e-13	7.2539	NULL	False	NULL	TdgClinicalTrial	NULL
4684	NCAM1	2.0248e-13	7.2539	ONCOLYSIN S	False	binder	ChEMBL	13.12691780892362
4684	NCAM1	2.0248e-13	7.2539	LORVOTUZUMAB MERTANSINE	False	binder	ChEMBL	1.640864726115453
4684	NCAM1	2.0248e-13	7.2539	NULL	False	NULL	TTD	NULL
4684	NCAM1	2.0248e-13	7.2539	NULL	False	NULL	TTD	NULL
4684	NCAM1	2.0248e-13	7.2539	DULOXETINE HYDROCHLORIDE	True	NULL	PharmGKB	1.009762908
4684	NCAM1	2.0248e-13	7.2539	NULL	False	NULL	TTD	NULL
255239	ANKK1	5.107e-14	7.4381	HALOPERIDOL DECANOATE	True	NULL	PharmGKB	0.2960958904268486
255239	ANKK1	5.107e-14	7.4381	ARIPIPRAZOLE LAUROXIL	True	NULL	PharmGKB	1.184383561707394
255239	ANKK1	5.107e-14	7.4381	NALTREXONE	True	NULL	PharmGKB	0.8824818695074707
255239	ANKK1	5.107e-14	7.4381	NEMONAPRIDE	False	NULL	PharmGKB	7.501095891
255239	ANKK1	5.107e-14	7.4381	DISULFIRAM	True	NULL	PharmGKB	0.3488881809680698
255239	ANKK1	5.107e-14	7.4381	VALPROIC ACID	True	NULL	PharmGKB	0.2631963470460877
255239	ANKK1	5.107e-14	7.4381	QUETIAPINE FUMARATE	True	NULL	PharmGKB	0.4167275494896389
1813	DRD2	1.4488e-14	7.6028	REMOXIPRIDE	True	NULL	TEND	0.1037701012563132
1813	DRD2	1.4488e-14	7.6028	AXITINIB	True	inhibitor	GuideToPharmacology	0.009433646
1813	DRD2	1.4488e-14	7.6028	QUINAGOLIDE	False	agonist	ChEMBL	0.4150804050252529
1813	DRD2	1.4488e-14	7.6028	CLOZAPINE	True	NULL	DTC	0.014977128
1813	DRD2	1.4488e-14	7.6028	SULPIRIDE	True	inhibitor	ChEMBL	0.088945801
1813	DRD2	1.4488e-14	7.6028	DOMPERIDONE	True	inhibitor	ChEMBL	0.1185944014357865
1813	DRD2	1.4488e-14	7.6028	TIVOZANIB	True	inhibitor	GuideToPharmacology	0.023060023
1813	DRD2	1.4488e-14	7.6028	PRIDOPIDINE	False	modulator	ChEMBL	0.6226206075378794
1813	DRD2	1.4488e-14	7.6028	CLOZAPINE	True	NULL	NCI	0.014977128
1813	DRD2	1.4488e-14	7.6028	MINAPRINE	True	NULL	TEND	0.069180068
1813	DRD2	1.4488e-14	7.6028	NULL	False	NULL	TdgClinicalTrial	NULL
1813	DRD2	1.4488e-14	7.6028	METOCLOPRAMIDE HYDROCHLORIDE	True	NULL	TdgClinicalTrial	0.059297201
1813	DRD2	1.4488e-14	7.6028	ROXINDOLE	False	NULL	TTD	0.013836014
1813	DRD2	1.4488e-14	7.6028	NULL	False	NULL	TTD	NULL
1813	DRD2	1.4488e-14	7.6028	NULL	False	NULL	TTD	NULL
1813	DRD2	1.4488e-14	7.6028	NULL	False	NULL	TTD	NULL
1813	DRD2	1.4488e-14	7.6028	NULL	False	NULL	TTD	NULL
1813	DRD2	1.4488e-14	7.6028	NULL	False	NULL	TTD	NULL
1813	DRD2	1.4488e-14	7.6028	NULL	False	NULL	TTD	NULL
1813	DRD2	1.4488e-14	7.6028	MK-2461	False	inhibitor	GuideToPharmacology	0.008647508
1813	DRD2	1.4488e-14	7.6028	CABOZANTINIB S-MALATE	True	inhibitor	GuideToPharmacology	0.009433646
1813	DRD2	1.4488e-14	7.6028	CENISERTIB	False	inhibitor	GuideToPharmacology	0.001758815
1813	DRD2	1.4488e-14	7.6028	ZM-306416	False	inhibitor	GuideToPharmacology	0.069180068
1813	DRD2	1.4488e-14	7.6028	LOXAPINE	True	NULL	TTD	0.063858524
1813	DRD2	1.4488e-14	7.6028	ILOPERIDONE	True	inhibitor	ChEMBL	0.039531467
1813	DRD2	1.4488e-14	7.6028	FLUPHENAZINE ENANTHATE	True	inhibitor	ChEMBL	0.2075402025126264
1813	DRD2	1.4488e-14	7.6028	PERPHENAZINE	True	inhibitor	ChEMBL	0.031929262
1813	DRD2	1.4488e-14	7.6028	SULPIRIDE	True	inhibitor	ChEMBL	0.088945801
1813	DRD2	1.4488e-14	7.6028	SULPIRIDE	True	NULL	DTC	0.088945801
1813	DRD2	1.4488e-14	7.6028	NULL	False	NULL	TdgClinicalTrial	NULL
1813	DRD2	1.4488e-14	7.6028	NULL	False	NULL	TdgClinicalTrial	NULL
1813	DRD2	1.4488e-14	7.6028	DOMPERIDONE	True	NULL	TdgClinicalTrial	0.1185944014357865
1813	DRD2	1.4488e-14	7.6028	PERPHENAZINE	True	NULL	TdgClinicalTrial	0.031929262
1813	DRD2	1.4488e-14	7.6028	ILOPERIDONE	True	NULL	TEND	0.039531467
1813	DRD2	1.4488e-14	7.6028	SULPIRIDE	True	NULL	TEND	0.088945801
1813	DRD2	1.4488e-14	7.6028	NULL	False	NULL	TTD	NULL
1813	DRD2	1.4488e-14	7.6028	EPHEDRINE	True	NULL	TTD	0.012208247
1813	DRD2	1.4488e-14	7.6028	NEMONAPRIDE	False	NULL	TTD	4.150804050252529
1813	DRD2	1.4488e-14	7.6028	NULL	False	NULL	TTD	NULL
1813	DRD2	1.4488e-14	7.6028	NULL	False	NULL	TTD	NULL
1813	DRD2	1.4488e-14	7.6028	NULL	False	NULL	TTD	NULL
1813	DRD2	1.4488e-14	7.6028	METARAMINOL	True	NULL	TTD	0.0296486
1813	DRD2	1.4488e-14	7.6028	NULL	False	NULL	TTD	NULL
1813	DRD2	1.4488e-14	7.6028	PRIDOPIDINE	False	NULL	TTD	0.6226206075378794
1813	DRD2	1.4488e-14	7.6028	PERGOLIDE	True	NULL	PharmGKB	0.061041236
1813	DRD2	1.4488e-14	7.6028	PROCHLORPERAZINE	True	NULL	TTD	0.0296486
1813	DRD2	1.4488e-14	7.6028	APOMORPHINE	True	NULL	TdgClinicalTrial	0.030746697
1813	DRD2	1.4488e-14	7.6028	FLUPENTHIXOL	False	NULL	TdgClinicalTrial	0.055344054
1813	DRD2	1.4488e-14	7.6028	MESORIDAZINE	True	NULL	TdgClinicalTrial	0.062262061
1813	DRD2	1.4488e-14	7.6028	PROCHLORPERAZINE	True	NULL	TEND	0.0296486
1813	DRD2	1.4488e-14	7.6028	QUETIAPINE FUMARATE	True	NULL	TTD	0.034590034
1813	DRD2	1.4488e-14	7.6028	DUAL VEGFR/PARP INHIBITOR 14B	False	inhibitor	GuideToPharmacology	0.1037701012563132
1813	DRD2	1.4488e-14	7.6028	AST-487	False	inhibitor	GuideToPharmacology	0.005061956
1813	DRD2	1.4488e-14	7.6028	TINENGOTINIB	False	inhibitor	GuideToPharmacology	0.0296486
1813	DRD2	1.4488e-14	7.6028	ALIZAPRIDE	False	inhibitor	ChEMBL	0.2075402025126264
1813	DRD2	1.4488e-14	7.6028	HALOPERIDOL DECANOATE	True	NULL	DTC	0.021846337
1813	DRD2	1.4488e-14	7.6028	MLKL COMPOUND 1	False	inhibitor	GuideToPharmacology	0.069180068
1813	DRD2	1.4488e-14	7.6028	ASENAPINE	True	NULL	TEND	0.016603216
1813	DRD2	1.4488e-14	7.6028	MESORIDAZINE	True	NULL	TEND	0.062262061
1813	DRD2	1.4488e-14	7.6028	QUETIAPINE FUMARATE	True	NULL	TdgClinicalTrial	0.034590034
1813	DRD2	1.4488e-14	7.6028	BROMOPRIDE	False	inhibitor	ChEMBL	0.2075402025126264
1813	DRD2	1.4488e-14	7.6028	FLUPHENAZINE HYDROCHLORIDE	True	inhibitor	ChEMBL	0.028300937
1813	DRD2	1.4488e-14	7.6028	ITOPRIDE	False	inhibitor	ChEMBL	0.1383601350084176
1813	DRD2	1.4488e-14	7.6028	RISPERIDONE	True	NULL	TdgClinicalTrial	0.01858569
1813	DRD2	1.4488e-14	7.6028	NAPHAZOLINE	True	NULL	TTD	0.041508041
1813	DRD2	1.4488e-14	7.6028	METHYLDOPA ANHYDROUS	True	NULL	TTD	0.006694845
1813	DRD2	1.4488e-14	7.6028	LURASIDONE HYDROCHLORIDE	True	NULL	TTD	0.1037701012563132
1813	DRD2	1.4488e-14	7.6028	ASENAPINE MALEATE	True	inhibitor	ChEMBL	0.1037701012563132
1813	DRD2	1.4488e-14	7.6028	PROPOFOL	True	NULL	PharmGKB	0.01338969
1813	DRD2	1.4488e-14	7.6028	OLANZAPINE	True	NULL	TdgClinicalTrial	0.010923169
1813	DRD2	1.4488e-14	7.6028	AMISULPRIDE	True	inhibitor	ChEMBL	0.031929262
1813	DRD2	1.4488e-14	7.6028	TRAZPIROBEN	False	inhibitor	ChEMBL	0.1037701012563132
1813	DRD2	1.4488e-14	7.6028	PLX-4720	False	inhibitor	GuideToPharmacology	0.02075402
1813	DRD2	1.4488e-14	7.6028	SU-14813	False	inhibitor	GuideToPharmacology	0.041508041
1813	DRD2	1.4488e-14	7.6028	SU-11652	False	inhibitor	GuideToPharmacology	0.051885051
1813	DRD2	1.4488e-14	7.6028	CARIPRAZINE	True	NULL	TdgClinicalTrial	0.083016081
1813	DRD2	1.4488e-14	7.6028	ACETOPHENAZINE	True	NULL	TdgClinicalTrial	0.2075402025126264
1813	DRD2	1.4488e-14	7.6028	ACETOPHENAZINE	True	NULL	TEND	0.2075402025126264
1813	DRD2	1.4488e-14	7.6028	PALIPERIDONE	True	NULL	TEND	0.051885051
1813	DRD2	1.4488e-14	7.6028	MEPHENTERMINE	True	NULL	TTD	0.1037701012563132
1813	DRD2	1.4488e-14	7.6028	SUMANIROLE	False	NULL	TTD	0.2075402025126264
1813	DRD2	1.4488e-14	7.6028	BEVANTOLOL	False	NULL	TTD	0.1037701012563132
1813	DRD2	1.4488e-14	7.6028	OLANZAPINE	True	NULL	TEND	0.010923169
1813	DRD2	1.4488e-14	7.6028	SARIZOTAN HYDROCHLORIDE	False	agonist	ChEMBL	0.051885051
1813	DRD2	1.4488e-14	7.6028	AMINEPTIN	True	inhibitor	ChEMBL	0.069180068
1813	DRD2	1.4488e-14	7.6028	MINAPRINE	True	NULL	TdgClinicalTrial	0.069180068
1813	DRD2	1.4488e-14	7.6028	COMPOUND 8H [PMID: 22765894]	False	inhibitor	GuideToPharmacology	0.018867291
1813	DRD2	1.4488e-14	7.6028	CHLORPROMAZINE	True	inhibitor	ChEMBL	0.072919531
1813	DRD2	1.4488e-14	7.6028	OLANZAPINE	True	inhibitor	ChEMBL	0.010923169
1813	DRD2	1.4488e-14	7.6028	MINAPRINE	True	agonist	ChEMBL	0.069180068
1813	DRD2	1.4488e-14	7.6028	DEHYDRATED ALCOHOL	True	NULL	NCI	0.005254182
1813	DRD2	1.4488e-14	7.6028	PRAMIPEXOLE	True	NULL	TdgClinicalTrial	0.1245241215075758
1813	DRD2	1.4488e-14	7.6028	MOLINDONE	True	NULL	TdgClinicalTrial	0.1383601350084176
1813	DRD2	1.4488e-14	7.6028	OCAPERIDONE	False	NULL	TTD	0.034590034
1813	DRD2	1.4488e-14	7.6028	ACETOPHENAZINE	True	NULL	TTD	0.2075402025126264
1813	DRD2	1.4488e-14	7.6028	DOPAMINE	True	NULL	TTD	0.007156559
1813	DRD2	1.4488e-14	7.6028	APLINDORE FUMARATE	False	NULL	TTD	0.4150804050252529
1813	DRD2	1.4488e-14	7.6028	CEDIRANIB	False	inhibitor	GuideToPharmacology	0.003773458
1813	DRD2	1.4488e-14	7.6028	ERDAFITINIB	True	inhibitor	GuideToPharmacology	0.017295017
1813	DRD2	1.4488e-14	7.6028	MOTESANIB	False	inhibitor	GuideToPharmacology	0.018867291
1813	DRD2	1.4488e-14	7.6028	PRAMIPEXOLE	True	NULL	TTD	0.1245241215075758
1813	DRD2	1.4488e-14	7.6028	ZIPRASIDONE	True	NULL	TdgClinicalTrial	0.026779381
1813	DRD2	1.4488e-14	7.6028	CABERGOLINE	True	NULL	TEND	0.077827576
1813	DRD2	1.4488e-14	7.6028	ROTIGOTINE	True	NULL	TEND	0.062262061
1813	DRD2	1.4488e-14	7.6028	ANIRACETAM	False	NULL	TTD	0.023060023
1813	DRD2	1.4488e-14	7.6028	METHAMPHETAMINE	True	NULL	TTD	0.008647508
1813	DRD2	1.4488e-14	7.6028	PARDOPRUNOX	False	NULL	TTD	0.088945801
1813	DRD2	1.4488e-14	7.6028	CARPHENAZINE	True	NULL	TTD	0.1556551518844698
1813	DRD2	1.4488e-14	7.6028	OSI-930	False	inhibitor	GuideToPharmacology	0.041508041
1813	DRD2	1.4488e-14	7.6028	ARIPIPRAZOLE LAUROXIL	True	NULL	TTD	0.043692674
1813	DRD2	1.4488e-14	7.6028	FORETINIB	False	inhibitor	GuideToPharmacology	0.010923169
1813	DRD2	1.4488e-14	7.6028	PALIPERIDONE	True	inhibitor	ChEMBL	0.051885051
1813	DRD2	1.4488e-14	7.6028	APLINDORE	False	NULL	TdgClinicalTrial	0.2075402025126264
1813	DRD2	1.4488e-14	7.6028	ROTIGOTINE	True	NULL	TdgClinicalTrial	0.062262061
1813	DRD2	1.4488e-14	7.6028	PIMOZIDE	True	inhibitor	ChEMBL	0.024416494
1813	DRD2	1.4488e-14	7.6028	THIETHYLPERAZINE	True	NULL	TdgClinicalTrial	0.056601873
1813	DRD2	1.4488e-14	7.6028	LEVODOPA	True	NULL	TTD	0.017295017
1813	DRD2	1.4488e-14	7.6028	BLONANSERIN	False	NULL	TTD	0.069180068
1813	DRD2	1.4488e-14	7.6028	GSK2646264	False	inhibitor	GuideToPharmacology	0.023060023
1813	DRD2	1.4488e-14	7.6028	LUCITANIB	False	inhibitor	GuideToPharmacology	0.013836014
1813	DRD2	1.4488e-14	7.6028	AZD-4547	False	inhibitor	GuideToPharmacology	0.02075402
1813	DRD2	1.4488e-14	7.6028	SITRAVATINIB	False	inhibitor	GuideToPharmacology	0.012971263
1813	DRD2	1.4488e-14	7.6028	LURASIDONE HYDROCHLORIDE	True	inhibitor	ChEMBL	0.1037701012563132
1813	DRD2	1.4488e-14	7.6028	BIFEPRUNOX	False	agonist	ChEMBL	0.069180068
1813	DRD2	1.4488e-14	7.6028	CAFFEINE	True	NULL	PharmGKB	0.011218389
1813	DRD2	1.4488e-14	7.6028	REMOXIPRIDE HYDROCHLORIDE	True	inhibitor	ChEMBL	0.2075402025126264
1813	DRD2	1.4488e-14	7.6028	QUETIAPINE FUMARATE	True	NULL	TEND	0.034590034
1813	DRD2	1.4488e-14	7.6028	TRIFLUPROMAZINE	True	NULL	TEND	0.077827576
1813	DRD2	1.4488e-14	7.6028	APOMORPHINE	True	NULL	TTD	0.030746697
1813	DRD2	1.4488e-14	7.6028	TAFETINIB	False	inhibitor	GuideToPharmacology	0.041508041
1813	DRD2	1.4488e-14	7.6028	SEMAXANIB	False	inhibitor	GuideToPharmacology	0.012208247
1813	DRD2	1.4488e-14	7.6028	BROMOCRIPTINE MESYLATE	True	agonist	ChEMBL	0.0296486
1813	DRD2	1.4488e-14	7.6028	ILOPERIDONE	True	NULL	TTD	0.039531467
1813	DRD2	1.4488e-14	7.6028	OLANZAPINE PAMOATE	True	inhibitor	ChEMBL	0.041508041
1813	DRD2	1.4488e-14	7.6028	CARIPRAZINE HYDROCHLORIDE	True	modulator	ChEMBL	0.1037701012563132
1813	DRD2	1.4488e-14	7.6028	ORDOPIDINE	False	modulator	ChEMBL	0.2075402025126264
1813	DRD2	1.4488e-14	7.6028	NULL	False	NULL	PharmGKB	NULL
1813	DRD2	1.4488e-14	7.6028	PRIDOPIDINE	False	NULL	TdgClinicalTrial	0.6226206075378794
1813	DRD2	1.4488e-14	7.6028	LISURIDE	False	NULL	TdgClinicalTrial	0.032769506
1813	DRD2	1.4488e-14	7.6028	NULL	False	NULL	TTD	NULL
1813	DRD2	1.4488e-14	7.6028	DIHYDROERGOTAMINE MESYLATE	True	NULL	TTD	0.02075402
1813	DRD2	1.4488e-14	7.6028	NULL	False	NULL	TTD	NULL
1813	DRD2	1.4488e-14	7.6028	NULL	False	NULL	TTD	NULL
1813	DRD2	1.4488e-14	7.6028	DOMPERIDONE	True	NULL	TTD	0.1185944014357865
1813	DRD2	1.4488e-14	7.6028	NULL	False	NULL	TTD	NULL
1813	DRD2	1.4488e-14	7.6028	LINIFANIB	False	inhibitor	GuideToPharmacology	0.002594253
1813	DRD2	1.4488e-14	7.6028	LAZERTINIB	False	inhibitor	GuideToPharmacology	0.041508041
1813	DRD2	1.4488e-14	7.6028	CP-547632	False	inhibitor	GuideToPharmacology	0.004716823
1813	DRD2	1.4488e-14	7.6028	PP-121	False	inhibitor	GuideToPharmacology	0.017295017
1813	DRD2	1.4488e-14	7.6028	AMISULPRIDE	True	NULL	TdgClinicalTrial	0.031929262
1813	DRD2	1.4488e-14	7.6028	VEGFC	False	NULL	GuideToPharmacology	0.1037701012563132
1813	DRD2	1.4488e-14	7.6028	THIETHYLPERAZINE MALATE	True	inhibitor	ChEMBL	0.025942525
1813	DRD2	1.4488e-14	7.6028	DAPIPRAZOLE	True	NULL	TTD	0.041508041
1813	DRD2	1.4488e-14	7.6028	NEMONAPRIDE	False	NULL	PharmGKB	4.150804050252529
1813	DRD2	1.4488e-14	7.6028	CHLORPROMAZINE	True	NULL	TTD	0.072919531
1813	DRD2	1.4488e-14	7.6028	LOXAPINE	True	NULL	TdgClinicalTrial	0.063858524
1813	DRD2	1.4488e-14	7.6028	ROPINIROLE	True	NULL	TdgClinicalTrial	0.172950169
1813	DRD2	1.4488e-14	7.6028	NULL	False	NULL	TdgClinicalTrial	NULL
1813	DRD2	1.4488e-14	7.6028	CLOZAPINE	True	NULL	TEND	0.014977128
1813	DRD2	1.4488e-14	7.6028	NULL	False	NULL	TTD	NULL
1813	DRD2	1.4488e-14	7.6028	NULL	False	NULL	TTD	NULL
1813	DRD2	1.4488e-14	7.6028	PIPERACETAZINE	True	NULL	TTD	0.069180068
1813	DRD2	1.4488e-14	7.6028	PSEUDOEPHEDRINE	True	NULL	TTD	0.012208247
1813	DRD2	1.4488e-14	7.6028	AEE788	False	inhibitor	GuideToPharmacology	0.0296486
1813	DRD2	1.4488e-14	7.6028	BRIVANIB	False	inhibitor	GuideToPharmacology	0.0148243
1813	DRD2	1.4488e-14	7.6028	PAMUFETINIB	False	inhibitor	GuideToPharmacology	0.1037701012563132
1813	DRD2	1.4488e-14	7.6028	SORAFENIB	True	inhibitor	GuideToPharmacology	0.001820528
1813	DRD2	1.4488e-14	7.6028	ACRIZANIB	False	inhibitor	GuideToPharmacology	0.2075402025126264
1813	DRD2	1.4488e-14	7.6028	RG-1530	False	inhibitor	GuideToPharmacology	0.002207874
1813	DRD2	1.4488e-14	7.6028	COMPOUND 8I [PMID: 22765894]	False	inhibitor	GuideToPharmacology	0.017295017
1813	DRD2	1.4488e-14	7.6028	PERGOLIDE	True	NULL	TdgClinicalTrial	0.061041236
1813	DRD2	1.4488e-14	7.6028	HALOPERIDOL DECANOATE	True	inverse agonist	ChEMBL	0.021846337
1813	DRD2	1.4488e-14	7.6028	QUETIAPINE FUMARATE	True	inhibitor	ChEMBL	0.034590034
1813	DRD2	1.4488e-14	7.6028	METHOTRIMEPRAZINE	True	inhibitor	ChEMBL	0.0296486
1813	DRD2	1.4488e-14	7.6028	RISPERIDONE	True	inhibitor	ChEMBL	0.01858569
1813	DRD2	1.4488e-14	7.6028	HALOPERIDOL DECANOATE	True	inverse agonist	ChEMBL	0.021846337
1813	DRD2	1.4488e-14	7.6028	LITHIUM	True	NULL	NCI	0.009882867
1813	DRD2	1.4488e-14	7.6028	DISULFIRAM	True	NULL	PharmGKB	0.009653033
1813	DRD2	1.4488e-14	7.6028	HALOPERIDOL DECANOATE	True	NULL	TdgClinicalTrial	0.021846337
1813	DRD2	1.4488e-14	7.6028	ZUCLOPENTHIXOL	True	NULL	TdgClinicalTrial	0.1556551518844698
1813	DRD2	1.4488e-14	7.6028	CABERGOLINE	True	agonist	ChEMBL	0.077827576
1813	DRD2	1.4488e-14	7.6028	GOLVATINIB	False	inhibitor	GuideToPharmacology	0.051885051
1813	DRD2	1.4488e-14	7.6028	SULFATINIB	False	inhibitor	GuideToPharmacology	0.025942525
1813	DRD2	1.4488e-14	7.6028	CHLORPROTHIXENE	True	inhibitor	ChEMBL	0.083016081
1813	DRD2	1.4488e-14	7.6028	PROCHLORPERAZINE	True	inhibitor	ChEMBL	0.0296486
1813	DRD2	1.4488e-14	7.6028	TRIMIPRAMINE MALEATE	True	inhibitor	ChEMBL	0.025942525
1813	DRD2	1.4488e-14	7.6028	DROPERIDOL	True	NULL	TEND	0.1383601350084176
1813	DRD2	1.4488e-14	7.6028	HALOPERIDOL DECANOATE	True	NULL	TEND	0.021846337
1813	DRD2	1.4488e-14	7.6028	PERGOLIDE	True	NULL	TTD	0.061041236
1813	DRD2	1.4488e-14	7.6028	THIETHYLPERAZINE	True	NULL	TTD	0.056601873
1813	DRD2	1.4488e-14	7.6028	MOLINDONE	True	NULL	TEND	0.1383601350084176
1813	DRD2	1.4488e-14	7.6028	PALIPERIDONE	True	inhibitor	ChEMBL	0.051885051
1813	DRD2	1.4488e-14	7.6028	ANALGESIC AGENT	False	NULL	PharmGKB	0.041508041
1813	DRD2	1.4488e-14	7.6028	NALTREXONE	True	NULL	PharmGKB	0.024416494
1813	DRD2	1.4488e-14	7.6028	BREXPIPRAZOLE	True	NULL	TdgClinicalTrial	0.088945801
1813	DRD2	1.4488e-14	7.6028	PIMOZIDE	True	NULL	TdgClinicalTrial	0.024416494
1813	DRD2	1.4488e-14	7.6028	AMISULPRIDE	True	NULL	TEND	0.031929262
1813	DRD2	1.4488e-14	7.6028	PRAMIPEXOLE	True	NULL	TEND	0.1245241215075758
1813	DRD2	1.4488e-14	7.6028	PIMOZIDE	True	NULL	TEND	0.024416494
1813	DRD2	1.4488e-14	7.6028	OLANZAPINE	True	NULL	TTD	0.010923169
1813	DRD2	1.4488e-14	7.6028	PHENOXYBENZAMINE	True	NULL	TTD	0.018867291
1813	DRD2	1.4488e-14	7.6028	CARIPRAZINE	True	NULL	TTD	0.083016081
1813	DRD2	1.4488e-14	7.6028	PARDOPRUNOX	False	NULL	TdgClinicalTrial	0.088945801
1813	DRD2	1.4488e-14	7.6028	PRALSETINIB	True	inhibitor	GuideToPharmacology	0.0296486
1813	DRD2	1.4488e-14	7.6028	3-[(3-(2-CARBOXYETHYL)-4-METHYLPYRROL-2-YL)METHYLENE]-2-INDOLINONE	False	inhibitor	GuideToPharmacology	0.041508041
1813	DRD2	1.4488e-14	7.6028	ARIPIPRAZOLE LAUROXIL	True	agonist	ChEMBL	0.043692674
1813	DRD2	1.4488e-14	7.6028	DOCARPAMINE	False	NULL	TTD	0.2075402025126264
1813	DRD2	1.4488e-14	7.6028	REMOXIPRIDE	True	inhibitor	ChEMBL	0.1037701012563132
1813	DRD2	1.4488e-14	7.6028	THIOTHIXENE	True	inhibitor	ChEMBL	0.069180068
1813	DRD2	1.4488e-14	7.6028	BREXPIPRAZOLE	True	agonist	ChEMBL	0.088945801
1813	DRD2	1.4488e-14	7.6028	SUMANIROLE	False	agonist	ChEMBL	0.2075402025126264
1813	DRD2	1.4488e-14	7.6028	5-OH-DPAT	False	NULL	DTC	0.4150804050252529
1813	DRD2	1.4488e-14	7.6028	DEXTROAMPHETAMINE SULFATE	True	NULL	PharmGKB	0.021846337
1813	DRD2	1.4488e-14	7.6028	AMISULPRIDE	True	NULL	TdgClinicalTrial	0.031929262
1813	DRD2	1.4488e-14	7.6028	PALIPERIDONE	True	NULL	TdgClinicalTrial	0.051885051
1813	DRD2	1.4488e-14	7.6028	ERGONOVINE	False	NULL	TTD	0.051885051
1813	DRD2	1.4488e-14	7.6028	PIMOZIDE	True	NULL	TTD	0.024416494
1813	DRD2	1.4488e-14	7.6028	SB-773812	False	inhibitor	ChEMBL	0.1037701012563132
1813	DRD2	1.4488e-14	7.6028	BX-912	False	inhibitor	GuideToPharmacology	0.041508041
1813	DRD2	1.4488e-14	7.6028	CANLITINIB	False	inhibitor	GuideToPharmacology	0.1037701012563132
1813	DRD2	1.4488e-14	7.6028	GLESATINIB	False	inhibitor	GuideToPharmacology	0.02075402
1813	DRD2	1.4488e-14	7.6028	ARIPIPRAZOLE LAUROXIL	True	agonist	ChEMBL	0.043692674
1813	DRD2	1.4488e-14	7.6028	ZIPRASIDONE	True	inhibitor	ChEMBL	0.026779381
1813	DRD2	1.4488e-14	7.6028	ZIPRASIDONE	True	inhibitor	ChEMBL	0.026779381
1813	DRD2	1.4488e-14	7.6028	BLONANSERIN	False	inhibitor	ChEMBL	0.069180068
1813	DRD2	1.4488e-14	7.6028	CABERGOLINE	True	NULL	PharmGKB	0.077827576
1813	DRD2	1.4488e-14	7.6028	LUMATEPERONE	True	NULL	TdgClinicalTrial	0.059297201
1813	DRD2	1.4488e-14	7.6028	YKP-1358	False	NULL	TdgClinicalTrial	0.2075402025126264
1813	DRD2	1.4488e-14	7.6028	ARIPIPRAZOLE LAUROXIL	True	NULL	TEND	0.043692674
1813	DRD2	1.4488e-14	7.6028	THIORIDAZINE	True	NULL	TEND	0.028626235
1813	DRD2	1.4488e-14	7.6028	YKP-1358	False	NULL	TTD	0.2075402025126264
1813	DRD2	1.4488e-14	7.6028	INFIGRATINIB	True	inhibitor	GuideToPharmacology	0.007686674
1813	DRD2	1.4488e-14	7.6028	BMS-690514	False	inhibitor	GuideToPharmacology	0.051885051
1813	DRD2	1.4488e-14	7.6028	COMPOUND 19A [PMID: 30503936]	False	inhibitor	GuideToPharmacology	0.025942525
1813	DRD2	1.4488e-14	7.6028	PEGDINETANIB	False	inhibitor	GuideToPharmacology	0.1037701012563132
1813	DRD2	1.4488e-14	7.6028	PEXIDARTINIB	True	inhibitor	GuideToPharmacology	0.0148243
1813	DRD2	1.4488e-14	7.6028	VEGF RECEPTOR 2 KINASE INHIBITOR IV	False	inhibitor	GuideToPharmacology	0.2075402025126264
1813	DRD2	1.4488e-14	7.6028	REGORAFENIB	True	inhibitor	GuideToPharmacology	0.006289097
1813	DRD2	1.4488e-14	7.6028	SARIZOTAN	False	NULL	TTD	0.1037701012563132
1813	DRD2	1.4488e-14	7.6028	CARPHENAZINE	True	NULL	TdgClinicalTrial	0.1556551518844698
1813	DRD2	1.4488e-14	7.6028	CARPHENAZINE MALEATE	True	inhibitor	ChEMBL	0.069180068
1813	DRD2	1.4488e-14	7.6028	LOXAPINE HYDROCHLORIDE	True	inhibitor	ChEMBL	0.041508041
1813	DRD2	1.4488e-14	7.6028	THIORIDAZINE	True	inhibitor	ChEMBL	0.028626235
1813	DRD2	1.4488e-14	7.6028	MINAPRINE HYDROCHLORIDE	True	agonist	ChEMBL	0.023060023
1813	DRD2	1.4488e-14	7.6028	ONZIGOLIDE	False	agonist	ChEMBL	0.069180068
1813	DRD2	1.4488e-14	7.6028	SERTINDOLE	True	NULL	TdgClinicalTrial	0.0296486
1813	DRD2	1.4488e-14	7.6028	FLUSPIRILENE	True	NULL	TdgClinicalTrial	0.037734582
1813	DRD2	1.4488e-14	7.6028	ABAPERIDONE	False	NULL	TTD	0.1037701012563132
1813	DRD2	1.4488e-14	7.6028	MIVAVOTINIB	False	inhibitor	GuideToPharmacology	0.041508041
1813	DRD2	1.4488e-14	7.6028	NINGETINIB	False	inhibitor	GuideToPharmacology	0.069180068
1813	DRD2	1.4488e-14	7.6028	DROPERIDOL	True	NULL	TdgClinicalTrial	0.1383601350084176
1813	DRD2	1.4488e-14	7.6028	FLUPHENAZINE HYDROCHLORIDE	True	NULL	TdgClinicalTrial	0.028300937
1813	DRD2	1.4488e-14	7.6028	RISPERIDONE	True	NULL	TdgClinicalTrial	0.01858569
1813	DRD2	1.4488e-14	7.6028	ALTIRATINIB	False	inhibitor	GuideToPharmacology	0.02075402
1813	DRD2	1.4488e-14	7.6028	SULPIRIDE	True	NULL	TTD	0.088945801
1813	DRD2	1.4488e-14	7.6028	PRAMIPEXOLE DIHYDROCHLORIDE	True	agonist	ChEMBL	0.069180068
1813	DRD2	1.4488e-14	7.6028	BENPERIDOL	True	inhibitor	ChEMBL	0.051885051
1813	DRD2	1.4488e-14	7.6028	JNJ-37822681	False	inhibitor	ChEMBL	0.6226206075378794
1813	DRD2	1.4488e-14	7.6028	OXIDOPAMINE	False	NULL	NCI	0.02075402
1813	DRD2	1.4488e-14	7.6028	ROPINIROLE	True	NULL	PharmGKB	0.172950169
1813	DRD2	1.4488e-14	7.6028	ARIPIPRAZOLE LAUROXIL	True	NULL	TdgClinicalTrial	0.043692674
1813	DRD2	1.4488e-14	7.6028	LEVODOPA	True	NULL	TdgClinicalTrial	0.017295017
1813	DRD2	1.4488e-14	7.6028	CLOZAPINE	True	NULL	TdgClinicalTrial	0.014977128
1813	DRD2	1.4488e-14	7.6028	ZICRONAPINE	False	NULL	TTD	0.051885051
1813	DRD2	1.4488e-14	7.6028	NULL	False	NULL	TTD	NULL
1813	DRD2	1.4488e-14	7.6028	NULL	False	NULL	TTD	NULL
1813	DRD2	1.4488e-14	7.6028	NULL	False	NULL	TTD	NULL
1813	DRD2	1.4488e-14	7.6028	CABERGOLINE	True	NULL	TdgClinicalTrial	0.077827576
1813	DRD2	1.4488e-14	7.6028	JNJ-37822681	False	NULL	TTD	0.6226206075378794
1813	DRD2	1.4488e-14	7.6028	NULL	False	NULL	TTD	NULL
1813	DRD2	1.4488e-14	7.6028	NULL	False	NULL	TTD	NULL
1813	DRD2	1.4488e-14	7.6028	NULL	False	NULL	TTD	NULL
1813	DRD2	1.4488e-14	7.6028	NULL	False	NULL	TTD	NULL
1813	DRD2	1.4488e-14	7.6028	NULL	False	NULL	TTD	NULL
1813	DRD2	1.4488e-14	7.6028	CARPHENAZINE	True	NULL	TEND	0.1556551518844698
1813	DRD2	1.4488e-14	7.6028	LEVODOPA	True	NULL	TEND	0.017295017
1813	DRD2	1.4488e-14	7.6028	FAMITINIB	False	inhibitor	GuideToPharmacology	0.069180068
1813	DRD2	1.4488e-14	7.6028	ILORASERTIB	False	inhibitor	GuideToPharmacology	0.00178914
1813	DRD2	1.4488e-14	7.6028	BX-795	False	inhibitor	GuideToPharmacology	0.023060023
1813	DRD2	1.4488e-14	7.6028	CATEQUENTINIB	False	inhibitor	GuideToPharmacology	0.051885051
1813	DRD2	1.4488e-14	7.6028	PROMAZINE	True	NULL	TEND	0.021846337
1813	DRD2	1.4488e-14	7.6028	VEGFE	False	NULL	GuideToPharmacology	0.1037701012563132
1813	DRD2	1.4488e-14	7.6028	CARMOXIROLE	False	NULL	TTD	0.2075402025126264
1813	DRD2	1.4488e-14	7.6028	KI-20227	False	inhibitor	GuideToPharmacology	0.051885051
1813	DRD2	1.4488e-14	7.6028	METOCLOPRAMIDE HYDROCHLORIDE	True	NULL	TEND	0.059297201
1813	DRD2	1.4488e-14	7.6028	MESORIDAZINE BESYLATE	True	inhibitor	ChEMBL	0.1037701012563132
1813	DRD2	1.4488e-14	7.6028	FLUPHENAZINE DECANOATE	True	inhibitor	ChEMBL	0.2075402025126264
1813	DRD2	1.4488e-14	7.6028	METOCLOPRAMIDE HYDROCHLORIDE	True	inhibitor	ChEMBL	0.059297201
1813	DRD2	1.4488e-14	7.6028	PERPHENAZINE	True	NULL	TEND	0.031929262
1813	DRD2	1.4488e-14	7.6028	ROPINIROLE	True	NULL	TEND	0.172950169
1813	DRD2	1.4488e-14	7.6028	NULL	False	NULL	TTD	NULL
1813	DRD2	1.4488e-14	7.6028	NULL	False	NULL	TTD	NULL
1813	DRD2	1.4488e-14	7.6028	PHENYLTOLOXAMINE	True	NULL	TTD	0.1037701012563132
1813	DRD2	1.4488e-14	7.6028	NULL	False	NULL	TTD	NULL
1813	DRD2	1.4488e-14	7.6028	NULL	False	NULL	TTD	NULL
1813	DRD2	1.4488e-14	7.6028	BL-1020	False	NULL	TTD	0.2075402025126264
1813	DRD2	1.4488e-14	7.6028	NULL	False	NULL	TTD	NULL
1813	DRD2	1.4488e-14	7.6028	NULL	False	NULL	TTD	NULL
1813	DRD2	1.4488e-14	7.6028	NULL	False	NULL	TTD	NULL
1813	DRD2	1.4488e-14	7.6028	NULL	False	NULL	TTD	NULL
1813	DRD2	1.4488e-14	7.6028	NULL	False	NULL	TTD	NULL
1813	DRD2	1.4488e-14	7.6028	NULL	False	NULL	TTD	NULL
1813	DRD2	1.4488e-14	7.6028	NULL	False	NULL	TTD	NULL
1813	DRD2	1.4488e-14	7.6028	NULL	False	NULL	TTD	NULL
1813	DRD2	1.4488e-14	7.6028	LISURIDE	False	NULL	TTD	0.032769506
1813	DRD2	1.4488e-14	7.6028	NULL	False	NULL	TTD	NULL
1813	DRD2	1.4488e-14	7.6028	METOCLOPRAMIDE HYDROCHLORIDE	True	NULL	TTD	0.059297201
1813	DRD2	1.4488e-14	7.6028	RAMUCIRUMAB	True	antibody	GuideToPharmacology	0.034590034
1813	DRD2	1.4488e-14	7.6028	BIBF-1202	False	inhibitor	GuideToPharmacology	0.2075402025126264
1813	DRD2	1.4488e-14	7.6028	TRIFLUPROMAZINE	True	inhibitor	ChEMBL	0.077827576
1813	DRD2	1.4488e-14	7.6028	DROPERIDOL	True	inhibitor	ChEMBL	0.1383601350084176
1813	DRD2	1.4488e-14	7.6028	SERIDOPIDINE	False	modulator	ChEMBL	0.2075402025126264
1813	DRD2	1.4488e-14	7.6028	VERALIPRIDE	True	inhibitor	ChEMBL	0.2075402025126264
1813	DRD2	1.4488e-14	7.6028	PF-00217830	False	agonist	ChEMBL	0.2075402025126264
1813	DRD2	1.4488e-14	7.6028	QUINPIROLE	False	NULL	DTC	0.1037701012563132
1813	DRD2	1.4488e-14	7.6028	VEGFA	False	agonist	GuideToPharmacology	0.1037701012563132
1813	DRD2	1.4488e-14	7.6028	LENVATINIB	True	inhibitor	GuideToPharmacology	0.011530011
1813	DRD2	1.4488e-14	7.6028	PAREGORIC	True	NULL	NCI	0.009023487
1813	DRD2	1.4488e-14	7.6028	SUMATRIPTAN	True	NULL	PharmGKB	0.018046974
1813	DRD2	1.4488e-14	7.6028	PROCHLORPERAZINE	True	NULL	TdgClinicalTrial	0.0296486
1813	DRD2	1.4488e-14	7.6028	ETILEVODOPA	False	NULL	TdgClinicalTrial	0.041508041
1813	DRD2	1.4488e-14	7.6028	DROPERIDOL	True	NULL	TTD	0.1383601350084176
1813	DRD2	1.4488e-14	7.6028	PHENTOLAMINE	True	NULL	TTD	0.013836014
1813	DRD2	1.4488e-14	7.6028	TALIPEXOLE	False	NULL	TTD	0.1037701012563132
1813	DRD2	1.4488e-14	7.6028	DOVITINIB	False	inhibitor	GuideToPharmacology	0.002054853
1813	DRD2	1.4488e-14	7.6028	TELATINIB	False	inhibitor	GuideToPharmacology	0.0296486
1813	DRD2	1.4488e-14	7.6028	COMPOUND T.14	False	inhibitor	GuideToPharmacology	0.2075402025126264
1813	DRD2	1.4488e-14	7.6028	PROPIOMAZINE	True	NULL	TdgClinicalTrial	0.0296486
1813	DRD2	1.4488e-14	7.6028	ADOPRAZINE	False	inhibitor	ChEMBL	0.069180068
1813	DRD2	1.4488e-14	7.6028	APOMORPHINE	True	agonist	ChEMBL	0.030746697
1813	DRD2	1.4488e-14	7.6028	FRUQUINTINIB	True	inhibitor	GuideToPharmacology	0.0296486
1813	DRD2	1.4488e-14	7.6028	RISPERIDONE	True	NULL	TEND	0.01858569
1813	DRD2	1.4488e-14	7.6028	PERGOLIDE	True	NULL	TEND	0.061041236
1813	DRD2	1.4488e-14	7.6028	RISPERIDONE	True	NULL	TTD	0.01858569
1813	DRD2	1.4488e-14	7.6028	QUETIAPINE FUMARATE	True	NULL	DTC	0.034590034
1813	DRD2	1.4488e-14	7.6028	BROMOCRIPTINE	True	NULL	TdgClinicalTrial	0.020084536
1813	DRD2	1.4488e-14	7.6028	BUSPIRONE	True	NULL	TEND	0.059297201
1813	DRD2	1.4488e-14	7.6028	MESORIDAZINE	True	NULL	TTD	0.062262061
1813	DRD2	1.4488e-14	7.6028	CHLORPROTHIXENE	True	NULL	TTD	0.083016081
1813	DRD2	1.4488e-14	7.6028	MAZAPERTINE SUCCINATE	False	NULL	TTD	0.1037701012563132
1813	DRD2	1.4488e-14	7.6028	BROMOCRIPTINE	True	NULL	TTD	0.020084536
1813	DRD2	1.4488e-14	7.6028	BREXPIPRAZOLE	True	NULL	TTD	0.088945801
1813	DRD2	1.4488e-14	7.6028	REMOXIPRIDE	True	NULL	TdgClinicalTrial	0.1037701012563132
1813	DRD2	1.4488e-14	7.6028	CEP-11981	False	inhibitor	GuideToPharmacology	0.009882867
1813	DRD2	1.4488e-14	7.6028	MOLINDONE	True	inhibitor	ChEMBL	0.1383601350084176
1813	DRD2	1.4488e-14	7.6028	ACETOPHENAZINE MALEATE	True	inhibitor	ChEMBL	0.2075402025126264
1813	DRD2	1.4488e-14	7.6028	TRIFLUPROMAZINE HYDROCHLORIDE	True	inhibitor	ChEMBL	0.034590034
1813	DRD2	1.4488e-14	7.6028	APLINDORE FUMARATE	False	agonist	ChEMBL	0.4150804050252529
1813	DRD2	1.4488e-14	7.6028	(-)-STEPHOLIDINE	False	NULL	DTC	0.1383601350084176
1813	DRD2	1.4488e-14	7.6028	RASAGILINE	True	NULL	PharmGKB	0.059297201
1813	DRD2	1.4488e-14	7.6028	ORANTINIB	False	inhibitor	GuideToPharmacology	0.015964631
1813	DRD2	1.4488e-14	7.6028	RESENCATINIB	False	inhibitor	GuideToPharmacology	0.1037701012563132
1813	DRD2	1.4488e-14	7.6028	VEGF RECEPTOR TYROSINE KINASE INHIBITOR III	False	inhibitor	GuideToPharmacology	0.034590034
1813	DRD2	1.4488e-14	7.6028	ONC201	False	NULL	TTD	0.051885051
1813	DRD2	1.4488e-14	7.6028	PROMAZINE HYDROCHLORIDE	True	inhibitor	ChEMBL	0.025942525
1813	DRD2	1.4488e-14	7.6028	CHLORPROMAZINE	True	NULL	PharmGKB	0.072919531
1813	DRD2	1.4488e-14	7.6028	ASENAPINE	True	NULL	TdgClinicalTrial	0.016603216
1813	DRD2	1.4488e-14	7.6028	AMISULPRIDE	True	NULL	TTD	0.031929262
1813	DRD2	1.4488e-14	7.6028	MOLINDONE	True	NULL	TTD	0.1383601350084176
1813	DRD2	1.4488e-14	7.6028	PERAZINE	False	NULL	TTD	0.1037701012563132
1813	DRD2	1.4488e-14	7.6028	THIETHYLPERAZINE	True	NULL	TEND	0.056601873
1813	DRD2	1.4488e-14	7.6028	HENATINIB	False	inhibitor	GuideToPharmacology	0.069180068
1813	DRD2	1.4488e-14	7.6028	VATALANIB	False	inhibitor	GuideToPharmacology	0.011530011
1813	DRD2	1.4488e-14	7.6028	THIORIDAZINE	True	NULL	TdgClinicalTrial	0.028626235
1813	DRD2	1.4488e-14	7.6028	BROMPERIDOL	True	NULL	PharmGKB	0.6226206075378794
1813	DRD2	1.4488e-14	7.6028	DORSOMORPHIN	False	inhibitor	GuideToPharmacology	0.025942525
1813	DRD2	1.4488e-14	7.6028	BENZQUINAMIDE HYDROCHLORIDE	True	modulator	ChEMBL	0.2075402025126264
1813	DRD2	1.4488e-14	7.6028	BROMPERIDOL	True	inhibitor	ChEMBL	0.6226206075378794
1813	DRD2	1.4488e-14	7.6028	TRIFLUOPERAZINE	True	NULL	TEND	0.013836014
1813	DRD2	1.4488e-14	7.6028	THIOTHIXENE	True	NULL	TTD	0.069180068
1813	DRD2	1.4488e-14	7.6028	CABERGOLINE	True	NULL	TTD	0.077827576
1813	DRD2	1.4488e-14	7.6028	PERGOLIDE MESYLATE	True	agonist	ChEMBL	0.0296486
1813	DRD2	1.4488e-14	7.6028	PARDOPRUNOX	False	agonist	ChEMBL	0.088945801
1813	DRD2	1.4488e-14	7.6028	ROTIGOTINE	True	agonist	ChEMBL	0.062262061
1813	DRD2	1.4488e-14	7.6028	THIORIDAZINE	True	inhibitor	ChEMBL	0.028626235
1813	DRD2	1.4488e-14	7.6028	ZIPRASIDONE	True	NULL	TTD	0.026779381
1813	DRD2	1.4488e-14	7.6028	ZIPRASIDONE	True	NULL	TEND	0.026779381
1813	DRD2	1.4488e-14	7.6028	HALOPERIDOL LACTATE	True	inverse agonist	ChEMBL	0.051885051
1813	DRD2	1.4488e-14	7.6028	FLUSPIRILENE	True	inhibitor	ChEMBL	0.037734582
1813	DRD2	1.4488e-14	7.6028	LUMATEPERONE	True	inhibitor	ChEMBL	0.059297201
1813	DRD2	1.4488e-14	7.6028	SERTINDOLE	True	inhibitor	ChEMBL	0.0296486
1813	DRD2	1.4488e-14	7.6028	SERTINDOLE	True	NULL	TEND	0.0296486
1813	DRD2	1.4488e-14	7.6028	DOPEXAMINE	False	NULL	TTD	0.2075402025126264
1813	DRD2	1.4488e-14	7.6028	RISPERIDONE	True	NULL	DTC	0.01858569
1813	DRD2	1.4488e-14	7.6028	ITOPRIDE	False	NULL	TdgClinicalTrial	0.1383601350084176
1813	DRD2	1.4488e-14	7.6028	BUSPIRONE	True	NULL	TdgClinicalTrial	0.059297201
1813	DRD2	1.4488e-14	7.6028	COMPOUND 13A [PMID: 23639540]	False	inhibitor	GuideToPharmacology	0.0296486
1813	DRD2	1.4488e-14	7.6028	TOCERANIB	False	inhibitor	GuideToPharmacology	0.069180068
1813	DRD2	1.4488e-14	7.6028	NINTEDANIB ESYLATE	True	inhibitor	GuideToPharmacology	0.008301608
1813	DRD2	1.4488e-14	7.6028	VEGF RECEPTOR 2 KINASE INHIBITOR II	False	inhibitor	GuideToPharmacology	0.2075402025126264
1813	DRD2	1.4488e-14	7.6028	TIAPRIDE	False	NULL	TTD	0.1383601350084176
1813	DRD2	1.4488e-14	7.6028	ILOPERIDONE	True	NULL	TdgClinicalTrial	0.039531467
1813	DRD2	1.4488e-14	7.6028	CLEBOPRIDE	True	inhibitor	ChEMBL	0.069180068
1813	DRD2	1.4488e-14	7.6028	PERPHENAZINE	True	NULL	TTD	0.031929262
1813	DRD2	1.4488e-14	7.6028	SUNITINIB	True	inhibitor	GuideToPharmacology	0.004235514
1813	DRD2	1.4488e-14	7.6028	DIHYDROERGOTOXINE	False	NULL	TTD	0.2075402025126264
1813	DRD2	1.4488e-14	7.6028	TIAPRIDE	False	inhibitor	ChEMBL	0.1383601350084176
1813	DRD2	1.4488e-14	7.6028	DIHYDREXIDINE	False	NULL	DTC	0.059297201
1813	DRD2	1.4488e-14	7.6028	SULPIRIDE	True	NULL	TdgClinicalTrial	0.088945801
1813	DRD2	1.4488e-14	7.6028	LISURIDE	False	NULL	TEND	0.032769506
1813	DRD2	1.4488e-14	7.6028	NULL	False	NULL	TTD	NULL
1813	DRD2	1.4488e-14	7.6028	QUINAGOLIDE	False	NULL	TTD	0.4150804050252529
1813	DRD2	1.4488e-14	7.6028	NULL	False	NULL	TTD	NULL
1813	DRD2	1.4488e-14	7.6028	NULL	False	NULL	TTD	NULL
1813	DRD2	1.4488e-14	7.6028	TESEVATINIB	False	inhibitor	GuideToPharmacology	0.017295017
1813	DRD2	1.4488e-14	7.6028	DOMPERIDONE	True	NULL	TEND	0.1185944014357865
1813	DRD2	1.4488e-14	7.6028	N-(4-CHLOROPHENYL)-2-[(PYRIDIN-4-YLMETHYL)AMINO]BENZAMIDE	False	inhibitor	GuideToPharmacology	0.2075402025126264
1813	DRD2	1.4488e-14	7.6028	CLOZAPINE	True	inhibitor	ChEMBL	0.014977128
1813	DRD2	1.4488e-14	7.6028	TRIFLUOPERAZINE HYDROCHLORIDE	True	inhibitor	ChEMBL	0.018867291
1813	DRD2	1.4488e-14	7.6028	LOXAPINE	True	inhibitor	ChEMBL	0.063858524
1813	DRD2	1.4488e-14	7.6028	THIETHYLPERAZINE MALEATE	True	inhibitor	ChEMBL	0.2075402025126264
1813	DRD2	1.4488e-14	7.6028	THIOTHIXENE HYDROCHLORIDE	True	inhibitor	ChEMBL	0.069180068
1813	DRD2	1.4488e-14	7.6028	ROPINIROLE	True	NULL	TdgClinicalTrial	0.172950169
1813	DRD2	1.4488e-14	7.6028	JNJ-37822681	False	NULL	TdgClinicalTrial	0.6226206075378794
1813	DRD2	1.4488e-14	7.6028	NULL	False	NULL	TdgClinicalTrial	NULL
1813	DRD2	1.4488e-14	7.6028	PROMAZINE	True	NULL	TdgClinicalTrial	0.021846337
1813	DRD2	1.4488e-14	7.6028	LOXAPINE	True	NULL	TEND	0.063858524
1813	DRD2	1.4488e-14	7.6028	NULL	False	NULL	TTD	NULL
1813	DRD2	1.4488e-14	7.6028	NULL	False	NULL	TTD	NULL
1813	DRD2	1.4488e-14	7.6028	NULL	False	NULL	TTD	NULL
1813	DRD2	1.4488e-14	7.6028	NULL	False	NULL	TTD	NULL
1813	DRD2	1.4488e-14	7.6028	ROPINIROLE	True	NULL	TTD	0.172950169
1813	DRD2	1.4488e-14	7.6028	NULL	False	NULL	TTD	NULL
1813	DRD2	1.4488e-14	7.6028	NULL	False	NULL	TTD	NULL
1813	DRD2	1.4488e-14	7.6028	PAZOPANIB	True	inhibitor	GuideToPharmacology	0.003578279
1813	DRD2	1.4488e-14	7.6028	VANDETANIB	True	inhibitor	GuideToPharmacology	0.003578279
1813	DRD2	1.4488e-14	7.6028	RIVOCERANIB	False	inhibitor	GuideToPharmacology	0.051885051
1813	DRD2	1.4488e-14	7.6028	ERGOLOID MESYLATES, USP	True	agonist	ChEMBL	0.015964631
1813	DRD2	1.4488e-14	7.6028	AMOXAPINE	True	inhibitor	ChEMBL	0.013836014
1813	DRD2	1.4488e-14	7.6028	CHLORPROMAZINE HYDROCHLORIDE	True	inhibitor	ChEMBL	0.012208247
1813	DRD2	1.4488e-14	7.6028	LOXAPINE SUCCINATE	True	inhibitor	ChEMBL	0.034590034
1813	DRD2	1.4488e-14	7.6028	ERGOT ALKALOIDS	False	NULL	PharmGKB	0.069180068
1813	DRD2	1.4488e-14	7.6028	MELEVODOPA	True	NULL	TdgClinicalTrial	0.0296486
1813	DRD2	1.4488e-14	7.6028	TRIFLUPROMAZINE	True	NULL	TdgClinicalTrial	0.077827576
1813	DRD2	1.4488e-14	7.6028	FLUPENTHIXOL	False	NULL	TEND	0.055344054
1813	DRD2	1.4488e-14	7.6028	FLUPHENAZINE HYDROCHLORIDE	True	NULL	TEND	0.028300937
1813	DRD2	1.4488e-14	7.6028	PROPIOMAZINE	True	NULL	TEND	0.0296486
1813	DRD2	1.4488e-14	7.6028	ZUCLOPENTHIXOL	True	NULL	TEND	0.1556551518844698
1813	DRD2	1.4488e-14	7.6028	TOLAZOLINE	True	NULL	TTD	0.041508041
1813	DRD2	1.4488e-14	7.6028	DENOPAMINE	False	NULL	TTD	0.1037701012563132
1813	DRD2	1.4488e-14	7.6028	ENMD-2076	False	inhibitor	GuideToPharmacology	0.006694845
1813	DRD2	1.4488e-14	7.6028	IBCASERTIB	False	inhibitor	GuideToPharmacology	0.025942525
1813	DRD2	1.4488e-14	7.6028	ROPINIROLE HYDROCHLORIDE	True	agonist	ChEMBL	0.051885051
1813	DRD2	1.4488e-14	7.6028	PHENYLEPHRINE	True	NULL	TTD	0.012971263
1813	DRD2	1.4488e-14	7.6028	HALOPERIDOL DECANOATE	True	NULL	TTD	0.021846337
1813	DRD2	1.4488e-14	7.6028	BIFEPRUNOX	False	NULL	TdgClinicalTrial	0.069180068
1813	DRD2	1.4488e-14	7.6028	LURASIDONE HYDROCHLORIDE	True	NULL	TdgClinicalTrial	0.1037701012563132
1813	DRD2	1.4488e-14	7.6028	HALOPERIDOL DECANOATE	True	NULL	NCI	0.021846337
1813	DRD2	1.4488e-14	7.6028	APOMORPHINE	True	NULL	TEND	0.030746697
1813	DRD2	1.4488e-14	7.6028	PROCHLORPERAZINE	True	inhibitor	ChEMBL	0.0296486
1813	DRD2	1.4488e-14	7.6028	PROCHLORPERAZINE	True	inhibitor	ChEMBL	0.0296486
1813	DRD2	1.4488e-14	7.6028	CHLORPROTHIXENE	True	NULL	TEND	0.083016081
1813	DRD2	1.4488e-14	7.6028	LURASIDONE HYDROCHLORIDE	True	NULL	TEND	0.1037701012563132
1813	DRD2	1.4488e-14	7.6028	METHOTRIMEPRAZINE	True	NULL	TTD	0.0296486
1813	DRD2	1.4488e-14	7.6028	ZUCLOPENTHIXOL	True	NULL	TTD	0.1556551518844698
1813	DRD2	1.4488e-14	7.6028	TRIFLUOPERAZINE	True	NULL	TdgClinicalTrial	0.013836014
1813	DRD2	1.4488e-14	7.6028	FLUSPIRILENE	True	NULL	TEND	0.037734582
1813	DRD2	1.4488e-14	7.6028	FLUSPIRILENE	True	NULL	TTD	0.037734582
1813	DRD2	1.4488e-14	7.6028	UMESPIRONE	False	NULL	TTD	0.1037701012563132
1813	DRD2	1.4488e-14	7.6028	THIORIDAZINE	True	NULL	TTD	0.028626235
1813	DRD2	1.4488e-14	7.6028	FLUPENTHIXOL	False	NULL	DTC	0.055344054
1813	DRD2	1.4488e-14	7.6028	DEXPRAMIPEXOLE	False	NULL	TdgClinicalTrial	0.069180068
1813	DRD2	1.4488e-14	7.6028	CHLORPROTHIXENE	True	NULL	TdgClinicalTrial	0.083016081
1813	DRD2	1.4488e-14	7.6028	BROMOCRIPTINE	True	NULL	TEND	0.020084536
1813	DRD2	1.4488e-14	7.6028	LY2874455	False	inhibitor	GuideToPharmacology	0.0296486
4978	OPCML	1.7637e-11	6.6227	METHYLPHENIDATE HYDROCHLORIDE	True	NULL	PharmGKB	2.282942227638891
775	CACNA1C	4.905e-07	4.8954	AMLODIPINE BESYLATE	True	NULL	PharmGKB	0.297915865
775	CACNA1C	4.905e-07	4.8954	AZD1305	False	blocker	ChEMBL	0.1861974157294131
775	CACNA1C	4.905e-07	4.8954	CELECOXIB	True	NULL	PharmGKB	0.033348791
775	CACNA1C	4.905e-07	4.8954	PHLOROGLUCINOL	True	blocker	ChEMBL	0.042968634
775	CACNA1C	4.905e-07	4.8954	CLEVIDIPINE	True	NULL	TdgClinicalTrial	0.31919557
775	CACNA1C	4.905e-07	4.8954	FELODIPINE	True	NULL	TdgClinicalTrial	0.2628669398532891
775	CACNA1C	4.905e-07	4.8954	GABAPENTIN ENACARBIL	True	modulator	ChEMBL	0.041377203
775	CACNA1C	4.905e-07	4.8954	SULOCTIDIL	True	blocker	ChEMBL	0.042968634
775	CACNA1C	4.905e-07	4.8954	NITRENDIPINE	True	blocker	ChEMBL	0.1117184494376478
775	CACNA1C	4.905e-07	4.8954	ARVERAPAMIL	False	NULL	TdgClinicalTrial	0.1117184494376478
775	CACNA1C	4.905e-07	4.8954	DEHYDRATED ALCOHOL	True	NULL	PharmGKB	0.028283152
775	CACNA1C	4.905e-07	4.8954	NILVADIPINE	False	blocker	ChEMBL	0.2234368988752957
775	CACNA1C	4.905e-07	4.8954	BENIDIPINE	False	blocker	ChEMBL	0.2234368988752957
775	CACNA1C	4.905e-07	4.8954	DRONEDARONE HYDROCHLORIDE	True	blocker	ChEMBL	0.069824031
775	CACNA1C	4.905e-07	4.8954	IBUTILIDE	True	NULL	TdgClinicalTrial	0.31919557
775	CACNA1C	4.905e-07	4.8954	NIMODIPINE	True	blocker	ChEMBL	0.058799184
775	CACNA1C	4.905e-07	4.8954	PREGABALIN	True	modulator	ChEMBL	0.042968634
775	CACNA1C	4.905e-07	4.8954	CALCIUM CHANNEL BLOCKER	False	NULL	PharmGKB	0.3723948314588262
775	CACNA1C	4.905e-07	4.8954	FELODIPINE	True	NULL	PharmGKB	0.2628669398532891
775	CACNA1C	4.905e-07	4.8954	IMAGABALIN	False	modulator	ChEMBL	0.042968634
775	CACNA1C	4.905e-07	4.8954	NULL	False	NULL	TdgClinicalTrial	NULL
775	CACNA1C	4.905e-07	4.8954	ATENOLOL	True	NULL	PharmGKB	0.062065805
775	CACNA1C	4.905e-07	4.8954	BEPRIDIL HYDROCHLORIDE	True	blocker	ChEMBL	0.042968634
775	CACNA1C	4.905e-07	4.8954	NULL	False	NULL	TTD	NULL
775	CACNA1C	4.905e-07	4.8954	AMLODIPINE BESYLATE	True	blocker	ChEMBL	0.297915865
775	CACNA1C	4.905e-07	4.8954	ATAGABALIN	False	modulator	ChEMBL	0.042968634
775	CACNA1C	4.905e-07	4.8954	VERAPAMIL	True	blocker	ChEMBL	0.074478966
775	CACNA1C	4.905e-07	4.8954	LERCANIDIPINE HYDROCHLORIDE	True	blocker	ChEMBL	0.2234368988752957
775	CACNA1C	4.905e-07	4.8954	AZELNIDIPINE	False	blocker	ChEMBL	0.1861974157294131
775	CACNA1C	4.905e-07	4.8954	DILTIAZEM MALATE	True	blocker	ChEMBL	0.2792961235941196
775	CACNA1C	4.905e-07	4.8954	DILTIAZEM HYDROCHLORIDE	True	blocker	ChEMBL	0.069824031
775	CACNA1C	4.905e-07	4.8954	CLEVIDIPINE	True	blocker	ChEMBL	0.31919557
775	CACNA1C	4.905e-07	4.8954	NISOLDIPINE	True	blocker	ChEMBL	0.065716735
775	CACNA1C	4.905e-07	4.8954	VALPROIC ACID	True	NULL	PharmGKB	0.039199456
775	CACNA1C	4.905e-07	4.8954	CINNARIZINE	True	blocker	ChEMBL	0.101562227
775	CACNA1C	4.905e-07	4.8954	TERODILINE HYDROCHLORIDE	True	blocker	ChEMBL	0.036038209
775	CACNA1C	4.905e-07	4.8954	NICARDIPINE	True	NULL	TdgClinicalTrial	0.1396480617970598
775	CACNA1C	4.905e-07	4.8954	ISRADIPINE	True	blocker	ChEMBL	0.2792961235941196
775	CACNA1C	4.905e-07	4.8954	ISRADIPINE	True	NULL	TEND	0.2792961235941196
775	CACNA1C	4.905e-07	4.8954	NICARDIPINE HYDROCHLORIDE	True	blocker	ChEMBL	0.1241316104862754
775	CACNA1C	4.905e-07	4.8954	MEPIRODIPINE	False	blocker	ChEMBL	0.2792961235941196
775	CACNA1C	4.905e-07	4.8954	LACIDIPINE	True	blocker	ChEMBL	0.2792961235941196
775	CACNA1C	4.905e-07	4.8954	NICARDIPINE	True	NULL	TEND	0.1396480617970598
775	CACNA1C	4.905e-07	4.8954	IBUTILIDE	True	NULL	TEND	0.31919557
775	CACNA1C	4.905e-07	4.8954	VERAPAMIL	True	NULL	TdgClinicalTrial	0.074478966
775	CACNA1C	4.905e-07	4.8954	NIFEDIPINE	True	blocker	ChEMBL	0.019949723
775	CACNA1C	4.905e-07	4.8954	VERAPAMIL	True	NULL	TEND	0.074478966
775	CACNA1C	4.905e-07	4.8954	MANIDIPINE	False	blocker	ChEMBL	0.2792961235941196
775	CACNA1C	4.905e-07	4.8954	AMLODIPINE BESYLATE	True	NULL	TdgClinicalTrial	0.297915865
775	CACNA1C	4.905e-07	4.8954	AMLODIPINE MALEATE	True	blocker	ChEMBL	0.2792961235941196
775	CACNA1C	4.905e-07	4.8954	ELPETRIGINE	False	blocker	ChEMBL	0.1241316104862754
775	CACNA1C	4.905e-07	4.8954	LEVAMLODIPINE MALEATE	True	blocker	ChEMBL	0.2792961235941196
775	CACNA1C	4.905e-07	4.8954	GABAPENTIN	True	modulator	ChEMBL	0.027929612
775	CACNA1C	4.905e-07	4.8954	HALOPERIDOL DECANOATE	True	NULL	PharmGKB	0.029399592
775	CACNA1C	4.905e-07	4.8954	CILNIDIPINE	False	blocker	ChEMBL	0.1595977849109255
775	CACNA1C	4.905e-07	4.8954	FELODIPINE	True	blocker	ChEMBL	0.2628669398532891
775	CACNA1C	4.905e-07	4.8954	AMLODIPINE BENZOATE	True	blocker	ChEMBL	0.2792961235941196
775	CACNA1C	4.905e-07	4.8954	CITALOPRAM	True	NULL	PharmGKB	0.063839114
775	CACNA1C	4.905e-07	4.8954	ISRADIPINE	True	NULL	TdgClinicalTrial	0.2792961235941196
775	CACNA1C	4.905e-07	4.8954	RAUWOLFIA SERPENTINA (USP)	True	NULL	TTD	0.1396480617970598
51347	TAOK3	1.1064e-08	5.5945	PAREGORIC	True	NULL	PharmGKB	2.282942227638891
51347	TAOK3	1.1064e-08	5.5945	NULL	False	NULL	PharmGKB	NULL
81624	DIAPH3	2.2152e-10	6.2381	HYDROCHLOROTHIAZIDE	True	NULL	PharmGKB	2.282942227638891
10253	SPRY2	1.4084e-09	5.9419	CAPECITABINE	True	NULL	PharmGKB	1.944728564284981
64067	NPAS3	7.2897e-07	4.8169	RISPERIDONE	True	NULL	PharmGKB	1.567393171214761
2100	ESR2	1.6453e-07	5.106	NULL	False	NULL	TdgClinicalTrial	NULL
2100	ESR2	1.6453e-07	5.106	MK-6913	False	NULL	TdgClinicalTrial	0.6250913242344582
2100	ESR2	1.6453e-07	5.106	NULL	False	NULL	TdgClinicalTrial	NULL
2100	ESR2	1.6453e-07	5.106	OSPEMIFENE	True	modulator	ChEMBL	0.375054795
2100	ESR2	1.6453e-07	5.106	NULL	False	NULL	TTD	NULL
2100	ESR2	1.6453e-07	5.106	PRINABEREL	False	agonist	ChEMBL	0.9376369863516875
2100	ESR2	1.6453e-07	5.106	MK-6913	False	agonist	ChEMBL	0.6250913242344582
2100	ESR2	1.6453e-07	5.106	EXEMESTANE	True	NULL	PharmGKB	0.073540156
2100	ESR2	1.6453e-07	5.106	BITHIONOL	True	NULL	DTC	0.026045472
2100	ESR2	1.6453e-07	5.106	PCC0208017	False	inhibitor	GuideToPharmacology	0.3125456621172291
2100	ESR2	1.6453e-07	5.106	RIBOCICLIB	True	NULL	PharmGKB	0.034727296
2100	ESR2	1.6453e-07	5.106	SACITUZUMAB GOVITECAN	True	NULL	PharmGKB	0.069454592
2100	ESR2	1.6453e-07	5.106	TAMOXIFEN	True	NULL	CIViC	0.076934317
2100	ESR2	1.6453e-07	5.106	QUINESTROL	True	agonist	ChEMBL	0.1250182648468916
2100	ESR2	1.6453e-07	5.106	AUS-131	False	agonist	ChEMBL	1.875273972703375
2100	ESR2	1.6453e-07	5.106	ACOLBIFENE	False	modulator	ChEMBL	0.3125456621172291
2100	ESR2	1.6453e-07	5.106	TRILOSTANE	True	NULL	TTD	0.1041818873724097
2100	ESR2	1.6453e-07	5.106	(S)-LIQUIRITIGENIN	False	agonist	GuideToPharmacology	0.3125456621172291
2100	ESR2	1.6453e-07	5.106	FULVESTRANT	True	inhibitor	GuideToPharmacology	0.1302273592155121
2100	ESR2	1.6453e-07	5.106	ESTRADIOL VALERATE	True	agonist	GuideToPharmacology	0.093098708
2100	ESR2	1.6453e-07	5.106	R,R-THC	False	inhibitor	GuideToPharmacology	0.3125456621172291
2100	ESR2	1.6453e-07	5.106	FERB 033	False	agonist	GuideToPharmacology	0.6250913242344582
2100	ESR2	1.6453e-07	5.106	SYNTHETIC CONJUGATED ESTROGENS, B	True	agonist	ChEMBL	0.3125456621172291
2100	ESR2	1.6453e-07	5.106	DIETHYLSTILBESTROL DIPHOSPHATE	True	agonist	ChEMBL	0.2083637747448194
2100	ESR2	1.6453e-07	5.106	IDOXIFENE	False	modulator	ChEMBL	0.1562728310586145
2100	ESR2	1.6453e-07	5.106	GENISTEIN	True	NULL	TTD	0.021554873
2100	ESR2	1.6453e-07	5.106	PRINABEREL	False	NULL	TTD	0.9376369863516875
2100	ESR2	1.6453e-07	5.106	GENISTEIN	True	agonist	GuideToPharmacology	0.021554873
2100	ESR2	1.6453e-07	5.106	WAY200070	False	agonist	GuideToPharmacology	0.3125456621172291
2100	ESR2	1.6453e-07	5.106	PRINABEREL	False	agonist	GuideToPharmacology	0.9376369863516875
2100	ESR2	1.6453e-07	5.106	PCC0105003	False	inhibitor	GuideToPharmacology	0.1562728310586145
2100	ESR2	1.6453e-07	5.106	ALPELISIB	True	NULL	PharmGKB	0.017859752
2100	ESR2	1.6453e-07	5.106	ESTRIOL	True	modulator	ChEMBL	0.3125456621172291
2100	ESR2	1.6453e-07	5.106	LASOFOXIFENE	True	modulator	ChEMBL	0.4167275494896388
2100	ESR2	1.6453e-07	5.106	CHEMBL:CHEMBL2332580	False	NULL	DTC	1.250182648468916
2100	ESR2	1.6453e-07	5.106	ESTROGEN	True	NULL	TdgClinicalTrial	0.6250913242344582
2100	ESR2	1.6453e-07	5.106	ETHINYL ESTRADIOL	True	agonist	GuideToPharmacology	0.031254566
2100	ESR2	1.6453e-07	5.106	COMPOUND 14 [PMID: 34333981]	False	inhibitor	GuideToPharmacology	0.3125456621172291
2100	ESR2	1.6453e-07	5.106	TOREMIFENE	True	NULL	TdgClinicalTrial	0.1442518440541057
2100	ESR2	1.6453e-07	5.106	ICI-164384	False	NULL	DTC	0.6250913242344582
2100	ESR2	1.6453e-07	5.106	TAMOXIFEN	True	NULL	TEND	0.076934317
2100	ESR2	1.6453e-07	5.106	CHEMBL:CHEMBL600336	False	NULL	DTC	0.056826484
2100	ESR2	1.6453e-07	5.106	ESTROGENS, CONJUGATED (USP)	True	NULL	TTD	0.1389091831632129
2100	ESR2	1.6453e-07	5.106	OLAPARIB	True	NULL	PharmGKB	0.014206621
2100	ESR2	1.6453e-07	5.106	BAZEDOXIFENE ACETATE	True	modulator	ChEMBL	0.2083637747448194
2100	ESR2	1.6453e-07	5.106	RITUXIMAB	True	NULL	PharmGKB	0.013890918
2100	ESR2	1.6453e-07	5.106	ALENDRONATE SODIUM	True	NULL	PharmGKB	0.1041818873724097
2100	ESR2	1.6453e-07	5.106	NULL	False	NULL	TTD	NULL
2100	ESR2	1.6453e-07	5.106	DROLOXIFENE	False	modulator	ChEMBL	0.1041818873724097
2100	ESR2	1.6453e-07	5.106	TAMOXIFEN	True	NULL	PharmGKB	0.076934317
2100	ESR2	1.6453e-07	5.106	AUS-131	False	NULL	TdgClinicalTrial	1.875273972703375
2100	ESR2	1.6453e-07	5.106	SIVIFENE	False	NULL	TdgClinicalTrial	0.3125456621172291
2100	ESR2	1.6453e-07	5.106	CHLOROTRIANISENE	True	modulator	ChEMBL	0.1250182648468916
2100	ESR2	1.6453e-07	5.106	ESTROGENS, ESTERIFIED (USP)	True	agonist	ChEMBL	0.3125456621172291
2100	ESR2	1.6453e-07	5.106	AFIMOXIFENE	False	modulator	ChEMBL	0.04464938
2100	ESR2	1.6453e-07	5.106	RALOXIFENE HYDROCHLORIDE	True	inhibitor	GuideToPharmacology	0.087512785
2100	ESR2	1.6453e-07	5.106	SACITUZUMAB GOVITECAN	True	NULL	PharmGKB	0.069454592
2100	ESR2	1.6453e-07	5.106	ERTEBEREL	False	agonist	ChEMBL	1.250182648468916
2100	ESR2	1.6453e-07	5.106	ESTRAMUSTINE PHOSPHATE SODIUM	True	modulator	ChEMBL	0.3125456621172291
2100	ESR2	1.6453e-07	5.106	TOREMIFENE	True	modulator	ChEMBL	0.1442518440541057
2100	ESR2	1.6453e-07	5.106	LY2245461	False	modulator	ChEMBL	0.3125456621172291
2100	ESR2	1.6453e-07	5.106	ARZOXIFENE	False	modulator	ChEMBL	0.6250913242344582
2100	ESR2	1.6453e-07	5.106	ESTETROL	True	agonist	ChEMBL	0.3125456621172291
2100	ESR2	1.6453e-07	5.106	LAPATINIB	True	NULL	PharmGKB	0.020164236
2100	ESR2	1.6453e-07	5.106	ARZOXIFENE	False	NULL	TTD	0.6250913242344582
2100	ESR2	1.6453e-07	5.106	PHTPP	False	inhibitor	GuideToPharmacology	0.6250913242344582
2100	ESR2	1.6453e-07	5.106	TOREMIFENE	True	NULL	PharmGKB	0.1442518440541057
2100	ESR2	1.6453e-07	5.106	IXABEPILONE	True	NULL	PharmGKB	0.028413242
2100	ESR2	1.6453e-07	5.106	MF101	False	agonist	ChEMBL	1.250182648468916
2100	ESR2	1.6453e-07	5.106	ESTROGEN	True	NULL	TTD	0.6250913242344582
2100	ESR2	1.6453e-07	5.106	LASOFOXIFENE	True	agonist	GuideToPharmacology	0.4167275494896388
2100	ESR2	1.6453e-07	5.106	ERTEBEREL	False	NULL	TTD	1.250182648468916
2100	ESR2	1.6453e-07	5.106	NARINGENIN	False	NULL	TTD	0.089298761
2100	ESR2	1.6453e-07	5.106	AC-186	False	agonist	GuideToPharmacology	0.3125456621172291
2100	ESR2	1.6453e-07	5.106	CHF4227	False	modulator	ChEMBL	0.3125456621172291
2100	ESR2	1.6453e-07	5.106	CAPIVASERTIB	True	NULL	PharmGKB	0.04464938
2100	ESR2	1.6453e-07	5.106	RALOXIFENE HYDROCHLORIDE	True	NULL	TdgClinicalTrial	0.087512785
2100	ESR2	1.6453e-07	5.106	RALOXIFENE HYDROCHLORIDE	True	NULL	TEND	0.087512785
2100	ESR2	1.6453e-07	5.106	FAM-TRASTUZUMAB DERUXTECAN-NXKI	True	NULL	PharmGKB	0.1562728310586145
2100	ESR2	1.6453e-07	5.106	ALLYLESTRENOL	True	agonist	ChEMBL	0.2083637747448194
2100	ESR2	1.6453e-07	5.106	GOSERELIN ACETATE	True	NULL	PharmGKB	0.069454592
2100	ESR2	1.6453e-07	5.106	DOCETAXEL ANHYDROUS	True	NULL	PharmGKB	0.007531221
2100	ESR2	1.6453e-07	5.106	ESTROGENS, CONJUGATED (USP)	True	agonist	ChEMBL	0.1389091831632129
2100	ESR2	1.6453e-07	5.106	ESTRONE	True	agonist	GuideToPharmacology	0.056826484
2100	ESR2	1.6453e-07	5.106	AFIMOXIFENE	False	inhibitor	GuideToPharmacology	0.1250182648468916
2100	ESR2	1.6453e-07	5.106	BISPHENOL A	False	agonist	GuideToPharmacology	0.3125456621172291
2100	ESR2	1.6453e-07	5.106	ESTRADIOL VALERATE	True	NULL	DTC	0.093098708
2100	ESR2	1.6453e-07	5.106	RALOXIFENE HYDROCHLORIDE	True	NULL	DTC	0.087512785
2100	ESR2	1.6453e-07	5.106	ERIBULIN MESYLATE	True	NULL	PharmGKB	0.025003653
2100	ESR2	1.6453e-07	5.106	GEMCITABINE	True	NULL	PharmGKB	0.013442824
2100	ESR2	1.6453e-07	5.106	BAZEDOXIFENE	True	NULL	TdgClinicalTrial	0.2500365296937833
2100	ESR2	1.6453e-07	5.106	RALOXIFEN	True	NULL	TdgClinicalTrial	0.3125456621172291
2100	ESR2	1.6453e-07	5.106	TAMOXIFEN	True	NULL	TdgClinicalTrial	0.076934317
2100	ESR2	1.6453e-07	5.106	MENERBA	False	NULL	TTD	0.6250913242344582
2100	ESR2	1.6453e-07	5.106	BAZEDOXIFENE	True	inhibitor	GuideToPharmacology	0.2500365296937833
2100	ESR2	1.6453e-07	5.106	ESTROGENS, CONJUGATED SYNTHETIC A	True	agonist	ChEMBL	0.3125456621172291
2100	ESR2	1.6453e-07	5.106	FULVESTRANT	True	NULL	PharmGKB	0.1302273592155121
2100	ESR2	1.6453e-07	5.106	TAS-108	False	NULL	TdgClinicalTrial	0.3125456621172291
2100	ESR2	1.6453e-07	5.106	CHF 4227	False	NULL	TdgClinicalTrial	0.3125456621172291
2100	ESR2	1.6453e-07	5.106	OSPEMIFENE	True	NULL	TdgClinicalTrial	0.375054795
2100	ESR2	1.6453e-07	5.106	OSPEMIFENE	True	inhibitor	GuideToPharmacology	0.375054795
2100	ESR2	1.6453e-07	5.106	ESTRIOL	True	agonist	GuideToPharmacology	0.3125456621172291
2100	ESR2	1.6453e-07	5.106	DIETHYLSTILBESTROL	True	agonist	GuideToPharmacology	0.018942161
2100	ESR2	1.6453e-07	5.106	HPTE	False	inhibitor	GuideToPharmacology	0.2083637747448194
2100	ESR2	1.6453e-07	5.106	TAMOXIFEN	True	NULL	DTC	0.076934317
2100	ESR2	1.6453e-07	5.106	NERATINIB	True	NULL	PharmGKB	0.04464938
2100	ESR2	1.6453e-07	5.106	ESTRADIOL VALERATE	True	NULL	TEND	0.093098708
2100	ESR2	1.6453e-07	5.106	EXEMESTANE	True	NULL	CIViC	0.073540156
2100	ESR2	1.6453e-07	5.106	RITUXIMAB	True	NULL	PharmGKB	0.013890918
2100	ESR2	1.6453e-07	5.106	FISPEMIFENE	False	NULL	TdgClinicalTrial	0.6250913242344582
2100	ESR2	1.6453e-07	5.106	NULL	False	NULL	TTD	NULL
2100	ESR2	1.6453e-07	5.106	FISPEMIFENE	False	modulator	ChEMBL	0.6250913242344582
2100	ESR2	1.6453e-07	5.106	CR 1447	False	agonist	ChEMBL	0.3125456621172291
2100	ESR2	1.6453e-07	5.106	CYCLOFENIL	True	modulator	ChEMBL	0.1562728310586145
2100	ESR2	1.6453e-07	5.106	ABEMACICLIB	True	NULL	PharmGKB	0.032899543
2100	ESR2	1.6453e-07	5.106	NULL	False	NULL	TdgClinicalTrial	NULL
2100	ESR2	1.6453e-07	5.106	NULL	False	NULL	TdgClinicalTrial	NULL
2100	ESR2	1.6453e-07	5.106	DIARYLPROPIONITRILE	False	agonist	GuideToPharmacology	0.3125456621172291
2100	ESR2	1.6453e-07	5.106	PALBOCICLIB	True	NULL	PharmGKB	0.012756966
2100	ESR2	1.6453e-07	5.106	FULVESTRANT	True	NULL	DTC	0.1302273592155121
2100	ESR2	1.6453e-07	5.106	EVEROLIMUS	True	NULL	PharmGKB	0.017859752
2100	ESR2	1.6453e-07	5.106	FULVESTRANT	True	inhibitor	ChEMBL	0.1302273592155121
2100	ESR2	1.6453e-07	5.106	MF101	False	NULL	TdgClinicalTrial	1.250182648468916
2100	ESR2	1.6453e-07	5.106	RALOXIFENE HYDROCHLORIDE	True	modulator	ChEMBL	0.087512785
2100	ESR2	1.6453e-07	5.106	RALOXIFENE HYDROCHLORIDE	True	NULL	PharmGKB	0.087512785
2100	ESR2	1.6453e-07	5.106	ESTRADIOL VALERATE	True	NULL	TdgClinicalTrial	0.093098708
2100	ESR2	1.6453e-07	5.106	AUS-131	False	NULL	TTD	1.875273972703375
2100	ESR2	1.6453e-07	5.106	NORENDOXIFEN	False	agonist	GuideToPharmacology	0.2083637747448194
2100	ESR2	1.6453e-07	5.106	TAMOXIFEN	True	agonist	GuideToPharmacology	0.076934317
2100	ESR2	1.6453e-07	5.106	TAMOXIFEN	True	inhibitor	GuideToPharmacology	0.076934317
1743	DLST	8.2905e-10	6.0282	[125I]GDNF (RAT)	False	NULL	GuideToPharmacology	52.50767123569449
4140	MARK3	4.4231e-11	6.4855	GW441756X	False	NULL	DTC	0.038467158
4140	MARK3	4.4231e-11	6.4855	GO-6976	False	NULL	DTC	0.05814803
4140	MARK3	4.4231e-11	6.4855	LY-2090314	False	NULL	DTC	0.096167896
4140	MARK3	4.4231e-11	6.4855	CBP-501	False	NULL	TTD	1.250182648468916
4140	MARK3	4.4231e-11	6.4855	DOVITINIB	False	NULL	DTC	0.024756092
4140	MARK3	4.4231e-11	6.4855	NVP-TAE684	False	NULL	DTC	0.024275391
4140	MARK3	4.4231e-11	6.4855	CENISERTIB	False	NULL	DTC	0.021189536
4140	MARK3	4.4231e-11	6.4855	SOTRASTAURIN	False	NULL	DTC	0.040989595
4140	MARK3	4.4231e-11	6.4855	GSK-269962A	False	NULL	DTC	0.056826484
4140	MARK3	4.4231e-11	6.4855	SP-600125	False	NULL	DTC	0.028093992
4140	MARK3	4.4231e-11	6.4855	CP-547632	False	NULL	DTC	0.056826484
4140	MARK3	4.4231e-11	6.4855	ALSTERPAULLONE	False	NULL	DTC	0.048083948
4140	MARK3	4.4231e-11	6.4855	TAMATINIB	False	NULL	DTC	0.030868707
4140	MARK3	4.4231e-11	6.4855	ILORASERTIB	False	NULL	DTC	0.021554873
4140	MARK3	4.4231e-11	6.4855	KENPAULLONE	False	NULL	DTC	0.052090944
4140	MARK3	4.4231e-11	6.4855	DIMETHYLADENINE	False	NULL	DTC	0.2778183663264259
4140	MARK3	4.4231e-11	6.4855	TOZASERTIB	False	NULL	DTC	0.034251579
4140	MARK3	4.4231e-11	6.4855	JNJ-7706621	False	NULL	DTC	0.045461187
4140	MARK3	4.4231e-11	6.4855	CYC-116	False	NULL	DTC	0.025776962
4140	MARK3	4.4231e-11	6.4855	CHEMBL:CHEMBL578061	False	NULL	DTC	0.1000146118775133
4140	MARK3	4.4231e-11	6.4855	PF-562271	False	NULL	DTC	0.023151531
3831	KLC1	4.8354e-11	6.472	FLUOROURACIL	True	NULL	PharmGKB	0.2941606231691568
3831	KLC1	4.8354e-11	6.472	IRINOTECAN HYDROCHLORIDE	True	NULL	PharmGKB	0.5556367326528519
3831	KLC1	4.8354e-11	6.472	LEUCOVORIN CALCIUM	True	NULL	PharmGKB	0.9460841664089098
7517	XRCC3	2.7354e-11	6.5575	FLUOROURACIL	True	NULL	PharmGKB	0.2206204673768676
7517	XRCC3	2.7354e-11	6.5575	IRINOTECAN HYDROCHLORIDE	True	NULL	PharmGKB	0.4167275494896388
7517	XRCC3	2.7354e-11	6.5575	LEUCOVORIN CALCIUM	True	NULL	PharmGKB	0.7095631248066825
7517	XRCC3	2.7354e-11	6.5575	DOCETAXEL ANHYDROUS	True	NULL	PharmGKB	0.2108741816694558
7517	XRCC3	2.7354e-11	6.5575	OXALIPLATIN	True	NULL	PharmGKB	0.4268916360625569
7517	XRCC3	2.7354e-11	6.5575	CISPLATIN	True	NULL	PharmGKB	0.1207072901969988
22893	BAHD1	3.2573e-08	5.4041	VINCRISTINE	True	NULL	PharmGKB	1.29648571
5888	RAD51	1.2005e-06	4.7164	AMUVATINIB	False	NULL	TdgClinicalTrial	15.00219178162699
5888	RAD51	1.2005e-06	4.7164	AMUVATINIB	False	inhibitor	TALC	15.00219178162699
84465	MEGF11	4.4802e-10	6.1269	FLUOROURACIL	True	NULL	PharmGKB	0.4412409347537352
5045	FURIN	3.2617e-10	6.1772	NULL	False	NULL	TTD	NULL
5045	FURIN	3.2617e-10	6.1772	NULL	False	NULL	TTD	NULL
5045	FURIN	3.2617e-10	6.1772	NULL	False	NULL	TTD	NULL
2242	FES	1.7629e-06	4.6375	SP-600125	False	NULL	DTC	0.1474934585272317
2242	FES	1.7629e-06	4.6375	DASATINIB ANHYDROUS	True	NULL	DTC	0.1704794520639432
2242	FES	1.7629e-06	4.6375	HESPERADIN	False	inhibitor	DTC	0.3281729452230906
2242	FES	1.7629e-06	4.6375	LINIFANIB	False	NULL	DTC	0.1640864726115453
54715	RBFOX1	1.2636e-13	7.3175	NULL	False	NULL	PharmGKB	NULL
79068	FTO	5.6139e-07	4.8688	RIBAVIRIN	True	NULL	PharmGKB	0.3454452054979901
79068	FTO	5.6139e-07	4.8688	BISANTRENE	False	inhibitor	ChEMBL	3.281729452230906
79068	FTO	5.6139e-07	4.8688	PEGINTERFERON ALFA-2A	True	NULL	PharmGKB	0.4526523382387457
79068	FTO	5.6139e-07	4.8688	MERCAPTOPURINE	True	NULL	PharmGKB	0.4375639269641208
79068	FTO	5.6139e-07	4.8688	AZATHIOPRINE	True	NULL	PharmGKB	0.5181678082469852
79068	FTO	5.6139e-07	4.8688	HYDROCHLOROTHIAZIDE	True	NULL	PharmGKB	0.2853677784548614
79068	FTO	5.6139e-07	4.8688	INTERFERON ALFA-2B	True	NULL	PharmGKB	0.9376369863516874
79068	FTO	5.6139e-07	4.8688	ATENOLOL	True	NULL	PharmGKB	0.364636606
463	ZFHX3	1.2014e-09	5.9679	LY2087101	False	modulator	GuideToPharmacology	2.917092846427472
463	ZFHX3	1.2014e-09	5.9679	MECAMYLAMINE	True	blocker	GuideToPharmacology	0.729273212
463	ZFHX3	1.2014e-09	5.9679	[3H]CYTISINE	False	agonist	GuideToPharmacology	2.917092846427472
463	ZFHX3	1.2014e-09	5.9679	HEXAMETHONIUM	False	blocker	GuideToPharmacology	2.187819634820604
463	ZFHX3	1.2014e-09	5.9679	CP-601927	False	agonist	GuideToPharmacology	8.751278539282415
463	ZFHX3	1.2014e-09	5.9679	[125I]EPIBATIDINE	False	agonist	GuideToPharmacology	2.187819634820604
463	ZFHX3	1.2014e-09	5.9679	[125I]EPIBATIDINE	False	agonist	GuideToPharmacology	2.187819634820604
1012	CDH13	1.2919e-07	5.1515	KETANSERIN	False	inhibitor	GuideToPharmacology	0.175610941
1012	CDH13	1.2919e-07	5.1515	[125I]IODOVINYL-TBZ	False	inhibitor	GuideToPharmacology	4.039051633514961
1012	CDH13	1.2919e-07	5.1515	ASPIRIN	True	NULL	PharmGKB	0.057291513
1012	CDH13	1.2919e-07	5.1515	RESERPINE	True	inhibitor	GuideToPharmacology	0.1553481397505754
1012	CDH13	1.2919e-07	5.1515	DEUTETRABENAZINE	True	inhibitor	GuideToPharmacology	1.346350544504987
1012	CDH13	1.2919e-07	5.1515	PERPHENAZINE	True	NULL	PharmGKB	0.3106962795011509
1012	CDH13	1.2919e-07	5.1515	DEXTROAMPHETAMINE SULFATE	True	NULL	PharmGKB	0.4251633298436801
1012	CDH13	1.2919e-07	5.1515	[3H]TBZOH	False	inhibitor	GuideToPharmacology	4.039051633514961
1012	CDH13	1.2919e-07	5.1515	CLOPIDOGREL	True	NULL	PharmGKB	0.2308029504865692
1012	CDH13	1.2919e-07	5.1515	[125I]7-AZIDO-8-IODOKETANSERINE	False	inhibitor	GuideToPharmacology	4.039051633514961
1012	CDH13	1.2919e-07	5.1515	TETRABENAZINE	True	inhibitor	GuideToPharmacology	0.8078103267029924
1012	CDH13	1.2919e-07	5.1515	SORAFENIB	True	NULL	PharmGKB	0.070860555
1012	CDH13	1.2919e-07	5.1515	[11C]DTBZ	False	inhibitor	GuideToPharmacology	4.039051633514961
6844	VAMP2	3.6341e-07	4.9541	BOTULINUM TOXIN TYPE B	True	NULL	TEND	17.50255707856483
6844	VAMP2	3.6341e-07	4.9541	TETRADECANOYLPHORBOL ACETATE	False	NULL	NCI	0.760980743
6844	VAMP2	3.6341e-07	4.9541	INSULIN, REGULAR, HUMAN	True	NULL	NCI	1.651184630053286
6844	VAMP2	3.6341e-07	4.9541	BOTULINUM TOXIN TYPE B	True	NULL	TdgClinicalTrial	17.50255707856483
6844	VAMP2	3.6341e-07	4.9541	BOTULINUM TOXIN TYPE B	True	inhibitor	ChEMBL	17.50255707856483
9212	AURKB	1.5792e-06	4.6602	PF-03814735	False	inhibitor	TALC	1.175544878411071
9212	AURKB	1.5792e-06	4.6602	KW-2449	False	inhibitor	ChEMBL	0.097962073
9212	AURKB	1.5792e-06	4.6602	BELUMOSUDIL	True	NULL	DTC	0.078369659
9212	AURKB	1.5792e-06	4.6602	SNS-314	False	NULL	TTD	0.07463777
9212	AURKB	1.5792e-06	4.6602	BI-847325	False	NULL	TTD	0.142490288
9212	AURKB	1.5792e-06	4.6602	TOZASERTIB	False	inhibitor	ChEMBL	0.064413418
9212	AURKB	1.5792e-06	4.6602	PF-03814735	False	inhibitor	MyCancerGenome	1.175544878411071
9212	AURKB	1.5792e-06	4.6602	BARASERTIB	False	inhibitor	MyCancerGenome	0.3562257207306275
9212	AURKB	1.5792e-06	4.6602	ZM447439	False	NULL	DTC	0.041247189
9212	AURKB	1.5792e-06	4.6602	BARASERTIB	False	inhibitor	TALC	0.7836965856073805
9212	AURKB	1.5792e-06	4.6602	DACTOLISIB	False	NULL	DTC	0.015993808
9212	AURKB	1.5792e-06	4.6602	CENISERTIB	False	inhibitor	MyCancerGenome	0.033207482
9212	AURKB	1.5792e-06	4.6602	VANDETANIB	True	NULL	DTC	0.01351201
9212	AURKB	1.5792e-06	4.6602	ALISERTIB	False	NULL	DTC	0.034830959
9212	AURKB	1.5792e-06	4.6602	GW441756X	False	NULL	DTC	0.012056871
9212	AURKB	1.5792e-06	4.6602	GO-6976	False	NULL	DTC	0.018225502
9212	AURKB	1.5792e-06	4.6602	CHEMBL:CHEMBL379975	False	NULL	DTC	0.017811286
9212	AURKB	1.5792e-06	4.6602	DANUSERTIB	False	inhibitor	MyCancerGenome	0.3918482928036902
9212	AURKB	1.5792e-06	4.6602	CENISERTIB	False	NULL	TdgClinicalTrial	0.033207482
9212	AURKB	1.5792e-06	4.6602	AURORA B/C KINASE INHIBITOR GSK1070916A	False	NULL	TTD	0.3918482928036902
9212	AURKB	1.5792e-06	4.6602	BARASERTIB-HQPA	False	NULL	DTC	0.1022212937748757
9212	AURKB	1.5792e-06	4.6602	DANUSERTIB	False	NULL	TTD	0.3918482928036902
9212	AURKB	1.5792e-06	4.6602	TOZASERTIB LACTATE	False	NULL	TTD	0.2612321952024601
9212	AURKB	1.5792e-06	4.6602	AMG-900	False	inhibitor	ChEMBL	0.2612321952024601
9212	AURKB	1.5792e-06	4.6602	AMG-900	False	inhibitor	MyCancerGenome	0.2938862196027677
9212	AURKB	1.5792e-06	4.6602	AT9283	False	inhibitor	MyCancerGenome	0.284980577
9212	AURKB	1.5792e-06	4.6602	ALISERTIB	False	NULL	CIViC	0.034830959
9212	AURKB	1.5792e-06	4.6602	AT9283	False	NULL	TTD	0.284980577
9212	AURKB	1.5792e-06	4.6602	WITHAFERIN A	False	NULL	DTC	0.130616098
9212	AURKB	1.5792e-06	4.6602	AR-AO-14418	False	NULL	DTC	0.1119566550867686
9212	AURKB	1.5792e-06	4.6602	IBCASERTIB	False	inhibitor	ChEMBL	0.1959241464018451
9212	AURKB	1.5792e-06	4.6602	TOZASERTIB	False	NULL	TdgClinicalTrial	0.064413418
9212	AURKB	1.5792e-06	4.6602	GSK1070916	False	inhibitor	ChEMBL	0.6269572684859045
9212	AURKB	1.5792e-06	4.6602	JNJ-7706621	False	NULL	DTC	0.014249029
9212	AURKB	1.5792e-06	4.6602	SP-600125	False	NULL	DTC	0.017611159
9212	AURKB	1.5792e-06	4.6602	DOVITINIB	False	NULL	DTC	0.007759372
9212	AURKB	1.5792e-06	4.6602	GSK1070916	False	NULL	TTD	0.6269572684859045
9212	AURKB	1.5792e-06	4.6602	SNS-314	False	inhibitor	ChEMBL	0.07463777
9212	AURKB	1.5792e-06	4.6602	PAZOPANIB	True	NULL	DTC	0.01351201
9212	AURKB	1.5792e-06	4.6602	GSK1070916	False	inhibitor	MyCancerGenome	0.6269572684859045
9212	AURKB	1.5792e-06	4.6602	GSK1070916	False	inhibitor	TALC	0.6269572684859045
9212	AURKB	1.5792e-06	4.6602	NULL	False	NULL	TTD	NULL
9212	AURKB	1.5792e-06	4.6602	NULL	False	NULL	TTD	NULL
9212	AURKB	1.5792e-06	4.6602	BARASERTIB	False	NULL	DTC	0.3562257207306275
9212	AURKB	1.5792e-06	4.6602	BARASERTIB	False	inhibitor	ChEMBL	0.3562257207306275
9212	AURKB	1.5792e-06	4.6602	LAS38096	False	NULL	DTC	0.071245144
9212	AURKB	1.5792e-06	4.6602	GSK-269962A	False	NULL	DTC	0.017811286
9212	AURKB	1.5792e-06	4.6602	ILORASERTIB	False	inhibitor	ChEMBL	0.020268015
9212	AURKB	1.5792e-06	4.6602	MK-6592	False	inhibitor	ChEMBL	0.2612321952024601
9212	AURKB	1.5792e-06	4.6602	CENISERTIB	False	inhibitor	ChEMBL	0.033207482
9212	AURKB	1.5792e-06	4.6602	DANUSERTIB	False	inhibitor	ChEMBL	0.3918482928036902
9212	AURKB	1.5792e-06	4.6602	LAPATINIB	True	NULL	DTC	0.025280535
9212	AURKB	1.5792e-06	4.6602	CP-547632	False	NULL	DTC	0.017811286
9212	AURKB	1.5792e-06	4.6602	CENISERTIB	False	inhibitor	TALC	0.033207482
9212	AURKB	1.5792e-06	4.6602	CENISERTIB	False	NULL	TTD	0.033207482
9212	AURKB	1.5792e-06	4.6602	PD-0166285	False	NULL	DTC	0.015071088
9212	AURKB	1.5792e-06	4.6602	TAK-901	False	inhibitor	ChEMBL	1.567393171214761
9212	AURKB	1.5792e-06	4.6602	BARASERTIB-HQPA	False	NULL	TTD	0.1022212937748757
9212	AURKB	1.5792e-06	4.6602	TTP-607	False	inhibitor	ChEMBL	0.2612321952024601
9212	AURKB	1.5792e-06	4.6602	AMG-900	False	inhibitor	ClearityFoundationClinicalTrial	0.2938862196027677
9212	AURKB	1.5792e-06	4.6602	CHEMBL:CHEMBL535331	False	NULL	DTC	0.087077398
9212	AURKB	1.5792e-06	4.6602	NVP-TAE684	False	NULL	DTC	0.007608705
9212	AURKB	1.5792e-06	4.6602	MLN-8054	False	NULL	DTC	0.05404804
9212	AURKB	1.5792e-06	4.6602	CYC116	False	NULL	TdgClinicalTrial	0.5877724392055355
9212	AURKB	1.5792e-06	4.6602	FASUDIL	False	NULL	DTC	0.02702402
9212	AURKB	1.5792e-06	4.6602	BI-811283	False	inhibitor	ChEMBL	2.351089756822142
9212	AURKB	1.5792e-06	4.6602	AT9283	False	inhibitor	TALC	0.284980577
9212	AURKB	1.5792e-06	4.6602	AMG-900	False	inhibitor	TALC	0.2938862196027677
9212	AURKB	1.5792e-06	4.6602	NULL	False	inhibitor	TALC	NULL
9212	AURKB	1.5792e-06	4.6602	AURORA KINASE INHIBITOR AMG 900	False	NULL	TTD	0.1959241464018451
9212	AURKB	1.5792e-06	4.6602	MK-5108	False	NULL	TTD	0.3918482928036902
9212	AURKB	1.5792e-06	4.6602	SNS-314	False	NULL	TdgClinicalTrial	0.07463777
9212	AURKB	1.5792e-06	4.6602	BI-847325	False	inhibitor	MyCancerGenome	0.142490288
9212	AURKB	1.5792e-06	4.6602	SNS-314	False	inhibitor	MyCancerGenome	0.07463777
9212	AURKB	1.5792e-06	4.6602	TOZASERTIB	False	inhibitor	TALC	0.064413418
9212	AURKB	1.5792e-06	4.6602	ENTRECTINIB	True	NULL	DTC	0.013749063
9212	AURKB	1.5792e-06	4.6602	ERLOTINIB	True	NULL	DTC	0.013282993
9212	AURKB	1.5792e-06	4.6602	ILORASERTIB	False	NULL	DTC	0.020268015
9212	AURKB	1.5792e-06	4.6602	EUPATORIN	False	NULL	DTC	0.2612321952024601
9212	AURKB	1.5792e-06	4.6602	SORAFENIB	True	NULL	DTC	0.006874531
9212	AURKB	1.5792e-06	4.6602	HESPERADIN	False	inhibitor	DTC	0.019592415
9212	AURKB	1.5792e-06	4.6602	DANUSERTIB	False	inhibitor	TALC	0.3918482928036902
9212	AURKB	1.5792e-06	4.6602	COPANLISIB	True	NULL	CIViC	0.035622572
9212	AURKB	1.5792e-06	4.6602	AT-9283	False	inhibitor	ChEMBL	0.065308049
9212	AURKB	1.5792e-06	4.6602	TAK-901	False	NULL	TTD	1.567393171214761
9212	AURKB	1.5792e-06	4.6602	DASATINIB ANHYDROUS	True	NULL	DTC	0.010177878
9212	AURKB	1.5792e-06	4.6602	KENPAULLONE	False	NULL	DTC	0.016327012
9212	AURKB	1.5792e-06	4.6602	BMS-345541	False	NULL	DTC	0.071245144
9212	AURKB	1.5792e-06	4.6602	CHEMBL:CHEMBL546797	False	NULL	DTC	0.024490518
9212	AURKB	1.5792e-06	4.6602	CYC-116	False	inhibitor	ChEMBL	0.024238039
9212	AURKB	1.5792e-06	4.6602	CYC-116	False	NULL	DTC	0.024238039
9212	AURKB	1.5792e-06	4.6602	NULL	False	NULL	TTD	NULL
9212	AURKB	1.5792e-06	4.6602	BAY 61-3606	False	NULL	DTC	0.019114551
9212	AURKB	1.5792e-06	4.6602	BI-811283	False	NULL	TTD	2.351089756822142
9212	AURKB	1.5792e-06	4.6602	PF-562271	False	NULL	DTC	0.00725645
9212	AURKB	1.5792e-06	4.6602	PF-03814735	False	inhibitor	ChEMBL	1.175544878411071
9212	AURKB	1.5792e-06	4.6602	LINIFANIB	False	NULL	DTC	0.009796207
9212	AURKB	1.5792e-06	4.6602	TOZASERTIB	False	inhibitor	DTC	0.064413418
9212	AURKB	1.5792e-06	4.6602	CEDIRANIB	False	NULL	DTC	0.014249029
9212	AURKB	1.5792e-06	4.6602	ENMD-2076	False	inhibitor	ChEMBL	0.025280535
9212	AURKB	1.5792e-06	4.6602	CYC116	False	NULL	TTD	0.5877724392055355
9212	AURKB	1.5792e-06	4.6602	AT9283	False	NULL	TdgClinicalTrial	0.284980577
9212	AURKB	1.5792e-06	4.6602	NERVIANO	False	NULL	DTC	0.7836965856073805
9212	AURKB	1.5792e-06	4.6602	BMS-754807	False	NULL	DTC	0.1741547968016401
9212	AURKB	1.5792e-06	4.6602	CYC116	False	inhibitor	TALC	0.5877724392055355
9212	AURKB	1.5792e-06	4.6602	BARASERTIB	False	NULL	CIViC	0.3562257207306275
9212	AURKB	1.5792e-06	4.6602	ILORASERTIB	False	NULL	TTD	0.020268015
40	ASIC2	1.0606e-11	6.6974	LITHIUM	True	NULL	PharmGKB	0.108711535
40	ASIC2	1.0606e-11	6.6974	COMPOUND 8A [PMID: 24900283]	False	agonist	GuideToPharmacology	2.282942227638891
40	ASIC2	1.0606e-11	6.6974	COMPOUND 9G [PMID: 24412111]	False	agonist	GuideToPharmacology	2.282942227638891
40	ASIC2	1.0606e-11	6.6974	[D-PHE6,&BETA;-ALA11,PHE13,NLE14]BOMBESIN-(6-14)	False	agonist	GuideToPharmacology	0.760980743
40	ASIC2	1.0606e-11	6.6974	COMPOUND 17C [PMID: 25497965]	False	agonist	GuideToPharmacology	2.282942227638891
40	ASIC2	1.0606e-11	6.6974	PHENYLACETYL-ALA,DTRP-PHENTHYLAMIDE	False	agonist	GuideToPharmacology	2.282942227638891
40	ASIC2	1.0606e-11	6.6974	[D-TYR6,APA-4CL11,PHE13,NLE14]BOMBESIN-(6-14)	False	agonist	GuideToPharmacology	2.282942227638891
40	ASIC2	1.0606e-11	6.6974	D-NAL-CYS-TYR-D-TRP-LYS-VAL-CYS-NAL-NH2	False	inhibitor	GuideToPharmacology	0.760980743
40	ASIC2	1.0606e-11	6.6974	[D-TYR6,(R)-APA11,PHE13,NLE14]BOMBESIN-(6-14)	False	agonist	GuideToPharmacology	2.282942227638891
40	ASIC2	1.0606e-11	6.6974	[125I]BANTAG-1	False	inhibitor	GuideToPharmacology	2.282942227638891
40	ASIC2	1.0606e-11	6.6974	COMPOUND 22E [PMID: 20167483]	False	agonist	GuideToPharmacology	2.282942227638891
40	ASIC2	1.0606e-11	6.6974	BANTAG-1	False	inhibitor	GuideToPharmacology	0.760980743
40	ASIC2	1.0606e-11	6.6974	NULL	False	NULL	TdgClinicalTrial	NULL
40	ASIC2	1.0606e-11	6.6974	MK-7725	False	agonist	GuideToPharmacology	2.282942227638891
40	ASIC2	1.0606e-11	6.6974	COMPOUND 21B [PMID: 12723954]	False	agonist	GuideToPharmacology	2.282942227638891
40	ASIC2	1.0606e-11	6.6974	COMPOUND A [PMID: 28324017]	False	agonist	GuideToPharmacology	2.282942227638891
40	ASIC2	1.0606e-11	6.6974	BAG-1	False	agonist	GuideToPharmacology	2.282942227638891
40	ASIC2	1.0606e-11	6.6974	ML-18	False	inhibitor	GuideToPharmacology	2.282942227638891
40	ASIC2	1.0606e-11	6.6974	NMU (104-114)	False	agonist	GuideToPharmacology	2.282942227638891
40	ASIC2	1.0606e-11	6.6974	AC-PHE-TRP-ALA-HIS(&TAU;BZL)-NIP-GLY-ARG-NH2	False	agonist	GuideToPharmacology	2.282942227638891
40	ASIC2	1.0606e-11	6.6974	BAG-2	False	agonist	GuideToPharmacology	2.282942227638891
40	ASIC2	1.0606e-11	6.6974	[125I][D-TYR6,&BETA;-ALA11,PHE13,NLE14]BOMBESIN-(6-14)	False	agonist	GuideToPharmacology	2.282942227638891
40	ASIC2	1.0606e-11	6.6974	MK-5046	False	agonist	GuideToPharmacology	0.760980743
40	ASIC2	1.0606e-11	6.6974	COMPOUND 9F [PMID: 24412111]	False	agonist	GuideToPharmacology	2.282942227638891
56853	CELF4	3.3307e-09	5.7992	ILOPERIDONE	True	NULL	PharmGKB	5.000730593875666
1630	DCC	1.4273e-27	10.817	MARIMASTAT	False	inhibitor	GuideToPharmacology	0.5834185692854944
1630	DCC	1.4273e-27	10.817	CGS-27023A	False	inhibitor	GuideToPharmacology	1.093909817410302
1630	DCC	1.4273e-27	10.817	UK-356618	False	inhibitor	GuideToPharmacology	8.751278539282415
1630	DCC	1.4273e-27	10.817	BATIMASTAT	False	inhibitor	GuideToPharmacology	2.187819634820604
1630	DCC	1.4273e-27	10.817	CM-352	False	inhibitor	GuideToPharmacology	4.375639269641208
1630	DCC	1.4273e-27	10.817	ILOMASTAT	False	inhibitor	GuideToPharmacology	0.3500511415712966
478	ATP1A3	3.3097e-07	4.9722	&ALPHA;&BETA;-MEATP	False	agonist	GuideToPharmacology	0.8204323630577265
478	ATP1A3	3.3097e-07	4.9722	BZATP	False	agonist	GuideToPharmacology	0.6563458904461813
478	ATP1A3	3.3097e-07	4.9722	NF279	False	inhibitor	GuideToPharmacology	3.281729452230906
478	ATP1A3	3.3097e-07	4.9722	ADENOSINE TRIPHOSPHATE	True	agonist	GuideToPharmacology	0.1930429089547592
478	ATP1A3	3.3097e-07	4.9722	L-&BETA;&GAMMA;-MEATP	False	agonist	GuideToPharmacology	3.281729452230906
478	ATP1A3	3.3097e-07	4.9722	DESLANOSIDE	True	inhibitor	ChEMBL	0.3281729452230906
478	ATP1A3	3.3097e-07	4.9722	MRS 2219	False	modulator	GuideToPharmacology	1.640864726115453
478	ATP1A3	3.3097e-07	4.9722	NF023	False	inhibitor	GuideToPharmacology	3.281729452230906
478	ATP1A3	3.3097e-07	4.9722	LANATOSIDE C	True	inhibitor	ChEMBL	0.2187819634820604
478	ATP1A3	3.3097e-07	4.9722	TNP-ATP	False	inhibitor	GuideToPharmacology	1.640864726115453
478	ATP1A3	3.3097e-07	4.9722	DIGOXIN	True	inhibitor	ChEMBL	0.096521454
478	ATP1A3	3.3097e-07	4.9722	DIGITOXIN	True	inhibitor	ChEMBL	0.172722603
478	ATP1A3	3.3097e-07	4.9722	ISTAROXIME	False	inhibitor	ChEMBL	0.364636606
478	ATP1A3	3.3097e-07	4.9722	IP5I	False	inhibitor	GuideToPharmacology	3.281729452230906
478	ATP1A3	3.3097e-07	4.9722	ACETYLDIGITOXIN	True	inhibitor	ChEMBL	0.364636606
478	ATP1A3	3.3097e-07	4.9722	NF449	False	inhibitor	GuideToPharmacology	3.281729452230906
5452	POU2F2	6.3449e-08	5.2833	LINAGLIPTIN	True	NULL	DTC	35.00511415712966
958	CD40	1.1914e-11	6.6804	CDX-1140	False	agonist	ChEMBL	2.187819634820604
958	CD40	1.1914e-11	6.6804	CD40 LIGAND	False	agonist	ChEMBL	1.093909817410302
958	CD40	1.1914e-11	6.6804	TETANUS TOXOID	False	NULL	NCI	1.458546423213736
958	CD40	1.1914e-11	6.6804	NULL	False	NULL	TdgClinicalTrial	NULL
958	CD40	1.1914e-11	6.6804	SOTIGALIMAB	False	NULL	TTD	4.375639269641208
958	CD40	1.1914e-11	6.6804	TENELIXIMAB	False	agonist	ChEMBL	2.187819634820604
958	CD40	1.1914e-11	6.6804	RECOMBINANT CD40-LIGAND	False	NULL	NCI	1.093909817410302
958	CD40	1.1914e-11	6.6804	GILORALIMAB	False	agonist	ChEMBL	2.187819634820604
958	CD40	1.1914e-11	6.6804	DACETUZUMAB	False	NULL	TdgClinicalTrial	4.375639269641208
958	CD40	1.1914e-11	6.6804	BLESELUMAB	False	NULL	TTD	2.187819634820604
958	CD40	1.1914e-11	6.6804	NULL	False	NULL	NCI	NULL
958	CD40	1.1914e-11	6.6804	PG-102	False	inhibitor	ChEMBL	1.093909817410302
958	CD40	1.1914e-11	6.6804	GP-120 ANTIGEN	False	NULL	NCI	0.3365876361262468
958	CD40	1.1914e-11	6.6804	BLESELUMAB	False	inhibitor	ChEMBL	2.187819634820604
958	CD40	1.1914e-11	6.6804	STREPTOZOCIN	True	NULL	NCI	0.1426838892274307
958	CD40	1.1914e-11	6.6804	NULL	False	NULL	TdgClinicalTrial	NULL
958	CD40	1.1914e-11	6.6804	CFZ533	False	NULL	TTD	1.093909817410302
958	CD40	1.1914e-11	6.6804	SOTIGALIMAB	False	agonist	ChEMBL	4.375639269641208
958	CD40	1.1914e-11	6.6804	ALDESLEUKIN	True	NULL	NCI	0.1458546423213736
958	CD40	1.1914e-11	6.6804	LUCATUMUMAB	False	inhibitor	ChEMBL	2.187819634820604
958	CD40	1.1914e-11	6.6804	SELICRELUMAB	False	agonist	ChEMBL	2.187819634820604
958	CD40	1.1914e-11	6.6804	HYDROQUINONE	True	NULL	NCI	0.2573905452730122
958	CD40	1.1914e-11	6.6804	MONOCLONAL ANTIBODY SGN-14	False	NULL	NCI	4.375639269641208
958	CD40	1.1914e-11	6.6804	AUTOLOGOUS PROSTATE CANCER ANTIGEN-EXPRESSING DENDRITIC CELL VACCINE BPX-101	False	NULL	TdgClinicalTrial	1.093909817410302
958	CD40	1.1914e-11	6.6804	RAVAGALIMAB	False	NULL	TTD	2.187819634820604
958	CD40	1.1914e-11	6.6804	DACETUZUMAB	False	inhibitor	ChEMBL	4.375639269641208
958	CD40	1.1914e-11	6.6804	ISCALIMAB	False	inhibitor	ChEMBL	2.187819634820604
958	CD40	1.1914e-11	6.6804	NULL	False	NULL	TTD	NULL
958	CD40	1.1914e-11	6.6804	LUCATUMUMAB	False	NULL	TdgClinicalTrial	2.187819634820604
958	CD40	1.1914e-11	6.6804	FLUDARABINE	True	NULL	NCI	0.1286952726365061
958	CD40	1.1914e-11	6.6804	MANNOSE-BINDING LECTIN	False	NULL	NCI	1.093909817410302
1434	CSE1L	8.6534e-07	4.7826	ADP-RIBOSYLATION FACTOR 1	False	activator	GuideToPharmacology	8.751278539282415
1434	CSE1L	8.6534e-07	4.7826	PIP2	False	activator	GuideToPharmacology	1.093909817410302
1434	CSE1L	8.6534e-07	4.7826	OLEIC ACID	True	activator	GuideToPharmacology	0.7955707762984016
1434	CSE1L	8.6534e-07	4.7826	FIPI	False	inhibitor	GuideToPharmacology	4.375639269641208
1434	CSE1L	8.6534e-07	4.7826	VU0364739	False	inhibitor	GuideToPharmacology	4.375639269641208
1434	CSE1L	8.6534e-07	4.7826	COMPOUND 69 [PMID: 19136975]	False	inhibitor	GuideToPharmacology	4.375639269641208
3753	KCNE1	2.1002e-07	5.0596	ANTIBIOTIC	False	NULL	PharmGKB	0.8824818695074707
3753	KCNE1	2.1002e-07	5.0596	DIURETIC	False	NULL	PharmGKB	1.250182648468916
3753	KCNE1	2.1002e-07	5.0596	QUINIDINE	True	NULL	PharmGKB	1.125164383622024
3753	KCNE1	2.1002e-07	5.0596	INDOMETHACIN	True	NULL	TdgClinicalTrial	0.1875273972703375
3753	KCNE1	2.1002e-07	5.0596	INDAPAMIDE	True	NULL	TEND	3.000438356
3753	KCNE1	2.1002e-07	5.0596	SOTALOL	True	NULL	PharmGKB	1.607377690888607
3753	KCNE1	2.1002e-07	5.0596	NULL	False	NULL	PharmGKB	NULL
3753	KCNE1	2.1002e-07	5.0596	INDAPAMIDE	True	NULL	TdgClinicalTrial	3.000438356
3753	KCNE1	2.1002e-07	5.0596	AMIODARONE HYDROCHLORIDE	True	NULL	PharmGKB	0.5770073762164232
10369	CACNG2	8.9539e-09	5.6311	NULL	False	NULL	PharmGKB	NULL
10369	CACNG2	8.9539e-09	5.6311	LITHIUM	True	NULL	PharmGKB	0.2206204673768676
10369	CACNG2	8.9539e-09	5.6311	GABAPENTIN ENACARBIL	True	modulator	ChEMBL	0.1143957978991165
10369	CACNG2	8.9539e-09	5.6311	SULOCTIDIL	True	blocker	ChEMBL	0.1187956362798518
10369	CACNG2	8.9539e-09	5.6311	PHLOROGLUCINOL	True	blocker	ChEMBL	0.1187956362798518
10369	CACNG2	8.9539e-09	5.6311	NORTRIPTYLINE	True	NULL	PharmGKB	0.096521454
10369	CACNG2	8.9539e-09	5.6311	AMITRIPTYLINE HYDROCHLORIDE	True	NULL	PharmGKB	0.068637479
10369	CACNG2	8.9539e-09	5.6311	CLOMIPRAMINE	True	NULL	PharmGKB	0.081281225
10369	CACNG2	8.9539e-09	5.6311	ATAGABALIN	False	modulator	ChEMBL	0.1187956362798518
10369	CACNG2	8.9539e-09	5.6311	TRIMIPRAMINE	True	NULL	PharmGKB	0.093596562
10369	CACNG2	8.9539e-09	5.6311	IMAGABALIN	False	modulator	ChEMBL	0.1187956362798518
10369	CACNG2	8.9539e-09	5.6311	PREGABALIN	True	modulator	ChEMBL	0.1187956362798518
10369	CACNG2	8.9539e-09	5.6311	BEPRIDIL HYDROCHLORIDE	True	blocker	ChEMBL	0.1187956362798518
10369	CACNG2	8.9539e-09	5.6311	TERODILINE HYDROCHLORIDE	True	blocker	ChEMBL	0.09963505
10369	CACNG2	8.9539e-09	5.6311	MONOAMINE OXIDASE INHIBITOR	False	NULL	PharmGKB	0.1065064325267636
10369	CACNG2	8.9539e-09	5.6311	GABAPENTIN	True	modulator	ChEMBL	0.077217164
10369	CACNG2	8.9539e-09	5.6311	DOXEPIN HYDROCHLORIDE	True	NULL	PharmGKB	0.070197421
10369	CACNG2	8.9539e-09	5.6311	DESIPRAMINE	True	NULL	PharmGKB	0.079197091
2033	EP300	5.3828e-07	4.8771	CHEMBL:CHEMBL404916	False	NULL	DTC	8.751278539282415
2033	EP300	5.3828e-07	4.8771	CHEMBL:CHEMBL1797708	False	NULL	DTC	5.834185692854944
2033	EP300	5.3828e-07	4.8771	CHEMBL:CHEMBL257748	False	NULL	DTC	5.834185692854944
2033	EP300	5.3828e-07	4.8771	CHEMBL:CHEMBL1797707	False	NULL	DTC	5.834185692854944
2033	EP300	5.3828e-07	4.8771	GARCINOL	False	NULL	DTC	4.375639269641208
2033	EP300	5.3828e-07	4.8771	STAUROSPORINE	False	inhibitor	GuideToPharmacology	0.5147810905460245
