gene,original_score,min_score,max_score,score_range,stable
lpxC,0.8275,0.8022727272727271,0.8583333333333334,0.056060606060606255,False
lpxA,0.8175,0.7931818181818181,0.8472222222222222,0.05404040404040411,False
lpxB,0.815,0.7909090909090909,0.8444444444444444,0.05353535353535355,False
bamA,0.815,0.7863636363636363,0.85,0.06363636363636371,False
lpxD,0.8125,0.7886363636363637,0.8416666666666667,0.05303030303030298,False
bamD,0.8075,0.7795454545454544,0.8416666666666667,0.062121212121212244,False
ftsZ,0.805,0.7727272727272727,0.8444444444444446,0.07171717171717185,False
