species,model,gene1,gene2,type1,type2,pair_type,growth_wt,growth_KO_A,growth_KO_B,growth_KO_AB,growth_ratio_A,growth_ratio_B,growth_ratio_AB,fitness_A,fitness_B,fitness_AB,synergy_bliss,interaction
E. coli,iML1515,murA,murB,essential,essential,ess_ess,0.876997,0.0,0.0,0.0,0.0,0.0,0.0,1.0,1.0,1.0,-0.0,additive
E. coli,iML1515,murA,murC,essential,essential,ess_ess,0.876997,0.0,0.0,0.0,0.0,0.0,0.0,1.0,1.0,1.0,0.0,additive
E. coli,iML1515,murA,murD,essential,essential,ess_ess,0.876997,0.0,0.0,0.0,0.0,0.0,0.0,1.0,1.0,1.0,0.0,additive
E. coli,iML1515,murA,murE,essential,essential,ess_ess,0.876997,0.0,0.0,0.0,0.0,0.0,0.0,1.0,1.0,1.0,0.0,additive
E. coli,iML1515,murA,murF,essential,essential,ess_ess,0.876997,0.0,0.0,0.0,0.0,0.0,0.0,1.0,1.0,1.0,0.0,additive
E. coli,iML1515,murA,lpxA,essential,essential,ess_ess,0.876997,0.0,0.0,0.0,0.0,0.0,0.0,1.0,1.0,1.0,0.0,additive
E. coli,iML1515,murA,lpxB,essential,essential,ess_ess,0.876997,0.0,0.0,-0.0,0.0,0.0,-0.0,1.0,1.0,1.0,0.0,additive
E. coli,iML1515,murA,lpxC,essential,essential,ess_ess,0.876997,0.0,0.0,-0.0,0.0,0.0,-0.0,1.0,1.0,1.0,0.0,additive
E. coli,iML1515,murA,lpxD,essential,essential,ess_ess,0.876997,0.0,0.0,-0.0,0.0,0.0,-0.0,1.0,1.0,1.0,0.0,additive
E. coli,iML1515,murA,ftsW,essential,essential,ess_ess,0.876997,0.0,0.0,-0.0,0.0,0.0,-0.0,1.0,1.0,1.0,0.0,additive
E. coli,iML1515,murA,fabI,essential,essential,ess_ess,0.876997,0.0,0.0,-0.0,0.0,0.0,-0.0,1.0,1.0,1.0,0.0,additive
E. coli,iML1515,murA,fabH,essential,essential,ess_ess,0.876997,0.0,0.0,-0.0,0.0,0.0,-0.0,1.0,1.0,1.0,0.0,additive
E. coli,iML1515,murA,accA,essential,essential,ess_ess,0.876997,0.0,0.0,-0.0,0.0,0.0,-0.0,1.0,1.0,1.0,0.0,additive
E. coli,iML1515,murA,folA,essential,essential,ess_ess,0.876997,0.0,0.0,-0.0,0.0,0.0,-0.0,1.0,1.0,1.0,0.0,additive
E. coli,iML1515,murA,folP,essential,essential,ess_ess,0.876997,0.0,-0.0,-0.0,0.0,-0.0,-0.0,1.0,1.0,1.0,0.0,additive
E. coli,iML1515,murA,dxr,essential,essential,ess_ess,0.876997,0.0,0.0,-0.0,0.0,0.0,-0.0,1.0,1.0,1.0,0.0,additive
E. coli,iML1515,murA,ispD,essential,essential,ess_ess,0.876997,0.0,0.0,-0.0,0.0,0.0,-0.0,1.0,1.0,1.0,0.0,additive
E. coli,iML1515,murA,lptD,essential,essential,ess_ess,0.876997,0.0,0.0,-0.0,0.0,0.0,-0.0,1.0,1.0,1.0,0.0,additive
E. coli,iML1515,murA,msbA,essential,essential,ess_ess,0.876997,0.0,0.0,-0.0,0.0,0.0,-0.0,1.0,1.0,1.0,0.0,additive
E. coli,iML1515,murA,NE_b2129,essential,non-essential,ess_ne,0.876997,0.0,0.876997,-0.0,0.0,1.0,-0.0,1.0,-0.0,1.0,0.0,additive
E. coli,iML1515,murA,NE_b1870,essential,non-essential,ess_ne,0.876997,0.0,0.876997,-0.0,0.0,1.0,-0.0,1.0,-0.0,1.0,0.0,additive
E. coli,iML1515,murA,NE_b3625,essential,non-essential,ess_ne,0.876997,0.0,0.876997,-0.0,0.0,1.0,-0.0,1.0,-0.0,1.0,0.0,additive
E. coli,iML1515,murA,NE_b2542,essential,non-essential,ess_ne,0.876997,0.0,0.876997,-0.0,0.0,1.0,-0.0,1.0,-0.0,1.0,0.0,additive
E. coli,iML1515,murA,NE_b3034,essential,non-essential,ess_ne,0.876997,0.0,0.876997,-0.0,0.0,1.0,-0.0,1.0,-0.0,1.0,0.0,additive
E. coli,iML1515,murA,NE_b2199,essential,non-essential,ess_ne,0.876997,0.0,0.876997,0.0,0.0,1.0,0.0,1.0,-0.0,1.0,-0.0,additive
E. coli,iML1515,murA,NE_b4013,essential,non-essential,ess_ne,0.876997,0.0,0.0,0.0,0.0,0.0,0.0,1.0,1.0,1.0,0.0,additive
E. coli,iML1515,murA,NE_b2406,essential,non-essential,ess_ne,0.876997,0.0,0.876997,0.0,0.0,1.0,0.0,1.0,-0.0,1.0,0.0,additive
E. coli,iML1515,murA,NE_b1200,essential,non-essential,ess_ne,0.876997,0.0,0.876997,0.0,0.0,1.0,0.0,1.0,0.0,1.0,0.0,additive
E. coli,iML1515,murA,NE_b0475,essential,non-essential,ess_ne,0.876997,0.0,0.0,0.0,0.0,0.0,0.0,1.0,1.0,1.0,0.0,additive
E. coli,iML1515,murA,NE_b4290,essential,non-essential,ess_ne,0.876997,0.0,0.876997,0.0,0.0,1.0,0.0,1.0,-0.0,1.0,0.0,additive
E. coli,iML1515,murA,NE_b1453,essential,non-essential,ess_ne,0.876997,0.0,0.876997,0.0,0.0,1.0,0.0,1.0,0.0,1.0,0.0,additive
E. coli,iML1515,murA,NE_b2091,essential,non-essential,ess_ne,0.876997,0.0,0.876997,0.0,0.0,1.0,0.0,1.0,0.0,1.0,0.0,additive
E. coli,iML1515,murA,NE_b2282,essential,non-essential,ess_ne,0.876997,0.0,0.758643,0.0,0.0,0.865046,0.0,1.0,0.134954,1.0,0.0,additive
E. coli,iML1515,murA,NE_b3588,essential,non-essential,ess_ne,0.876997,0.0,0.876997,0.0,0.0,1.0,0.0,1.0,-0.0,1.0,0.0,additive
E. coli,iML1515,murA,NE_b1612,essential,non-essential,ess_ne,0.876997,0.0,0.803164,0.0,0.0,0.915811,0.0,1.0,0.084189,1.0,0.0,additive
E. coli,iML1515,murA,NE_b0430,essential,non-essential,ess_ne,0.876997,0.0,0.777614,-0.0,0.0,0.886678,-0.0,1.0,0.113322,1.0,0.0,additive
E. coli,iML1515,murA,NE_b3924,essential,non-essential,ess_ne,0.876997,0.0,0.876909,0.0,0.0,0.9999,0.0,1.0,0.0001,1.0,0.0,additive
E. coli,iML1515,murA,NE_b3733,essential,non-essential,ess_ne,0.876997,0.0,0.284933,0.0,0.0,0.324896,0.0,1.0,0.675104,1.0,0.0,additive
E. coli,iML1515,murA,NE_b1662,essential,non-essential,ess_ne,0.876997,0.0,0.0,0.0,0.0,0.0,0.0,1.0,1.0,1.0,0.0,additive
E. coli,iML1515,murA,NE_b3578,essential,non-essential,ess_ne,0.876997,0.0,0.876997,0.0,0.0,1.0,0.0,1.0,-0.0,1.0,0.0,additive
E. coli,iML1515,murA,NE_b2262,essential,non-essential,ess_ne,0.876997,0.0,0.876997,0.0,0.0,1.0,0.0,1.0,-0.0,1.0,0.0,additive
E. coli,iML1515,murA,NE_b2599,essential,non-essential,ess_ne,0.876997,0.0,0.0,0.0,0.0,0.0,0.0,1.0,1.0,1.0,0.0,additive
E. coli,iML1515,murA,NE_b4159,essential,non-essential,ess_ne,0.876997,0.0,0.876997,0.0,0.0,1.0,0.0,1.0,-0.0,1.0,0.0,additive
E. coli,iML1515,murA,NE_b3526,essential,non-essential,ess_ne,0.876997,0.0,0.876997,0.0,0.0,1.0,0.0,1.0,-0.0,1.0,0.0,additive
E. coli,iML1515,murA,NE_b1852,essential,non-essential,ess_ne,0.876997,0.0,0.873398,0.0,0.0,0.995896,0.0,1.0,0.004104,1.0,0.0,additive
E. coli,iML1515,murA,NE_b2528,essential,non-essential,ess_ne,0.876997,0.0,0.876995,0.0,0.0,0.999998,0.0,1.0,2e-06,1.0,0.0,additive
E. coli,iML1515,murA,NE_b3990,essential,non-essential,ess_ne,0.876997,0.0,0.0,0.0,0.0,0.0,0.0,1.0,1.0,1.0,0.0,additive
E. coli,iML1515,murA,NE_b0261,essential,non-essential,ess_ne,0.876997,0.0,0.876997,0.0,0.0,1.0,0.0,1.0,-0.0,1.0,0.0,additive
E. coli,iML1515,murA,NE_b2676,essential,non-essential,ess_ne,0.876997,0.0,0.876997,0.0,0.0,1.0,0.0,1.0,-0.0,1.0,0.0,additive
E. coli,iML1515,murB,murC,essential,essential,ess_ess,0.876997,0.0,0.0,0.0,0.0,0.0,0.0,1.0,1.0,1.0,0.0,additive
E. coli,iML1515,murB,murD,essential,essential,ess_ess,0.876997,0.0,0.0,0.0,0.0,0.0,0.0,1.0,1.0,1.0,0.0,additive
E. coli,iML1515,murB,murE,essential,essential,ess_ess,0.876997,0.0,0.0,0.0,0.0,0.0,0.0,1.0,1.0,1.0,0.0,additive
E. coli,iML1515,murB,murF,essential,essential,ess_ess,0.876997,0.0,0.0,0.0,0.0,0.0,0.0,1.0,1.0,1.0,0.0,additive
E. coli,iML1515,murB,lpxA,essential,essential,ess_ess,0.876997,0.0,0.0,0.0,0.0,0.0,0.0,1.0,1.0,1.0,0.0,additive
E. coli,iML1515,murB,lpxB,essential,essential,ess_ess,0.876997,0.0,0.0,0.0,0.0,0.0,0.0,1.0,1.0,1.0,0.0,additive
E. coli,iML1515,murB,lpxC,essential,essential,ess_ess,0.876997,0.0,0.0,0.0,0.0,0.0,0.0,1.0,1.0,1.0,0.0,additive
E. coli,iML1515,murB,lpxD,essential,essential,ess_ess,0.876997,0.0,0.0,0.0,0.0,0.0,0.0,1.0,1.0,1.0,0.0,additive
E. coli,iML1515,murB,ftsW,essential,essential,ess_ess,0.876997,0.0,0.0,0.0,0.0,0.0,0.0,1.0,1.0,1.0,0.0,additive
E. coli,iML1515,murB,fabI,essential,essential,ess_ess,0.876997,0.0,0.0,0.0,0.0,0.0,0.0,1.0,1.0,1.0,0.0,additive
E. coli,iML1515,murB,fabH,essential,essential,ess_ess,0.876997,0.0,0.0,0.0,0.0,0.0,0.0,1.0,1.0,1.0,0.0,additive
E. coli,iML1515,murB,accA,essential,essential,ess_ess,0.876997,0.0,0.0,0.0,0.0,0.0,0.0,1.0,1.0,1.0,0.0,additive
E. coli,iML1515,murB,folA,essential,essential,ess_ess,0.876997,0.0,0.0,0.0,0.0,0.0,0.0,1.0,1.0,1.0,0.0,additive
E. coli,iML1515,murB,folP,essential,essential,ess_ess,0.876997,0.0,-0.0,0.0,0.0,-0.0,0.0,1.0,1.0,1.0,0.0,additive
E. coli,iML1515,murB,dxr,essential,essential,ess_ess,0.876997,0.0,0.0,0.0,0.0,0.0,0.0,1.0,1.0,1.0,0.0,additive
E. coli,iML1515,murB,ispD,essential,essential,ess_ess,0.876997,0.0,0.0,0.0,0.0,0.0,0.0,1.0,1.0,1.0,0.0,additive
E. coli,iML1515,murB,lptD,essential,essential,ess_ess,0.876997,0.0,0.0,0.0,0.0,0.0,0.0,1.0,1.0,1.0,0.0,additive
E. coli,iML1515,murB,msbA,essential,essential,ess_ess,0.876997,0.0,0.0,0.0,0.0,0.0,0.0,1.0,1.0,1.0,0.0,additive
E. coli,iML1515,murB,NE_b2129,essential,non-essential,ess_ne,0.876997,0.0,0.876997,0.0,0.0,1.0,0.0,1.0,-0.0,1.0,0.0,additive
E. coli,iML1515,murB,NE_b1870,essential,non-essential,ess_ne,0.876997,0.0,0.876997,0.0,0.0,1.0,0.0,1.0,-0.0,1.0,0.0,additive
E. coli,iML1515,murB,NE_b3625,essential,non-essential,ess_ne,0.876997,0.0,0.876997,0.0,0.0,1.0,0.0,1.0,-0.0,1.0,0.0,additive
E. coli,iML1515,murB,NE_b2542,essential,non-essential,ess_ne,0.876997,0.0,0.876997,0.0,0.0,1.0,0.0,1.0,-0.0,1.0,0.0,additive
E. coli,iML1515,murB,NE_b3034,essential,non-essential,ess_ne,0.876997,0.0,0.876997,0.0,0.0,1.0,0.0,1.0,-0.0,1.0,0.0,additive
E. coli,iML1515,murB,NE_b2199,essential,non-essential,ess_ne,0.876997,0.0,0.876997,0.0,0.0,1.0,0.0,1.0,-0.0,1.0,0.0,additive
E. coli,iML1515,murB,NE_b4013,essential,non-essential,ess_ne,0.876997,0.0,0.0,0.0,0.0,0.0,0.0,1.0,1.0,1.0,0.0,additive
E. coli,iML1515,murB,NE_b2406,essential,non-essential,ess_ne,0.876997,0.0,0.876997,0.0,0.0,1.0,0.0,1.0,-0.0,1.0,0.0,additive
E. coli,iML1515,murB,NE_b1200,essential,non-essential,ess_ne,0.876997,0.0,0.876997,0.0,0.0,1.0,0.0,1.0,0.0,1.0,0.0,additive
E. coli,iML1515,murB,NE_b0475,essential,non-essential,ess_ne,0.876997,0.0,0.0,0.0,0.0,0.0,0.0,1.0,1.0,1.0,0.0,additive
E. coli,iML1515,murB,NE_b4290,essential,non-essential,ess_ne,0.876997,0.0,0.876997,0.0,0.0,1.0,0.0,1.0,-0.0,1.0,0.0,additive
E. coli,iML1515,murB,NE_b1453,essential,non-essential,ess_ne,0.876997,0.0,0.876997,0.0,0.0,1.0,0.0,1.0,0.0,1.0,0.0,additive
E. coli,iML1515,murB,NE_b2091,essential,non-essential,ess_ne,0.876997,0.0,0.876997,0.0,0.0,1.0,0.0,1.0,0.0,1.0,0.0,additive
E. coli,iML1515,murB,NE_b2282,essential,non-essential,ess_ne,0.876997,0.0,0.758643,0.0,0.0,0.865046,0.0,1.0,0.134954,1.0,0.0,additive
E. coli,iML1515,murB,NE_b3588,essential,non-essential,ess_ne,0.876997,0.0,0.876997,0.0,0.0,1.0,0.0,1.0,-0.0,1.0,0.0,additive
E. coli,iML1515,murB,NE_b1612,essential,non-essential,ess_ne,0.876997,0.0,0.803164,0.0,0.0,0.915811,0.0,1.0,0.084189,1.0,0.0,additive
E. coli,iML1515,murB,NE_b0430,essential,non-essential,ess_ne,0.876997,0.0,0.777614,0.0,0.0,0.886678,0.0,1.0,0.113322,1.0,0.0,additive
E. coli,iML1515,murB,NE_b3924,essential,non-essential,ess_ne,0.876997,0.0,0.876909,0.0,0.0,0.9999,0.0,1.0,0.0001,1.0,0.0,additive
E. coli,iML1515,murB,NE_b3733,essential,non-essential,ess_ne,0.876997,0.0,0.284933,0.0,0.0,0.324896,0.0,1.0,0.675104,1.0,0.0,additive
E. coli,iML1515,murB,NE_b1662,essential,non-essential,ess_ne,0.876997,0.0,0.0,0.0,0.0,0.0,0.0,1.0,1.0,1.0,0.0,additive
E. coli,iML1515,murB,NE_b3578,essential,non-essential,ess_ne,0.876997,0.0,0.876997,0.0,0.0,1.0,0.0,1.0,-0.0,1.0,0.0,additive
E. coli,iML1515,murB,NE_b2262,essential,non-essential,ess_ne,0.876997,0.0,0.876997,0.0,0.0,1.0,0.0,1.0,-0.0,1.0,0.0,additive
E. coli,iML1515,murB,NE_b2599,essential,non-essential,ess_ne,0.876997,0.0,0.0,0.0,0.0,0.0,0.0,1.0,1.0,1.0,0.0,additive
E. coli,iML1515,murB,NE_b4159,essential,non-essential,ess_ne,0.876997,0.0,0.876997,0.0,0.0,1.0,0.0,1.0,-0.0,1.0,0.0,additive
E. coli,iML1515,murB,NE_b3526,essential,non-essential,ess_ne,0.876997,0.0,0.876997,0.0,0.0,1.0,0.0,1.0,-0.0,1.0,0.0,additive
E. coli,iML1515,murB,NE_b1852,essential,non-essential,ess_ne,0.876997,0.0,0.873398,0.0,0.0,0.995896,0.0,1.0,0.004104,1.0,0.0,additive
E. coli,iML1515,murB,NE_b2528,essential,non-essential,ess_ne,0.876997,0.0,0.876995,0.0,0.0,0.999998,0.0,1.0,2e-06,1.0,0.0,additive
E. coli,iML1515,murB,NE_b3990,essential,non-essential,ess_ne,0.876997,0.0,0.0,0.0,0.0,0.0,0.0,1.0,1.0,1.0,0.0,additive
E. coli,iML1515,murB,NE_b0261,essential,non-essential,ess_ne,0.876997,0.0,0.876997,0.0,0.0,1.0,0.0,1.0,-0.0,1.0,0.0,additive
E. coli,iML1515,murB,NE_b2676,essential,non-essential,ess_ne,0.876997,0.0,0.876997,0.0,0.0,1.0,0.0,1.0,-0.0,1.0,0.0,additive
E. coli,iML1515,murC,murD,essential,essential,ess_ess,0.876997,0.0,0.0,0.0,0.0,0.0,0.0,1.0,1.0,1.0,0.0,additive
E. coli,iML1515,murC,murE,essential,essential,ess_ess,0.876997,0.0,0.0,0.0,0.0,0.0,0.0,1.0,1.0,1.0,0.0,additive
E. coli,iML1515,murC,murF,essential,essential,ess_ess,0.876997,0.0,0.0,0.0,0.0,0.0,0.0,1.0,1.0,1.0,0.0,additive
E. coli,iML1515,murC,lpxA,essential,essential,ess_ess,0.876997,0.0,0.0,0.0,0.0,0.0,0.0,1.0,1.0,1.0,0.0,additive
E. coli,iML1515,murC,lpxB,essential,essential,ess_ess,0.876997,0.0,0.0,0.0,0.0,0.0,0.0,1.0,1.0,1.0,0.0,additive
E. coli,iML1515,murC,lpxC,essential,essential,ess_ess,0.876997,0.0,0.0,0.0,0.0,0.0,0.0,1.0,1.0,1.0,0.0,additive
E. coli,iML1515,murC,lpxD,essential,essential,ess_ess,0.876997,0.0,0.0,0.0,0.0,0.0,0.0,1.0,1.0,1.0,0.0,additive
E. coli,iML1515,murC,ftsW,essential,essential,ess_ess,0.876997,0.0,0.0,0.0,0.0,0.0,0.0,1.0,1.0,1.0,0.0,additive
E. coli,iML1515,murC,fabI,essential,essential,ess_ess,0.876997,0.0,0.0,0.0,0.0,0.0,0.0,1.0,1.0,1.0,0.0,additive
E. coli,iML1515,murC,fabH,essential,essential,ess_ess,0.876997,0.0,0.0,0.0,0.0,0.0,0.0,1.0,1.0,1.0,0.0,additive
E. coli,iML1515,murC,accA,essential,essential,ess_ess,0.876997,0.0,0.0,0.0,0.0,0.0,0.0,1.0,1.0,1.0,0.0,additive
E. coli,iML1515,murC,folA,essential,essential,ess_ess,0.876997,0.0,0.0,0.0,0.0,0.0,0.0,1.0,1.0,1.0,0.0,additive
E. coli,iML1515,murC,folP,essential,essential,ess_ess,0.876997,0.0,-0.0,0.0,0.0,-0.0,0.0,1.0,1.0,1.0,0.0,additive
E. coli,iML1515,murC,dxr,essential,essential,ess_ess,0.876997,0.0,0.0,0.0,0.0,0.0,0.0,1.0,1.0,1.0,0.0,additive
E. coli,iML1515,murC,ispD,essential,essential,ess_ess,0.876997,0.0,0.0,0.0,0.0,0.0,0.0,1.0,1.0,1.0,0.0,additive
E. coli,iML1515,murC,lptD,essential,essential,ess_ess,0.876997,0.0,0.0,0.0,0.0,0.0,0.0,1.0,1.0,1.0,0.0,additive
E. coli,iML1515,murC,msbA,essential,essential,ess_ess,0.876997,0.0,0.0,0.0,0.0,0.0,0.0,1.0,1.0,1.0,0.0,additive
E. coli,iML1515,murC,NE_b2129,essential,non-essential,ess_ne,0.876997,0.0,0.876997,0.0,0.0,1.0,0.0,1.0,-0.0,1.0,0.0,additive
E. coli,iML1515,murC,NE_b1870,essential,non-essential,ess_ne,0.876997,0.0,0.876997,0.0,0.0,1.0,0.0,1.0,-0.0,1.0,0.0,additive
E. coli,iML1515,murC,NE_b3625,essential,non-essential,ess_ne,0.876997,0.0,0.876997,0.0,0.0,1.0,0.0,1.0,-0.0,1.0,0.0,additive
E. coli,iML1515,murC,NE_b2542,essential,non-essential,ess_ne,0.876997,0.0,0.876997,0.0,0.0,1.0,0.0,1.0,-0.0,1.0,0.0,additive
E. coli,iML1515,murC,NE_b3034,essential,non-essential,ess_ne,0.876997,0.0,0.876997,0.0,0.0,1.0,0.0,1.0,-0.0,1.0,0.0,additive
E. coli,iML1515,murC,NE_b2199,essential,non-essential,ess_ne,0.876997,0.0,0.876997,0.0,0.0,1.0,0.0,1.0,-0.0,1.0,0.0,additive
E. coli,iML1515,murC,NE_b4013,essential,non-essential,ess_ne,0.876997,0.0,0.0,0.0,0.0,0.0,0.0,1.0,1.0,1.0,0.0,additive
E. coli,iML1515,murC,NE_b2406,essential,non-essential,ess_ne,0.876997,0.0,0.876997,0.0,0.0,1.0,0.0,1.0,-0.0,1.0,0.0,additive
E. coli,iML1515,murC,NE_b1200,essential,non-essential,ess_ne,0.876997,0.0,0.876997,0.0,0.0,1.0,0.0,1.0,0.0,1.0,0.0,additive
E. coli,iML1515,murC,NE_b0475,essential,non-essential,ess_ne,0.876997,0.0,0.0,0.0,0.0,0.0,0.0,1.0,1.0,1.0,0.0,additive
E. coli,iML1515,murC,NE_b4290,essential,non-essential,ess_ne,0.876997,0.0,0.876997,0.0,0.0,1.0,0.0,1.0,-0.0,1.0,0.0,additive
E. coli,iML1515,murC,NE_b1453,essential,non-essential,ess_ne,0.876997,0.0,0.876997,0.0,0.0,1.0,0.0,1.0,0.0,1.0,0.0,additive
E. coli,iML1515,murC,NE_b2091,essential,non-essential,ess_ne,0.876997,0.0,0.876997,0.0,0.0,1.0,0.0,1.0,0.0,1.0,0.0,additive
E. coli,iML1515,murC,NE_b2282,essential,non-essential,ess_ne,0.876997,0.0,0.758643,0.0,0.0,0.865046,0.0,1.0,0.134954,1.0,0.0,additive
E. coli,iML1515,murC,NE_b3588,essential,non-essential,ess_ne,0.876997,0.0,0.876997,0.0,0.0,1.0,0.0,1.0,-0.0,1.0,0.0,additive
E. coli,iML1515,murC,NE_b1612,essential,non-essential,ess_ne,0.876997,0.0,0.803164,0.0,0.0,0.915811,0.0,1.0,0.084189,1.0,0.0,additive
E. coli,iML1515,murC,NE_b0430,essential,non-essential,ess_ne,0.876997,0.0,0.777614,0.0,0.0,0.886678,0.0,1.0,0.113322,1.0,0.0,additive
E. coli,iML1515,murC,NE_b3924,essential,non-essential,ess_ne,0.876997,0.0,0.876909,0.0,0.0,0.9999,0.0,1.0,0.0001,1.0,0.0,additive
E. coli,iML1515,murC,NE_b3733,essential,non-essential,ess_ne,0.876997,0.0,0.284933,0.0,0.0,0.324896,0.0,1.0,0.675104,1.0,0.0,additive
E. coli,iML1515,murC,NE_b1662,essential,non-essential,ess_ne,0.876997,0.0,0.0,0.0,0.0,0.0,0.0,1.0,1.0,1.0,0.0,additive
E. coli,iML1515,murC,NE_b3578,essential,non-essential,ess_ne,0.876997,0.0,0.876997,0.0,0.0,1.0,0.0,1.0,-0.0,1.0,0.0,additive
E. coli,iML1515,murC,NE_b2262,essential,non-essential,ess_ne,0.876997,0.0,0.876997,0.0,0.0,1.0,0.0,1.0,-0.0,1.0,0.0,additive
E. coli,iML1515,murC,NE_b2599,essential,non-essential,ess_ne,0.876997,0.0,0.0,0.0,0.0,0.0,0.0,1.0,1.0,1.0,0.0,additive
E. coli,iML1515,murC,NE_b4159,essential,non-essential,ess_ne,0.876997,0.0,0.876997,0.0,0.0,1.0,0.0,1.0,-0.0,1.0,0.0,additive
E. coli,iML1515,murC,NE_b3526,essential,non-essential,ess_ne,0.876997,0.0,0.876997,0.0,0.0,1.0,0.0,1.0,-0.0,1.0,0.0,additive
E. coli,iML1515,murC,NE_b1852,essential,non-essential,ess_ne,0.876997,0.0,0.873398,0.0,0.0,0.995896,0.0,1.0,0.004104,1.0,0.0,additive
E. coli,iML1515,murC,NE_b2528,essential,non-essential,ess_ne,0.876997,0.0,0.876995,0.0,0.0,0.999998,0.0,1.0,2e-06,1.0,0.0,additive
E. coli,iML1515,murC,NE_b3990,essential,non-essential,ess_ne,0.876997,0.0,0.0,0.0,0.0,0.0,0.0,1.0,1.0,1.0,0.0,additive
E. coli,iML1515,murC,NE_b0261,essential,non-essential,ess_ne,0.876997,0.0,0.876997,0.0,0.0,1.0,0.0,1.0,-0.0,1.0,0.0,additive
E. coli,iML1515,murC,NE_b2676,essential,non-essential,ess_ne,0.876997,0.0,0.876997,0.0,0.0,1.0,0.0,1.0,-0.0,1.0,0.0,additive
E. coli,iML1515,murD,murE,essential,essential,ess_ess,0.876997,0.0,0.0,0.0,0.0,0.0,0.0,1.0,1.0,1.0,0.0,additive
E. coli,iML1515,murD,murF,essential,essential,ess_ess,0.876997,0.0,0.0,0.0,0.0,0.0,0.0,1.0,1.0,1.0,0.0,additive
E. coli,iML1515,murD,lpxA,essential,essential,ess_ess,0.876997,0.0,0.0,0.0,0.0,0.0,0.0,1.0,1.0,1.0,0.0,additive
E. coli,iML1515,murD,lpxB,essential,essential,ess_ess,0.876997,0.0,0.0,0.0,0.0,0.0,0.0,1.0,1.0,1.0,0.0,additive
E. coli,iML1515,murD,lpxC,essential,essential,ess_ess,0.876997,0.0,0.0,0.0,0.0,0.0,0.0,1.0,1.0,1.0,0.0,additive
E. coli,iML1515,murD,lpxD,essential,essential,ess_ess,0.876997,0.0,0.0,0.0,0.0,0.0,0.0,1.0,1.0,1.0,0.0,additive
E. coli,iML1515,murD,ftsW,essential,essential,ess_ess,0.876997,0.0,0.0,0.0,0.0,0.0,0.0,1.0,1.0,1.0,0.0,additive
E. coli,iML1515,murD,fabI,essential,essential,ess_ess,0.876997,0.0,0.0,0.0,0.0,0.0,0.0,1.0,1.0,1.0,0.0,additive
E. coli,iML1515,murD,fabH,essential,essential,ess_ess,0.876997,0.0,0.0,0.0,0.0,0.0,0.0,1.0,1.0,1.0,0.0,additive
E. coli,iML1515,murD,accA,essential,essential,ess_ess,0.876997,0.0,0.0,0.0,0.0,0.0,0.0,1.0,1.0,1.0,0.0,additive
E. coli,iML1515,murD,folA,essential,essential,ess_ess,0.876997,0.0,0.0,0.0,0.0,0.0,0.0,1.0,1.0,1.0,0.0,additive
E. coli,iML1515,murD,folP,essential,essential,ess_ess,0.876997,0.0,-0.0,0.0,0.0,-0.0,0.0,1.0,1.0,1.0,0.0,additive
E. coli,iML1515,murD,dxr,essential,essential,ess_ess,0.876997,0.0,0.0,0.0,0.0,0.0,0.0,1.0,1.0,1.0,0.0,additive
E. coli,iML1515,murD,ispD,essential,essential,ess_ess,0.876997,0.0,0.0,0.0,0.0,0.0,0.0,1.0,1.0,1.0,0.0,additive
E. coli,iML1515,murD,lptD,essential,essential,ess_ess,0.876997,0.0,0.0,0.0,0.0,0.0,0.0,1.0,1.0,1.0,0.0,additive
E. coli,iML1515,murD,msbA,essential,essential,ess_ess,0.876997,0.0,0.0,0.0,0.0,0.0,0.0,1.0,1.0,1.0,0.0,additive
E. coli,iML1515,murD,NE_b2129,essential,non-essential,ess_ne,0.876997,0.0,0.876997,0.0,0.0,1.0,0.0,1.0,-0.0,1.0,0.0,additive
E. coli,iML1515,murD,NE_b1870,essential,non-essential,ess_ne,0.876997,0.0,0.876997,0.0,0.0,1.0,0.0,1.0,-0.0,1.0,0.0,additive
E. coli,iML1515,murD,NE_b3625,essential,non-essential,ess_ne,0.876997,0.0,0.876997,0.0,0.0,1.0,0.0,1.0,-0.0,1.0,0.0,additive
E. coli,iML1515,murD,NE_b2542,essential,non-essential,ess_ne,0.876997,0.0,0.876997,0.0,0.0,1.0,0.0,1.0,-0.0,1.0,0.0,additive
E. coli,iML1515,murD,NE_b3034,essential,non-essential,ess_ne,0.876997,0.0,0.876997,0.0,0.0,1.0,0.0,1.0,-0.0,1.0,0.0,additive
E. coli,iML1515,murD,NE_b2199,essential,non-essential,ess_ne,0.876997,0.0,0.876997,0.0,0.0,1.0,0.0,1.0,-0.0,1.0,0.0,additive
E. coli,iML1515,murD,NE_b4013,essential,non-essential,ess_ne,0.876997,0.0,0.0,0.0,0.0,0.0,0.0,1.0,1.0,1.0,0.0,additive
E. coli,iML1515,murD,NE_b2406,essential,non-essential,ess_ne,0.876997,0.0,0.876997,0.0,0.0,1.0,0.0,1.0,-0.0,1.0,0.0,additive
E. coli,iML1515,murD,NE_b1200,essential,non-essential,ess_ne,0.876997,0.0,0.876997,0.0,0.0,1.0,0.0,1.0,0.0,1.0,0.0,additive
E. coli,iML1515,murD,NE_b0475,essential,non-essential,ess_ne,0.876997,0.0,0.0,0.0,0.0,0.0,0.0,1.0,1.0,1.0,0.0,additive
E. coli,iML1515,murD,NE_b4290,essential,non-essential,ess_ne,0.876997,0.0,0.876997,0.0,0.0,1.0,0.0,1.0,-0.0,1.0,0.0,additive
E. coli,iML1515,murD,NE_b1453,essential,non-essential,ess_ne,0.876997,0.0,0.876997,0.0,0.0,1.0,0.0,1.0,0.0,1.0,0.0,additive
E. coli,iML1515,murD,NE_b2091,essential,non-essential,ess_ne,0.876997,0.0,0.876997,0.0,0.0,1.0,0.0,1.0,0.0,1.0,0.0,additive
E. coli,iML1515,murD,NE_b2282,essential,non-essential,ess_ne,0.876997,0.0,0.758643,0.0,0.0,0.865046,0.0,1.0,0.134954,1.0,0.0,additive
E. coli,iML1515,murD,NE_b3588,essential,non-essential,ess_ne,0.876997,0.0,0.876997,0.0,0.0,1.0,0.0,1.0,-0.0,1.0,0.0,additive
E. coli,iML1515,murD,NE_b1612,essential,non-essential,ess_ne,0.876997,0.0,0.803164,0.0,0.0,0.915811,0.0,1.0,0.084189,1.0,0.0,additive
E. coli,iML1515,murD,NE_b0430,essential,non-essential,ess_ne,0.876997,0.0,0.777614,0.0,0.0,0.886678,0.0,1.0,0.113322,1.0,0.0,additive
E. coli,iML1515,murD,NE_b3924,essential,non-essential,ess_ne,0.876997,0.0,0.876909,0.0,0.0,0.9999,0.0,1.0,0.0001,1.0,0.0,additive
E. coli,iML1515,murD,NE_b3733,essential,non-essential,ess_ne,0.876997,0.0,0.284933,0.0,0.0,0.324896,0.0,1.0,0.675104,1.0,0.0,additive
E. coli,iML1515,murD,NE_b1662,essential,non-essential,ess_ne,0.876997,0.0,0.0,0.0,0.0,0.0,0.0,1.0,1.0,1.0,0.0,additive
E. coli,iML1515,murD,NE_b3578,essential,non-essential,ess_ne,0.876997,0.0,0.876997,0.0,0.0,1.0,0.0,1.0,-0.0,1.0,0.0,additive
E. coli,iML1515,murD,NE_b2262,essential,non-essential,ess_ne,0.876997,0.0,0.876997,0.0,0.0,1.0,0.0,1.0,-0.0,1.0,0.0,additive
E. coli,iML1515,murD,NE_b2599,essential,non-essential,ess_ne,0.876997,0.0,0.0,0.0,0.0,0.0,0.0,1.0,1.0,1.0,0.0,additive
E. coli,iML1515,murD,NE_b4159,essential,non-essential,ess_ne,0.876997,0.0,0.876997,0.0,0.0,1.0,0.0,1.0,-0.0,1.0,0.0,additive
E. coli,iML1515,murD,NE_b3526,essential,non-essential,ess_ne,0.876997,0.0,0.876997,0.0,0.0,1.0,0.0,1.0,-0.0,1.0,0.0,additive
E. coli,iML1515,murD,NE_b1852,essential,non-essential,ess_ne,0.876997,0.0,0.873398,0.0,0.0,0.995896,0.0,1.0,0.004104,1.0,0.0,additive
E. coli,iML1515,murD,NE_b2528,essential,non-essential,ess_ne,0.876997,0.0,0.876995,0.0,0.0,0.999998,0.0,1.0,2e-06,1.0,0.0,additive
E. coli,iML1515,murD,NE_b3990,essential,non-essential,ess_ne,0.876997,0.0,0.0,0.0,0.0,0.0,0.0,1.0,1.0,1.0,0.0,additive
E. coli,iML1515,murD,NE_b0261,essential,non-essential,ess_ne,0.876997,0.0,0.876997,0.0,0.0,1.0,0.0,1.0,-0.0,1.0,0.0,additive
E. coli,iML1515,murD,NE_b2676,essential,non-essential,ess_ne,0.876997,0.0,0.876997,0.0,0.0,1.0,0.0,1.0,-0.0,1.0,0.0,additive
E. coli,iML1515,murE,murF,essential,essential,ess_ess,0.876997,0.0,0.0,0.0,0.0,0.0,0.0,1.0,1.0,1.0,0.0,additive
E. coli,iML1515,murE,lpxA,essential,essential,ess_ess,0.876997,0.0,0.0,0.0,0.0,0.0,0.0,1.0,1.0,1.0,0.0,additive
E. coli,iML1515,murE,lpxB,essential,essential,ess_ess,0.876997,0.0,0.0,0.0,0.0,0.0,0.0,1.0,1.0,1.0,0.0,additive
E. coli,iML1515,murE,lpxC,essential,essential,ess_ess,0.876997,0.0,0.0,0.0,0.0,0.0,0.0,1.0,1.0,1.0,0.0,additive
E. coli,iML1515,murE,lpxD,essential,essential,ess_ess,0.876997,0.0,0.0,0.0,0.0,0.0,0.0,1.0,1.0,1.0,0.0,additive
E. coli,iML1515,murE,ftsW,essential,essential,ess_ess,0.876997,0.0,0.0,0.0,0.0,0.0,0.0,1.0,1.0,1.0,0.0,additive
E. coli,iML1515,murE,fabI,essential,essential,ess_ess,0.876997,0.0,0.0,0.0,0.0,0.0,0.0,1.0,1.0,1.0,0.0,additive
E. coli,iML1515,murE,fabH,essential,essential,ess_ess,0.876997,0.0,0.0,0.0,0.0,0.0,0.0,1.0,1.0,1.0,0.0,additive
E. coli,iML1515,murE,accA,essential,essential,ess_ess,0.876997,0.0,0.0,0.0,0.0,0.0,0.0,1.0,1.0,1.0,0.0,additive
E. coli,iML1515,murE,folA,essential,essential,ess_ess,0.876997,0.0,0.0,0.0,0.0,0.0,0.0,1.0,1.0,1.0,0.0,additive
E. coli,iML1515,murE,folP,essential,essential,ess_ess,0.876997,0.0,-0.0,0.0,0.0,-0.0,0.0,1.0,1.0,1.0,0.0,additive
E. coli,iML1515,murE,dxr,essential,essential,ess_ess,0.876997,0.0,0.0,0.0,0.0,0.0,0.0,1.0,1.0,1.0,0.0,additive
E. coli,iML1515,murE,ispD,essential,essential,ess_ess,0.876997,0.0,0.0,0.0,0.0,0.0,0.0,1.0,1.0,1.0,0.0,additive
E. coli,iML1515,murE,lptD,essential,essential,ess_ess,0.876997,0.0,0.0,0.0,0.0,0.0,0.0,1.0,1.0,1.0,0.0,additive
E. coli,iML1515,murE,msbA,essential,essential,ess_ess,0.876997,0.0,0.0,0.0,0.0,0.0,0.0,1.0,1.0,1.0,0.0,additive
E. coli,iML1515,murE,NE_b2129,essential,non-essential,ess_ne,0.876997,0.0,0.876997,0.0,0.0,1.0,0.0,1.0,-0.0,1.0,0.0,additive
E. coli,iML1515,murE,NE_b1870,essential,non-essential,ess_ne,0.876997,0.0,0.876997,0.0,0.0,1.0,0.0,1.0,-0.0,1.0,0.0,additive
E. coli,iML1515,murE,NE_b3625,essential,non-essential,ess_ne,0.876997,0.0,0.876997,0.0,0.0,1.0,0.0,1.0,-0.0,1.0,0.0,additive
E. coli,iML1515,murE,NE_b2542,essential,non-essential,ess_ne,0.876997,0.0,0.876997,0.0,0.0,1.0,0.0,1.0,-0.0,1.0,0.0,additive
E. coli,iML1515,murE,NE_b3034,essential,non-essential,ess_ne,0.876997,0.0,0.876997,0.0,0.0,1.0,0.0,1.0,-0.0,1.0,0.0,additive
E. coli,iML1515,murE,NE_b2199,essential,non-essential,ess_ne,0.876997,0.0,0.876997,0.0,0.0,1.0,0.0,1.0,-0.0,1.0,0.0,additive
E. coli,iML1515,murE,NE_b4013,essential,non-essential,ess_ne,0.876997,0.0,0.0,0.0,0.0,0.0,0.0,1.0,1.0,1.0,0.0,additive
E. coli,iML1515,murE,NE_b2406,essential,non-essential,ess_ne,0.876997,0.0,0.876997,0.0,0.0,1.0,0.0,1.0,-0.0,1.0,0.0,additive
E. coli,iML1515,murE,NE_b1200,essential,non-essential,ess_ne,0.876997,0.0,0.876997,0.0,0.0,1.0,0.0,1.0,0.0,1.0,0.0,additive
E. coli,iML1515,murE,NE_b0475,essential,non-essential,ess_ne,0.876997,0.0,0.0,0.0,0.0,0.0,0.0,1.0,1.0,1.0,0.0,additive
E. coli,iML1515,murE,NE_b4290,essential,non-essential,ess_ne,0.876997,0.0,0.876997,0.0,0.0,1.0,0.0,1.0,-0.0,1.0,0.0,additive
E. coli,iML1515,murE,NE_b1453,essential,non-essential,ess_ne,0.876997,0.0,0.876997,0.0,0.0,1.0,0.0,1.0,0.0,1.0,0.0,additive
E. coli,iML1515,murE,NE_b2091,essential,non-essential,ess_ne,0.876997,0.0,0.876997,0.0,0.0,1.0,0.0,1.0,0.0,1.0,0.0,additive
E. coli,iML1515,murE,NE_b2282,essential,non-essential,ess_ne,0.876997,0.0,0.758643,0.0,0.0,0.865046,0.0,1.0,0.134954,1.0,0.0,additive
E. coli,iML1515,murE,NE_b3588,essential,non-essential,ess_ne,0.876997,0.0,0.876997,0.0,0.0,1.0,0.0,1.0,-0.0,1.0,0.0,additive
E. coli,iML1515,murE,NE_b1612,essential,non-essential,ess_ne,0.876997,0.0,0.803164,0.0,0.0,0.915811,0.0,1.0,0.084189,1.0,0.0,additive
E. coli,iML1515,murE,NE_b0430,essential,non-essential,ess_ne,0.876997,0.0,0.777614,0.0,0.0,0.886678,0.0,1.0,0.113322,1.0,0.0,additive
E. coli,iML1515,murE,NE_b3924,essential,non-essential,ess_ne,0.876997,0.0,0.876909,0.0,0.0,0.9999,0.0,1.0,0.0001,1.0,0.0,additive
E. coli,iML1515,murE,NE_b3733,essential,non-essential,ess_ne,0.876997,0.0,0.284933,0.0,0.0,0.324896,0.0,1.0,0.675104,1.0,0.0,additive
E. coli,iML1515,murE,NE_b1662,essential,non-essential,ess_ne,0.876997,0.0,0.0,0.0,0.0,0.0,0.0,1.0,1.0,1.0,0.0,additive
E. coli,iML1515,murE,NE_b3578,essential,non-essential,ess_ne,0.876997,0.0,0.876997,0.0,0.0,1.0,0.0,1.0,-0.0,1.0,0.0,additive
E. coli,iML1515,murE,NE_b2262,essential,non-essential,ess_ne,0.876997,0.0,0.876997,0.0,0.0,1.0,0.0,1.0,-0.0,1.0,0.0,additive
E. coli,iML1515,murE,NE_b2599,essential,non-essential,ess_ne,0.876997,0.0,0.0,0.0,0.0,0.0,0.0,1.0,1.0,1.0,0.0,additive
E. coli,iML1515,murE,NE_b4159,essential,non-essential,ess_ne,0.876997,0.0,0.876997,0.0,0.0,1.0,0.0,1.0,-0.0,1.0,0.0,additive
E. coli,iML1515,murE,NE_b3526,essential,non-essential,ess_ne,0.876997,0.0,0.876997,0.0,0.0,1.0,0.0,1.0,-0.0,1.0,0.0,additive
E. coli,iML1515,murE,NE_b1852,essential,non-essential,ess_ne,0.876997,0.0,0.873398,0.0,0.0,0.995896,0.0,1.0,0.004104,1.0,0.0,additive
E. coli,iML1515,murE,NE_b2528,essential,non-essential,ess_ne,0.876997,0.0,0.876995,0.0,0.0,0.999998,0.0,1.0,2e-06,1.0,0.0,additive
E. coli,iML1515,murE,NE_b3990,essential,non-essential,ess_ne,0.876997,0.0,0.0,0.0,0.0,0.0,0.0,1.0,1.0,1.0,0.0,additive
E. coli,iML1515,murE,NE_b0261,essential,non-essential,ess_ne,0.876997,0.0,0.876997,0.0,0.0,1.0,0.0,1.0,-0.0,1.0,0.0,additive
E. coli,iML1515,murE,NE_b2676,essential,non-essential,ess_ne,0.876997,0.0,0.876997,0.0,0.0,1.0,0.0,1.0,-0.0,1.0,0.0,additive
E. coli,iML1515,murF,lpxA,essential,essential,ess_ess,0.876997,0.0,0.0,0.0,0.0,0.0,0.0,1.0,1.0,1.0,0.0,additive
E. coli,iML1515,murF,lpxB,essential,essential,ess_ess,0.876997,0.0,0.0,0.0,0.0,0.0,0.0,1.0,1.0,1.0,0.0,additive
E. coli,iML1515,murF,lpxC,essential,essential,ess_ess,0.876997,0.0,0.0,0.0,0.0,0.0,0.0,1.0,1.0,1.0,0.0,additive
E. coli,iML1515,murF,lpxD,essential,essential,ess_ess,0.876997,0.0,0.0,0.0,0.0,0.0,0.0,1.0,1.0,1.0,0.0,additive
E. coli,iML1515,murF,ftsW,essential,essential,ess_ess,0.876997,0.0,0.0,0.0,0.0,0.0,0.0,1.0,1.0,1.0,0.0,additive
E. coli,iML1515,murF,fabI,essential,essential,ess_ess,0.876997,0.0,0.0,0.0,0.0,0.0,0.0,1.0,1.0,1.0,0.0,additive
E. coli,iML1515,murF,fabH,essential,essential,ess_ess,0.876997,0.0,0.0,0.0,0.0,0.0,0.0,1.0,1.0,1.0,0.0,additive
E. coli,iML1515,murF,accA,essential,essential,ess_ess,0.876997,0.0,0.0,0.0,0.0,0.0,0.0,1.0,1.0,1.0,0.0,additive
E. coli,iML1515,murF,folA,essential,essential,ess_ess,0.876997,0.0,0.0,0.0,0.0,0.0,0.0,1.0,1.0,1.0,0.0,additive
E. coli,iML1515,murF,folP,essential,essential,ess_ess,0.876997,0.0,-0.0,0.0,0.0,-0.0,0.0,1.0,1.0,1.0,0.0,additive
E. coli,iML1515,murF,dxr,essential,essential,ess_ess,0.876997,0.0,0.0,0.0,0.0,0.0,0.0,1.0,1.0,1.0,0.0,additive
E. coli,iML1515,murF,ispD,essential,essential,ess_ess,0.876997,0.0,0.0,0.0,0.0,0.0,0.0,1.0,1.0,1.0,0.0,additive
E. coli,iML1515,murF,lptD,essential,essential,ess_ess,0.876997,0.0,0.0,0.0,0.0,0.0,0.0,1.0,1.0,1.0,0.0,additive
E. coli,iML1515,murF,msbA,essential,essential,ess_ess,0.876997,0.0,0.0,0.0,0.0,0.0,0.0,1.0,1.0,1.0,0.0,additive
E. coli,iML1515,murF,NE_b2129,essential,non-essential,ess_ne,0.876997,0.0,0.876997,0.0,0.0,1.0,0.0,1.0,-0.0,1.0,0.0,additive
E. coli,iML1515,murF,NE_b1870,essential,non-essential,ess_ne,0.876997,0.0,0.876997,0.0,0.0,1.0,0.0,1.0,-0.0,1.0,0.0,additive
E. coli,iML1515,murF,NE_b3625,essential,non-essential,ess_ne,0.876997,0.0,0.876997,0.0,0.0,1.0,0.0,1.0,-0.0,1.0,0.0,additive
E. coli,iML1515,murF,NE_b2542,essential,non-essential,ess_ne,0.876997,0.0,0.876997,0.0,0.0,1.0,0.0,1.0,-0.0,1.0,0.0,additive
E. coli,iML1515,murF,NE_b3034,essential,non-essential,ess_ne,0.876997,0.0,0.876997,0.0,0.0,1.0,0.0,1.0,-0.0,1.0,0.0,additive
E. coli,iML1515,murF,NE_b2199,essential,non-essential,ess_ne,0.876997,0.0,0.876997,0.0,0.0,1.0,0.0,1.0,-0.0,1.0,0.0,additive
E. coli,iML1515,murF,NE_b4013,essential,non-essential,ess_ne,0.876997,0.0,0.0,0.0,0.0,0.0,0.0,1.0,1.0,1.0,0.0,additive
E. coli,iML1515,murF,NE_b2406,essential,non-essential,ess_ne,0.876997,0.0,0.876997,0.0,0.0,1.0,0.0,1.0,-0.0,1.0,0.0,additive
E. coli,iML1515,murF,NE_b1200,essential,non-essential,ess_ne,0.876997,0.0,0.876997,0.0,0.0,1.0,0.0,1.0,0.0,1.0,0.0,additive
E. coli,iML1515,murF,NE_b0475,essential,non-essential,ess_ne,0.876997,0.0,0.0,0.0,0.0,0.0,0.0,1.0,1.0,1.0,0.0,additive
E. coli,iML1515,murF,NE_b4290,essential,non-essential,ess_ne,0.876997,0.0,0.876997,0.0,0.0,1.0,0.0,1.0,-0.0,1.0,0.0,additive
E. coli,iML1515,murF,NE_b1453,essential,non-essential,ess_ne,0.876997,0.0,0.876997,0.0,0.0,1.0,0.0,1.0,0.0,1.0,0.0,additive
E. coli,iML1515,murF,NE_b2091,essential,non-essential,ess_ne,0.876997,0.0,0.876997,0.0,0.0,1.0,0.0,1.0,0.0,1.0,0.0,additive
E. coli,iML1515,murF,NE_b2282,essential,non-essential,ess_ne,0.876997,0.0,0.758643,0.0,0.0,0.865046,0.0,1.0,0.134954,1.0,0.0,additive
E. coli,iML1515,murF,NE_b3588,essential,non-essential,ess_ne,0.876997,0.0,0.876997,0.0,0.0,1.0,0.0,1.0,-0.0,1.0,0.0,additive
E. coli,iML1515,murF,NE_b1612,essential,non-essential,ess_ne,0.876997,0.0,0.803164,0.0,0.0,0.915811,0.0,1.0,0.084189,1.0,0.0,additive
E. coli,iML1515,murF,NE_b0430,essential,non-essential,ess_ne,0.876997,0.0,0.777614,0.0,0.0,0.886678,0.0,1.0,0.113322,1.0,0.0,additive
E. coli,iML1515,murF,NE_b3924,essential,non-essential,ess_ne,0.876997,0.0,0.876909,0.0,0.0,0.9999,0.0,1.0,0.0001,1.0,0.0,additive
E. coli,iML1515,murF,NE_b3733,essential,non-essential,ess_ne,0.876997,0.0,0.284933,0.0,0.0,0.324896,0.0,1.0,0.675104,1.0,0.0,additive
E. coli,iML1515,murF,NE_b1662,essential,non-essential,ess_ne,0.876997,0.0,0.0,0.0,0.0,0.0,0.0,1.0,1.0,1.0,0.0,additive
E. coli,iML1515,murF,NE_b3578,essential,non-essential,ess_ne,0.876997,0.0,0.876997,0.0,0.0,1.0,0.0,1.0,-0.0,1.0,0.0,additive
E. coli,iML1515,murF,NE_b2262,essential,non-essential,ess_ne,0.876997,0.0,0.876997,0.0,0.0,1.0,0.0,1.0,-0.0,1.0,0.0,additive
E. coli,iML1515,murF,NE_b2599,essential,non-essential,ess_ne,0.876997,0.0,0.0,0.0,0.0,0.0,0.0,1.0,1.0,1.0,0.0,additive
E. coli,iML1515,murF,NE_b4159,essential,non-essential,ess_ne,0.876997,0.0,0.876997,0.0,0.0,1.0,0.0,1.0,-0.0,1.0,0.0,additive
E. coli,iML1515,murF,NE_b3526,essential,non-essential,ess_ne,0.876997,0.0,0.876997,0.0,0.0,1.0,0.0,1.0,-0.0,1.0,0.0,additive
E. coli,iML1515,murF,NE_b1852,essential,non-essential,ess_ne,0.876997,0.0,0.873398,0.0,0.0,0.995896,0.0,1.0,0.004104,1.0,0.0,additive
E. coli,iML1515,murF,NE_b2528,essential,non-essential,ess_ne,0.876997,0.0,0.876995,0.0,0.0,0.999998,0.0,1.0,2e-06,1.0,0.0,additive
E. coli,iML1515,murF,NE_b3990,essential,non-essential,ess_ne,0.876997,0.0,0.0,0.0,0.0,0.0,0.0,1.0,1.0,1.0,0.0,additive
E. coli,iML1515,murF,NE_b0261,essential,non-essential,ess_ne,0.876997,0.0,0.876997,0.0,0.0,1.0,0.0,1.0,-0.0,1.0,0.0,additive
E. coli,iML1515,murF,NE_b2676,essential,non-essential,ess_ne,0.876997,0.0,0.876997,0.0,0.0,1.0,0.0,1.0,-0.0,1.0,0.0,additive
E. coli,iML1515,lpxA,lpxB,essential,essential,ess_ess,0.876997,0.0,0.0,0.0,0.0,0.0,0.0,1.0,1.0,1.0,0.0,additive
E. coli,iML1515,lpxA,lpxC,essential,essential,ess_ess,0.876997,0.0,0.0,0.0,0.0,0.0,0.0,1.0,1.0,1.0,0.0,additive
E. coli,iML1515,lpxA,lpxD,essential,essential,ess_ess,0.876997,0.0,0.0,0.0,0.0,0.0,0.0,1.0,1.0,1.0,0.0,additive
E. coli,iML1515,lpxA,ftsW,essential,essential,ess_ess,0.876997,0.0,0.0,0.0,0.0,0.0,0.0,1.0,1.0,1.0,0.0,additive
E. coli,iML1515,lpxA,fabI,essential,essential,ess_ess,0.876997,0.0,0.0,0.0,0.0,0.0,0.0,1.0,1.0,1.0,0.0,additive
E. coli,iML1515,lpxA,fabH,essential,essential,ess_ess,0.876997,0.0,0.0,0.0,0.0,0.0,0.0,1.0,1.0,1.0,0.0,additive
E. coli,iML1515,lpxA,accA,essential,essential,ess_ess,0.876997,0.0,0.0,0.0,0.0,0.0,0.0,1.0,1.0,1.0,0.0,additive
E. coli,iML1515,lpxA,folA,essential,essential,ess_ess,0.876997,0.0,0.0,0.0,0.0,0.0,0.0,1.0,1.0,1.0,0.0,additive
E. coli,iML1515,lpxA,folP,essential,essential,ess_ess,0.876997,0.0,-0.0,0.0,0.0,-0.0,0.0,1.0,1.0,1.0,0.0,additive
E. coli,iML1515,lpxA,dxr,essential,essential,ess_ess,0.876997,0.0,0.0,0.0,0.0,0.0,0.0,1.0,1.0,1.0,0.0,additive
E. coli,iML1515,lpxA,ispD,essential,essential,ess_ess,0.876997,0.0,0.0,0.0,0.0,0.0,0.0,1.0,1.0,1.0,0.0,additive
E. coli,iML1515,lpxA,lptD,essential,essential,ess_ess,0.876997,0.0,0.0,0.0,0.0,0.0,0.0,1.0,1.0,1.0,0.0,additive
E. coli,iML1515,lpxA,msbA,essential,essential,ess_ess,0.876997,0.0,0.0,0.0,0.0,0.0,0.0,1.0,1.0,1.0,0.0,additive
E. coli,iML1515,lpxA,NE_b2129,essential,non-essential,ess_ne,0.876997,0.0,0.876997,0.0,0.0,1.0,0.0,1.0,-0.0,1.0,0.0,additive
E. coli,iML1515,lpxA,NE_b1870,essential,non-essential,ess_ne,0.876997,0.0,0.876997,0.0,0.0,1.0,0.0,1.0,-0.0,1.0,0.0,additive
E. coli,iML1515,lpxA,NE_b3625,essential,non-essential,ess_ne,0.876997,0.0,0.876997,0.0,0.0,1.0,0.0,1.0,-0.0,1.0,0.0,additive
E. coli,iML1515,lpxA,NE_b2542,essential,non-essential,ess_ne,0.876997,0.0,0.876997,0.0,0.0,1.0,0.0,1.0,-0.0,1.0,0.0,additive
E. coli,iML1515,lpxA,NE_b3034,essential,non-essential,ess_ne,0.876997,0.0,0.876997,0.0,0.0,1.0,0.0,1.0,-0.0,1.0,0.0,additive
E. coli,iML1515,lpxA,NE_b2199,essential,non-essential,ess_ne,0.876997,0.0,0.876997,0.0,0.0,1.0,0.0,1.0,-0.0,1.0,0.0,additive
E. coli,iML1515,lpxA,NE_b4013,essential,non-essential,ess_ne,0.876997,0.0,0.0,0.0,0.0,0.0,0.0,1.0,1.0,1.0,0.0,additive
E. coli,iML1515,lpxA,NE_b2406,essential,non-essential,ess_ne,0.876997,0.0,0.876997,0.0,0.0,1.0,0.0,1.0,-0.0,1.0,0.0,additive
E. coli,iML1515,lpxA,NE_b1200,essential,non-essential,ess_ne,0.876997,0.0,0.876997,0.0,0.0,1.0,0.0,1.0,0.0,1.0,0.0,additive
E. coli,iML1515,lpxA,NE_b0475,essential,non-essential,ess_ne,0.876997,0.0,0.0,0.0,0.0,0.0,0.0,1.0,1.0,1.0,0.0,additive
E. coli,iML1515,lpxA,NE_b4290,essential,non-essential,ess_ne,0.876997,0.0,0.876997,0.0,0.0,1.0,0.0,1.0,-0.0,1.0,0.0,additive
E. coli,iML1515,lpxA,NE_b1453,essential,non-essential,ess_ne,0.876997,0.0,0.876997,0.0,0.0,1.0,0.0,1.0,0.0,1.0,0.0,additive
E. coli,iML1515,lpxA,NE_b2091,essential,non-essential,ess_ne,0.876997,0.0,0.876997,0.0,0.0,1.0,0.0,1.0,0.0,1.0,0.0,additive
E. coli,iML1515,lpxA,NE_b2282,essential,non-essential,ess_ne,0.876997,0.0,0.758643,0.0,0.0,0.865046,0.0,1.0,0.134954,1.0,0.0,additive
E. coli,iML1515,lpxA,NE_b3588,essential,non-essential,ess_ne,0.876997,0.0,0.876997,0.0,0.0,1.0,0.0,1.0,-0.0,1.0,0.0,additive
E. coli,iML1515,lpxA,NE_b1612,essential,non-essential,ess_ne,0.876997,0.0,0.803164,0.0,0.0,0.915811,0.0,1.0,0.084189,1.0,0.0,additive
E. coli,iML1515,lpxA,NE_b0430,essential,non-essential,ess_ne,0.876997,0.0,0.777614,0.0,0.0,0.886678,0.0,1.0,0.113322,1.0,0.0,additive
E. coli,iML1515,lpxA,NE_b3924,essential,non-essential,ess_ne,0.876997,0.0,0.876909,0.0,0.0,0.9999,0.0,1.0,0.0001,1.0,0.0,additive
E. coli,iML1515,lpxA,NE_b3733,essential,non-essential,ess_ne,0.876997,0.0,0.284933,0.0,0.0,0.324896,0.0,1.0,0.675104,1.0,0.0,additive
E. coli,iML1515,lpxA,NE_b1662,essential,non-essential,ess_ne,0.876997,0.0,0.0,0.0,0.0,0.0,0.0,1.0,1.0,1.0,0.0,additive
E. coli,iML1515,lpxA,NE_b3578,essential,non-essential,ess_ne,0.876997,0.0,0.876997,0.0,0.0,1.0,0.0,1.0,-0.0,1.0,0.0,additive
E. coli,iML1515,lpxA,NE_b2262,essential,non-essential,ess_ne,0.876997,0.0,0.876997,0.0,0.0,1.0,0.0,1.0,-0.0,1.0,0.0,additive
E. coli,iML1515,lpxA,NE_b2599,essential,non-essential,ess_ne,0.876997,0.0,0.0,0.0,0.0,0.0,0.0,1.0,1.0,1.0,0.0,additive
E. coli,iML1515,lpxA,NE_b4159,essential,non-essential,ess_ne,0.876997,0.0,0.876997,0.0,0.0,1.0,0.0,1.0,-0.0,1.0,0.0,additive
E. coli,iML1515,lpxA,NE_b3526,essential,non-essential,ess_ne,0.876997,0.0,0.876997,0.0,0.0,1.0,0.0,1.0,-0.0,1.0,0.0,additive
E. coli,iML1515,lpxA,NE_b1852,essential,non-essential,ess_ne,0.876997,0.0,0.873398,0.0,0.0,0.995896,0.0,1.0,0.004104,1.0,0.0,additive
E. coli,iML1515,lpxA,NE_b2528,essential,non-essential,ess_ne,0.876997,0.0,0.876995,0.0,0.0,0.999998,0.0,1.0,2e-06,1.0,0.0,additive
E. coli,iML1515,lpxA,NE_b3990,essential,non-essential,ess_ne,0.876997,0.0,0.0,0.0,0.0,0.0,0.0,1.0,1.0,1.0,0.0,additive
E. coli,iML1515,lpxA,NE_b0261,essential,non-essential,ess_ne,0.876997,0.0,0.876997,0.0,0.0,1.0,0.0,1.0,-0.0,1.0,0.0,additive
E. coli,iML1515,lpxA,NE_b2676,essential,non-essential,ess_ne,0.876997,0.0,0.876997,0.0,0.0,1.0,0.0,1.0,-0.0,1.0,0.0,additive
E. coli,iML1515,lpxB,lpxC,essential,essential,ess_ess,0.876997,0.0,0.0,0.0,0.0,0.0,0.0,1.0,1.0,1.0,0.0,additive
E. coli,iML1515,lpxB,lpxD,essential,essential,ess_ess,0.876997,0.0,0.0,0.0,0.0,0.0,0.0,1.0,1.0,1.0,0.0,additive
E. coli,iML1515,lpxB,ftsW,essential,essential,ess_ess,0.876997,0.0,0.0,0.0,0.0,0.0,0.0,1.0,1.0,1.0,0.0,additive
E. coli,iML1515,lpxB,fabI,essential,essential,ess_ess,0.876997,0.0,0.0,0.0,0.0,0.0,0.0,1.0,1.0,1.0,0.0,additive
E. coli,iML1515,lpxB,fabH,essential,essential,ess_ess,0.876997,0.0,0.0,0.0,0.0,0.0,0.0,1.0,1.0,1.0,0.0,additive
E. coli,iML1515,lpxB,accA,essential,essential,ess_ess,0.876997,0.0,0.0,0.0,0.0,0.0,0.0,1.0,1.0,1.0,0.0,additive
E. coli,iML1515,lpxB,folA,essential,essential,ess_ess,0.876997,0.0,0.0,0.0,0.0,0.0,0.0,1.0,1.0,1.0,0.0,additive
E. coli,iML1515,lpxB,folP,essential,essential,ess_ess,0.876997,0.0,-0.0,0.0,0.0,-0.0,0.0,1.0,1.0,1.0,0.0,additive
E. coli,iML1515,lpxB,dxr,essential,essential,ess_ess,0.876997,0.0,0.0,0.0,0.0,0.0,0.0,1.0,1.0,1.0,0.0,additive
E. coli,iML1515,lpxB,ispD,essential,essential,ess_ess,0.876997,0.0,0.0,0.0,0.0,0.0,0.0,1.0,1.0,1.0,0.0,additive
E. coli,iML1515,lpxB,lptD,essential,essential,ess_ess,0.876997,0.0,0.0,0.0,0.0,0.0,0.0,1.0,1.0,1.0,0.0,additive
E. coli,iML1515,lpxB,msbA,essential,essential,ess_ess,0.876997,0.0,0.0,0.0,0.0,0.0,0.0,1.0,1.0,1.0,0.0,additive
E. coli,iML1515,lpxB,NE_b2129,essential,non-essential,ess_ne,0.876997,0.0,0.876997,0.0,0.0,1.0,0.0,1.0,-0.0,1.0,0.0,additive
E. coli,iML1515,lpxB,NE_b1870,essential,non-essential,ess_ne,0.876997,0.0,0.876997,0.0,0.0,1.0,0.0,1.0,-0.0,1.0,0.0,additive
E. coli,iML1515,lpxB,NE_b3625,essential,non-essential,ess_ne,0.876997,0.0,0.876997,0.0,0.0,1.0,0.0,1.0,-0.0,1.0,0.0,additive
E. coli,iML1515,lpxB,NE_b2542,essential,non-essential,ess_ne,0.876997,0.0,0.876997,0.0,0.0,1.0,0.0,1.0,-0.0,1.0,0.0,additive
E. coli,iML1515,lpxB,NE_b3034,essential,non-essential,ess_ne,0.876997,0.0,0.876997,0.0,0.0,1.0,0.0,1.0,-0.0,1.0,0.0,additive
E. coli,iML1515,lpxB,NE_b2199,essential,non-essential,ess_ne,0.876997,0.0,0.876997,0.0,0.0,1.0,0.0,1.0,-0.0,1.0,0.0,additive
E. coli,iML1515,lpxB,NE_b4013,essential,non-essential,ess_ne,0.876997,0.0,0.0,0.0,0.0,0.0,0.0,1.0,1.0,1.0,0.0,additive
E. coli,iML1515,lpxB,NE_b2406,essential,non-essential,ess_ne,0.876997,0.0,0.876997,0.0,0.0,1.0,0.0,1.0,-0.0,1.0,0.0,additive
E. coli,iML1515,lpxB,NE_b1200,essential,non-essential,ess_ne,0.876997,0.0,0.876997,0.0,0.0,1.0,0.0,1.0,0.0,1.0,0.0,additive
E. coli,iML1515,lpxB,NE_b0475,essential,non-essential,ess_ne,0.876997,0.0,0.0,0.0,0.0,0.0,0.0,1.0,1.0,1.0,0.0,additive
E. coli,iML1515,lpxB,NE_b4290,essential,non-essential,ess_ne,0.876997,0.0,0.876997,0.0,0.0,1.0,0.0,1.0,-0.0,1.0,0.0,additive
E. coli,iML1515,lpxB,NE_b1453,essential,non-essential,ess_ne,0.876997,0.0,0.876997,0.0,0.0,1.0,0.0,1.0,0.0,1.0,0.0,additive
E. coli,iML1515,lpxB,NE_b2091,essential,non-essential,ess_ne,0.876997,0.0,0.876997,0.0,0.0,1.0,0.0,1.0,0.0,1.0,0.0,additive
E. coli,iML1515,lpxB,NE_b2282,essential,non-essential,ess_ne,0.876997,0.0,0.758643,0.0,0.0,0.865046,0.0,1.0,0.134954,1.0,0.0,additive
E. coli,iML1515,lpxB,NE_b3588,essential,non-essential,ess_ne,0.876997,0.0,0.876997,0.0,0.0,1.0,0.0,1.0,-0.0,1.0,0.0,additive
E. coli,iML1515,lpxB,NE_b1612,essential,non-essential,ess_ne,0.876997,0.0,0.803164,0.0,0.0,0.915811,0.0,1.0,0.084189,1.0,0.0,additive
E. coli,iML1515,lpxB,NE_b0430,essential,non-essential,ess_ne,0.876997,0.0,0.777614,0.0,0.0,0.886678,0.0,1.0,0.113322,1.0,0.0,additive
E. coli,iML1515,lpxB,NE_b3924,essential,non-essential,ess_ne,0.876997,0.0,0.876909,0.0,0.0,0.9999,0.0,1.0,0.0001,1.0,0.0,additive
E. coli,iML1515,lpxB,NE_b3733,essential,non-essential,ess_ne,0.876997,0.0,0.284933,0.0,0.0,0.324896,0.0,1.0,0.675104,1.0,0.0,additive
E. coli,iML1515,lpxB,NE_b1662,essential,non-essential,ess_ne,0.876997,0.0,0.0,0.0,0.0,0.0,0.0,1.0,1.0,1.0,0.0,additive
E. coli,iML1515,lpxB,NE_b3578,essential,non-essential,ess_ne,0.876997,0.0,0.876997,0.0,0.0,1.0,0.0,1.0,-0.0,1.0,0.0,additive
E. coli,iML1515,lpxB,NE_b2262,essential,non-essential,ess_ne,0.876997,0.0,0.876997,0.0,0.0,1.0,0.0,1.0,-0.0,1.0,0.0,additive
E. coli,iML1515,lpxB,NE_b2599,essential,non-essential,ess_ne,0.876997,0.0,0.0,0.0,0.0,0.0,0.0,1.0,1.0,1.0,0.0,additive
E. coli,iML1515,lpxB,NE_b4159,essential,non-essential,ess_ne,0.876997,0.0,0.876997,0.0,0.0,1.0,0.0,1.0,-0.0,1.0,0.0,additive
E. coli,iML1515,lpxB,NE_b3526,essential,non-essential,ess_ne,0.876997,0.0,0.876997,0.0,0.0,1.0,0.0,1.0,-0.0,1.0,0.0,additive
E. coli,iML1515,lpxB,NE_b1852,essential,non-essential,ess_ne,0.876997,0.0,0.873398,0.0,0.0,0.995896,0.0,1.0,0.004104,1.0,0.0,additive
E. coli,iML1515,lpxB,NE_b2528,essential,non-essential,ess_ne,0.876997,0.0,0.876995,0.0,0.0,0.999998,0.0,1.0,2e-06,1.0,0.0,additive
E. coli,iML1515,lpxB,NE_b3990,essential,non-essential,ess_ne,0.876997,0.0,0.0,0.0,0.0,0.0,0.0,1.0,1.0,1.0,0.0,additive
E. coli,iML1515,lpxB,NE_b0261,essential,non-essential,ess_ne,0.876997,0.0,0.876997,0.0,0.0,1.0,0.0,1.0,-0.0,1.0,0.0,additive
E. coli,iML1515,lpxB,NE_b2676,essential,non-essential,ess_ne,0.876997,0.0,0.876997,0.0,0.0,1.0,0.0,1.0,-0.0,1.0,0.0,additive
E. coli,iML1515,lpxC,lpxD,essential,essential,ess_ess,0.876997,0.0,0.0,0.0,0.0,0.0,0.0,1.0,1.0,1.0,0.0,additive
E. coli,iML1515,lpxC,ftsW,essential,essential,ess_ess,0.876997,0.0,0.0,0.0,0.0,0.0,0.0,1.0,1.0,1.0,0.0,additive
E. coli,iML1515,lpxC,fabI,essential,essential,ess_ess,0.876997,0.0,0.0,0.0,0.0,0.0,0.0,1.0,1.0,1.0,0.0,additive
E. coli,iML1515,lpxC,fabH,essential,essential,ess_ess,0.876997,0.0,0.0,0.0,0.0,0.0,0.0,1.0,1.0,1.0,0.0,additive
E. coli,iML1515,lpxC,accA,essential,essential,ess_ess,0.876997,0.0,0.0,0.0,0.0,0.0,0.0,1.0,1.0,1.0,0.0,additive
E. coli,iML1515,lpxC,folA,essential,essential,ess_ess,0.876997,0.0,0.0,0.0,0.0,0.0,0.0,1.0,1.0,1.0,0.0,additive
E. coli,iML1515,lpxC,folP,essential,essential,ess_ess,0.876997,0.0,-0.0,0.0,0.0,-0.0,0.0,1.0,1.0,1.0,0.0,additive
E. coli,iML1515,lpxC,dxr,essential,essential,ess_ess,0.876997,0.0,0.0,0.0,0.0,0.0,0.0,1.0,1.0,1.0,0.0,additive
E. coli,iML1515,lpxC,ispD,essential,essential,ess_ess,0.876997,0.0,0.0,0.0,0.0,0.0,0.0,1.0,1.0,1.0,0.0,additive
E. coli,iML1515,lpxC,lptD,essential,essential,ess_ess,0.876997,0.0,0.0,0.0,0.0,0.0,0.0,1.0,1.0,1.0,0.0,additive
E. coli,iML1515,lpxC,msbA,essential,essential,ess_ess,0.876997,0.0,0.0,0.0,0.0,0.0,0.0,1.0,1.0,1.0,0.0,additive
E. coli,iML1515,lpxC,NE_b2129,essential,non-essential,ess_ne,0.876997,0.0,0.876997,0.0,0.0,1.0,0.0,1.0,-0.0,1.0,0.0,additive
E. coli,iML1515,lpxC,NE_b1870,essential,non-essential,ess_ne,0.876997,0.0,0.876997,0.0,0.0,1.0,0.0,1.0,-0.0,1.0,0.0,additive
E. coli,iML1515,lpxC,NE_b3625,essential,non-essential,ess_ne,0.876997,0.0,0.876997,0.0,0.0,1.0,0.0,1.0,-0.0,1.0,0.0,additive
E. coli,iML1515,lpxC,NE_b2542,essential,non-essential,ess_ne,0.876997,0.0,0.876997,0.0,0.0,1.0,0.0,1.0,-0.0,1.0,0.0,additive
E. coli,iML1515,lpxC,NE_b3034,essential,non-essential,ess_ne,0.876997,0.0,0.876997,0.0,0.0,1.0,0.0,1.0,-0.0,1.0,0.0,additive
E. coli,iML1515,lpxC,NE_b2199,essential,non-essential,ess_ne,0.876997,0.0,0.876997,0.0,0.0,1.0,0.0,1.0,-0.0,1.0,0.0,additive
E. coli,iML1515,lpxC,NE_b4013,essential,non-essential,ess_ne,0.876997,0.0,0.0,0.0,0.0,0.0,0.0,1.0,1.0,1.0,0.0,additive
E. coli,iML1515,lpxC,NE_b2406,essential,non-essential,ess_ne,0.876997,0.0,0.876997,0.0,0.0,1.0,0.0,1.0,-0.0,1.0,0.0,additive
E. coli,iML1515,lpxC,NE_b1200,essential,non-essential,ess_ne,0.876997,0.0,0.876997,0.0,0.0,1.0,0.0,1.0,0.0,1.0,0.0,additive
E. coli,iML1515,lpxC,NE_b0475,essential,non-essential,ess_ne,0.876997,0.0,0.0,0.0,0.0,0.0,0.0,1.0,1.0,1.0,0.0,additive
E. coli,iML1515,lpxC,NE_b4290,essential,non-essential,ess_ne,0.876997,0.0,0.876997,0.0,0.0,1.0,0.0,1.0,-0.0,1.0,0.0,additive
E. coli,iML1515,lpxC,NE_b1453,essential,non-essential,ess_ne,0.876997,0.0,0.876997,0.0,0.0,1.0,0.0,1.0,0.0,1.0,0.0,additive
E. coli,iML1515,lpxC,NE_b2091,essential,non-essential,ess_ne,0.876997,0.0,0.876997,0.0,0.0,1.0,0.0,1.0,0.0,1.0,0.0,additive
E. coli,iML1515,lpxC,NE_b2282,essential,non-essential,ess_ne,0.876997,0.0,0.758643,0.0,0.0,0.865046,0.0,1.0,0.134954,1.0,0.0,additive
E. coli,iML1515,lpxC,NE_b3588,essential,non-essential,ess_ne,0.876997,0.0,0.876997,0.0,0.0,1.0,0.0,1.0,-0.0,1.0,0.0,additive
E. coli,iML1515,lpxC,NE_b1612,essential,non-essential,ess_ne,0.876997,0.0,0.803164,0.0,0.0,0.915811,0.0,1.0,0.084189,1.0,0.0,additive
E. coli,iML1515,lpxC,NE_b0430,essential,non-essential,ess_ne,0.876997,0.0,0.777614,0.0,0.0,0.886678,0.0,1.0,0.113322,1.0,0.0,additive
E. coli,iML1515,lpxC,NE_b3924,essential,non-essential,ess_ne,0.876997,0.0,0.876909,0.0,0.0,0.9999,0.0,1.0,0.0001,1.0,0.0,additive
E. coli,iML1515,lpxC,NE_b3733,essential,non-essential,ess_ne,0.876997,0.0,0.284933,0.0,0.0,0.324896,0.0,1.0,0.675104,1.0,0.0,additive
E. coli,iML1515,lpxC,NE_b1662,essential,non-essential,ess_ne,0.876997,0.0,0.0,0.0,0.0,0.0,0.0,1.0,1.0,1.0,0.0,additive
E. coli,iML1515,lpxC,NE_b3578,essential,non-essential,ess_ne,0.876997,0.0,0.876997,0.0,0.0,1.0,0.0,1.0,-0.0,1.0,0.0,additive
E. coli,iML1515,lpxC,NE_b2262,essential,non-essential,ess_ne,0.876997,0.0,0.876997,0.0,0.0,1.0,0.0,1.0,-0.0,1.0,0.0,additive
E. coli,iML1515,lpxC,NE_b2599,essential,non-essential,ess_ne,0.876997,0.0,0.0,0.0,0.0,0.0,0.0,1.0,1.0,1.0,0.0,additive
E. coli,iML1515,lpxC,NE_b4159,essential,non-essential,ess_ne,0.876997,0.0,0.876997,0.0,0.0,1.0,0.0,1.0,-0.0,1.0,0.0,additive
E. coli,iML1515,lpxC,NE_b3526,essential,non-essential,ess_ne,0.876997,0.0,0.876997,0.0,0.0,1.0,0.0,1.0,-0.0,1.0,0.0,additive
E. coli,iML1515,lpxC,NE_b1852,essential,non-essential,ess_ne,0.876997,0.0,0.873398,0.0,0.0,0.995896,0.0,1.0,0.004104,1.0,0.0,additive
E. coli,iML1515,lpxC,NE_b2528,essential,non-essential,ess_ne,0.876997,0.0,0.876995,0.0,0.0,0.999998,0.0,1.0,2e-06,1.0,0.0,additive
E. coli,iML1515,lpxC,NE_b3990,essential,non-essential,ess_ne,0.876997,0.0,0.0,0.0,0.0,0.0,0.0,1.0,1.0,1.0,0.0,additive
E. coli,iML1515,lpxC,NE_b0261,essential,non-essential,ess_ne,0.876997,0.0,0.876997,0.0,0.0,1.0,0.0,1.0,-0.0,1.0,0.0,additive
E. coli,iML1515,lpxC,NE_b2676,essential,non-essential,ess_ne,0.876997,0.0,0.876997,0.0,0.0,1.0,0.0,1.0,-0.0,1.0,0.0,additive
E. coli,iML1515,lpxD,ftsW,essential,essential,ess_ess,0.876997,0.0,0.0,0.0,0.0,0.0,0.0,1.0,1.0,1.0,0.0,additive
E. coli,iML1515,lpxD,fabI,essential,essential,ess_ess,0.876997,0.0,0.0,0.0,0.0,0.0,0.0,1.0,1.0,1.0,0.0,additive
E. coli,iML1515,lpxD,fabH,essential,essential,ess_ess,0.876997,0.0,0.0,0.0,0.0,0.0,0.0,1.0,1.0,1.0,0.0,additive
E. coli,iML1515,lpxD,accA,essential,essential,ess_ess,0.876997,0.0,0.0,0.0,0.0,0.0,0.0,1.0,1.0,1.0,0.0,additive
E. coli,iML1515,lpxD,folA,essential,essential,ess_ess,0.876997,0.0,0.0,0.0,0.0,0.0,0.0,1.0,1.0,1.0,0.0,additive
E. coli,iML1515,lpxD,folP,essential,essential,ess_ess,0.876997,0.0,-0.0,0.0,0.0,-0.0,0.0,1.0,1.0,1.0,0.0,additive
E. coli,iML1515,lpxD,dxr,essential,essential,ess_ess,0.876997,0.0,0.0,0.0,0.0,0.0,0.0,1.0,1.0,1.0,0.0,additive
E. coli,iML1515,lpxD,ispD,essential,essential,ess_ess,0.876997,0.0,0.0,0.0,0.0,0.0,0.0,1.0,1.0,1.0,0.0,additive
E. coli,iML1515,lpxD,lptD,essential,essential,ess_ess,0.876997,0.0,0.0,0.0,0.0,0.0,0.0,1.0,1.0,1.0,0.0,additive
E. coli,iML1515,lpxD,msbA,essential,essential,ess_ess,0.876997,0.0,0.0,0.0,0.0,0.0,0.0,1.0,1.0,1.0,0.0,additive
E. coli,iML1515,lpxD,NE_b2129,essential,non-essential,ess_ne,0.876997,0.0,0.876997,0.0,0.0,1.0,0.0,1.0,-0.0,1.0,0.0,additive
E. coli,iML1515,lpxD,NE_b1870,essential,non-essential,ess_ne,0.876997,0.0,0.876997,0.0,0.0,1.0,0.0,1.0,-0.0,1.0,0.0,additive
E. coli,iML1515,lpxD,NE_b3625,essential,non-essential,ess_ne,0.876997,0.0,0.876997,0.0,0.0,1.0,0.0,1.0,-0.0,1.0,0.0,additive
E. coli,iML1515,lpxD,NE_b2542,essential,non-essential,ess_ne,0.876997,0.0,0.876997,0.0,0.0,1.0,0.0,1.0,-0.0,1.0,0.0,additive
E. coli,iML1515,lpxD,NE_b3034,essential,non-essential,ess_ne,0.876997,0.0,0.876997,0.0,0.0,1.0,0.0,1.0,-0.0,1.0,0.0,additive
E. coli,iML1515,lpxD,NE_b2199,essential,non-essential,ess_ne,0.876997,0.0,0.876997,0.0,0.0,1.0,0.0,1.0,-0.0,1.0,0.0,additive
E. coli,iML1515,lpxD,NE_b4013,essential,non-essential,ess_ne,0.876997,0.0,0.0,0.0,0.0,0.0,0.0,1.0,1.0,1.0,0.0,additive
E. coli,iML1515,lpxD,NE_b2406,essential,non-essential,ess_ne,0.876997,0.0,0.876997,0.0,0.0,1.0,0.0,1.0,-0.0,1.0,0.0,additive
E. coli,iML1515,lpxD,NE_b1200,essential,non-essential,ess_ne,0.876997,0.0,0.876997,0.0,0.0,1.0,0.0,1.0,0.0,1.0,0.0,additive
E. coli,iML1515,lpxD,NE_b0475,essential,non-essential,ess_ne,0.876997,0.0,0.0,0.0,0.0,0.0,0.0,1.0,1.0,1.0,0.0,additive
E. coli,iML1515,lpxD,NE_b4290,essential,non-essential,ess_ne,0.876997,0.0,0.876997,0.0,0.0,1.0,0.0,1.0,-0.0,1.0,0.0,additive
E. coli,iML1515,lpxD,NE_b1453,essential,non-essential,ess_ne,0.876997,0.0,0.876997,0.0,0.0,1.0,0.0,1.0,0.0,1.0,0.0,additive
E. coli,iML1515,lpxD,NE_b2091,essential,non-essential,ess_ne,0.876997,0.0,0.876997,0.0,0.0,1.0,0.0,1.0,0.0,1.0,0.0,additive
E. coli,iML1515,lpxD,NE_b2282,essential,non-essential,ess_ne,0.876997,0.0,0.758643,0.0,0.0,0.865046,0.0,1.0,0.134954,1.0,0.0,additive
E. coli,iML1515,lpxD,NE_b3588,essential,non-essential,ess_ne,0.876997,0.0,0.876997,0.0,0.0,1.0,0.0,1.0,-0.0,1.0,0.0,additive
E. coli,iML1515,lpxD,NE_b1612,essential,non-essential,ess_ne,0.876997,0.0,0.803164,0.0,0.0,0.915811,0.0,1.0,0.084189,1.0,0.0,additive
E. coli,iML1515,lpxD,NE_b0430,essential,non-essential,ess_ne,0.876997,0.0,0.777614,0.0,0.0,0.886678,0.0,1.0,0.113322,1.0,0.0,additive
E. coli,iML1515,lpxD,NE_b3924,essential,non-essential,ess_ne,0.876997,0.0,0.876909,0.0,0.0,0.9999,0.0,1.0,0.0001,1.0,0.0,additive
E. coli,iML1515,lpxD,NE_b3733,essential,non-essential,ess_ne,0.876997,0.0,0.284933,0.0,0.0,0.324896,0.0,1.0,0.675104,1.0,0.0,additive
E. coli,iML1515,lpxD,NE_b1662,essential,non-essential,ess_ne,0.876997,0.0,0.0,0.0,0.0,0.0,0.0,1.0,1.0,1.0,0.0,additive
E. coli,iML1515,lpxD,NE_b3578,essential,non-essential,ess_ne,0.876997,0.0,0.876997,0.0,0.0,1.0,0.0,1.0,-0.0,1.0,0.0,additive
E. coli,iML1515,lpxD,NE_b2262,essential,non-essential,ess_ne,0.876997,0.0,0.876997,0.0,0.0,1.0,0.0,1.0,-0.0,1.0,0.0,additive
E. coli,iML1515,lpxD,NE_b2599,essential,non-essential,ess_ne,0.876997,0.0,0.0,0.0,0.0,0.0,0.0,1.0,1.0,1.0,0.0,additive
E. coli,iML1515,lpxD,NE_b4159,essential,non-essential,ess_ne,0.876997,0.0,0.876997,0.0,0.0,1.0,0.0,1.0,-0.0,1.0,0.0,additive
E. coli,iML1515,lpxD,NE_b3526,essential,non-essential,ess_ne,0.876997,0.0,0.876997,0.0,0.0,1.0,0.0,1.0,-0.0,1.0,0.0,additive
E. coli,iML1515,lpxD,NE_b1852,essential,non-essential,ess_ne,0.876997,0.0,0.873398,0.0,0.0,0.995896,0.0,1.0,0.004104,1.0,0.0,additive
E. coli,iML1515,lpxD,NE_b2528,essential,non-essential,ess_ne,0.876997,0.0,0.876995,0.0,0.0,0.999998,0.0,1.0,2e-06,1.0,0.0,additive
E. coli,iML1515,lpxD,NE_b3990,essential,non-essential,ess_ne,0.876997,0.0,0.0,0.0,0.0,0.0,0.0,1.0,1.0,1.0,0.0,additive
E. coli,iML1515,lpxD,NE_b0261,essential,non-essential,ess_ne,0.876997,0.0,0.876997,0.0,0.0,1.0,0.0,1.0,-0.0,1.0,0.0,additive
E. coli,iML1515,lpxD,NE_b2676,essential,non-essential,ess_ne,0.876997,0.0,0.876997,0.0,0.0,1.0,0.0,1.0,-0.0,1.0,0.0,additive
E. coli,iML1515,ftsW,fabI,essential,essential,ess_ess,0.876997,0.0,0.0,0.0,0.0,0.0,0.0,1.0,1.0,1.0,0.0,additive
E. coli,iML1515,ftsW,fabH,essential,essential,ess_ess,0.876997,0.0,0.0,0.0,0.0,0.0,0.0,1.0,1.0,1.0,0.0,additive
E. coli,iML1515,ftsW,accA,essential,essential,ess_ess,0.876997,0.0,0.0,0.0,0.0,0.0,0.0,1.0,1.0,1.0,0.0,additive
E. coli,iML1515,ftsW,folA,essential,essential,ess_ess,0.876997,0.0,0.0,0.0,0.0,0.0,0.0,1.0,1.0,1.0,0.0,additive
E. coli,iML1515,ftsW,folP,essential,essential,ess_ess,0.876997,0.0,-0.0,0.0,0.0,-0.0,0.0,1.0,1.0,1.0,0.0,additive
E. coli,iML1515,ftsW,dxr,essential,essential,ess_ess,0.876997,0.0,0.0,0.0,0.0,0.0,0.0,1.0,1.0,1.0,0.0,additive
E. coli,iML1515,ftsW,ispD,essential,essential,ess_ess,0.876997,0.0,0.0,0.0,0.0,0.0,0.0,1.0,1.0,1.0,0.0,additive
E. coli,iML1515,ftsW,lptD,essential,essential,ess_ess,0.876997,0.0,0.0,0.0,0.0,0.0,0.0,1.0,1.0,1.0,0.0,additive
E. coli,iML1515,ftsW,msbA,essential,essential,ess_ess,0.876997,0.0,0.0,0.0,0.0,0.0,0.0,1.0,1.0,1.0,0.0,additive
E. coli,iML1515,ftsW,NE_b2129,essential,non-essential,ess_ne,0.876997,0.0,0.876997,0.0,0.0,1.0,0.0,1.0,-0.0,1.0,0.0,additive
E. coli,iML1515,ftsW,NE_b1870,essential,non-essential,ess_ne,0.876997,0.0,0.876997,0.0,0.0,1.0,0.0,1.0,-0.0,1.0,0.0,additive
E. coli,iML1515,ftsW,NE_b3625,essential,non-essential,ess_ne,0.876997,0.0,0.876997,0.0,0.0,1.0,0.0,1.0,-0.0,1.0,0.0,additive
E. coli,iML1515,ftsW,NE_b2542,essential,non-essential,ess_ne,0.876997,0.0,0.876997,0.0,0.0,1.0,0.0,1.0,-0.0,1.0,0.0,additive
E. coli,iML1515,ftsW,NE_b3034,essential,non-essential,ess_ne,0.876997,0.0,0.876997,0.0,0.0,1.0,0.0,1.0,-0.0,1.0,0.0,additive
E. coli,iML1515,ftsW,NE_b2199,essential,non-essential,ess_ne,0.876997,0.0,0.876997,0.0,0.0,1.0,0.0,1.0,-0.0,1.0,0.0,additive
E. coli,iML1515,ftsW,NE_b4013,essential,non-essential,ess_ne,0.876997,0.0,0.0,0.0,0.0,0.0,0.0,1.0,1.0,1.0,0.0,additive
E. coli,iML1515,ftsW,NE_b2406,essential,non-essential,ess_ne,0.876997,0.0,0.876997,0.0,0.0,1.0,0.0,1.0,-0.0,1.0,0.0,additive
E. coli,iML1515,ftsW,NE_b1200,essential,non-essential,ess_ne,0.876997,0.0,0.876997,0.0,0.0,1.0,0.0,1.0,0.0,1.0,0.0,additive
E. coli,iML1515,ftsW,NE_b0475,essential,non-essential,ess_ne,0.876997,0.0,0.0,0.0,0.0,0.0,0.0,1.0,1.0,1.0,0.0,additive
E. coli,iML1515,ftsW,NE_b4290,essential,non-essential,ess_ne,0.876997,0.0,0.876997,0.0,0.0,1.0,0.0,1.0,-0.0,1.0,0.0,additive
E. coli,iML1515,ftsW,NE_b1453,essential,non-essential,ess_ne,0.876997,0.0,0.876997,0.0,0.0,1.0,0.0,1.0,0.0,1.0,0.0,additive
E. coli,iML1515,ftsW,NE_b2091,essential,non-essential,ess_ne,0.876997,0.0,0.876997,0.0,0.0,1.0,0.0,1.0,0.0,1.0,0.0,additive
E. coli,iML1515,ftsW,NE_b2282,essential,non-essential,ess_ne,0.876997,0.0,0.758643,0.0,0.0,0.865046,0.0,1.0,0.134954,1.0,0.0,additive
E. coli,iML1515,ftsW,NE_b3588,essential,non-essential,ess_ne,0.876997,0.0,0.876997,0.0,0.0,1.0,0.0,1.0,-0.0,1.0,0.0,additive
E. coli,iML1515,ftsW,NE_b1612,essential,non-essential,ess_ne,0.876997,0.0,0.803164,0.0,0.0,0.915811,0.0,1.0,0.084189,1.0,0.0,additive
E. coli,iML1515,ftsW,NE_b0430,essential,non-essential,ess_ne,0.876997,0.0,0.777614,0.0,0.0,0.886678,0.0,1.0,0.113322,1.0,0.0,additive
E. coli,iML1515,ftsW,NE_b3924,essential,non-essential,ess_ne,0.876997,0.0,0.876909,0.0,0.0,0.9999,0.0,1.0,0.0001,1.0,0.0,additive
E. coli,iML1515,ftsW,NE_b3733,essential,non-essential,ess_ne,0.876997,0.0,0.284933,0.0,0.0,0.324896,0.0,1.0,0.675104,1.0,0.0,additive
E. coli,iML1515,ftsW,NE_b1662,essential,non-essential,ess_ne,0.876997,0.0,0.0,0.0,0.0,0.0,0.0,1.0,1.0,1.0,0.0,additive
E. coli,iML1515,ftsW,NE_b3578,essential,non-essential,ess_ne,0.876997,0.0,0.876997,0.0,0.0,1.0,0.0,1.0,-0.0,1.0,0.0,additive
E. coli,iML1515,ftsW,NE_b2262,essential,non-essential,ess_ne,0.876997,0.0,0.876997,0.0,0.0,1.0,0.0,1.0,-0.0,1.0,0.0,additive
E. coli,iML1515,ftsW,NE_b2599,essential,non-essential,ess_ne,0.876997,0.0,0.0,0.0,0.0,0.0,0.0,1.0,1.0,1.0,0.0,additive
E. coli,iML1515,ftsW,NE_b4159,essential,non-essential,ess_ne,0.876997,0.0,0.876997,0.0,0.0,1.0,0.0,1.0,-0.0,1.0,0.0,additive
E. coli,iML1515,ftsW,NE_b3526,essential,non-essential,ess_ne,0.876997,0.0,0.876997,0.0,0.0,1.0,0.0,1.0,-0.0,1.0,0.0,additive
E. coli,iML1515,ftsW,NE_b1852,essential,non-essential,ess_ne,0.876997,0.0,0.873398,0.0,0.0,0.995896,0.0,1.0,0.004104,1.0,0.0,additive
E. coli,iML1515,ftsW,NE_b2528,essential,non-essential,ess_ne,0.876997,0.0,0.876995,0.0,0.0,0.999998,0.0,1.0,2e-06,1.0,0.0,additive
E. coli,iML1515,ftsW,NE_b3990,essential,non-essential,ess_ne,0.876997,0.0,0.0,0.0,0.0,0.0,0.0,1.0,1.0,1.0,0.0,additive
E. coli,iML1515,ftsW,NE_b0261,essential,non-essential,ess_ne,0.876997,0.0,0.876997,0.0,0.0,1.0,0.0,1.0,-0.0,1.0,0.0,additive
E. coli,iML1515,ftsW,NE_b2676,essential,non-essential,ess_ne,0.876997,0.0,0.876997,0.0,0.0,1.0,0.0,1.0,-0.0,1.0,0.0,additive
E. coli,iML1515,fabI,fabH,essential,essential,ess_ess,0.876997,0.0,0.0,0.0,0.0,0.0,0.0,1.0,1.0,1.0,0.0,additive
E. coli,iML1515,fabI,accA,essential,essential,ess_ess,0.876997,0.0,0.0,0.0,0.0,0.0,0.0,1.0,1.0,1.0,0.0,additive
E. coli,iML1515,fabI,folA,essential,essential,ess_ess,0.876997,0.0,0.0,0.0,0.0,0.0,0.0,1.0,1.0,1.0,0.0,additive
E. coli,iML1515,fabI,folP,essential,essential,ess_ess,0.876997,0.0,-0.0,0.0,0.0,-0.0,0.0,1.0,1.0,1.0,0.0,additive
E. coli,iML1515,fabI,dxr,essential,essential,ess_ess,0.876997,0.0,0.0,0.0,0.0,0.0,0.0,1.0,1.0,1.0,0.0,additive
E. coli,iML1515,fabI,ispD,essential,essential,ess_ess,0.876997,0.0,0.0,0.0,0.0,0.0,0.0,1.0,1.0,1.0,0.0,additive
E. coli,iML1515,fabI,lptD,essential,essential,ess_ess,0.876997,0.0,0.0,0.0,0.0,0.0,0.0,1.0,1.0,1.0,0.0,additive
E. coli,iML1515,fabI,msbA,essential,essential,ess_ess,0.876997,0.0,0.0,0.0,0.0,0.0,0.0,1.0,1.0,1.0,0.0,additive
E. coli,iML1515,fabI,NE_b2129,essential,non-essential,ess_ne,0.876997,0.0,0.876997,0.0,0.0,1.0,0.0,1.0,-0.0,1.0,0.0,additive
E. coli,iML1515,fabI,NE_b1870,essential,non-essential,ess_ne,0.876997,0.0,0.876997,0.0,0.0,1.0,0.0,1.0,-0.0,1.0,0.0,additive
E. coli,iML1515,fabI,NE_b3625,essential,non-essential,ess_ne,0.876997,0.0,0.876997,0.0,0.0,1.0,0.0,1.0,-0.0,1.0,0.0,additive
E. coli,iML1515,fabI,NE_b2542,essential,non-essential,ess_ne,0.876997,0.0,0.876997,0.0,0.0,1.0,0.0,1.0,-0.0,1.0,0.0,additive
E. coli,iML1515,fabI,NE_b3034,essential,non-essential,ess_ne,0.876997,0.0,0.876997,0.0,0.0,1.0,0.0,1.0,-0.0,1.0,0.0,additive
E. coli,iML1515,fabI,NE_b2199,essential,non-essential,ess_ne,0.876997,0.0,0.876997,0.0,0.0,1.0,0.0,1.0,-0.0,1.0,0.0,additive
E. coli,iML1515,fabI,NE_b4013,essential,non-essential,ess_ne,0.876997,0.0,0.0,0.0,0.0,0.0,0.0,1.0,1.0,1.0,0.0,additive
E. coli,iML1515,fabI,NE_b2406,essential,non-essential,ess_ne,0.876997,0.0,0.876997,0.0,0.0,1.0,0.0,1.0,-0.0,1.0,0.0,additive
E. coli,iML1515,fabI,NE_b1200,essential,non-essential,ess_ne,0.876997,0.0,0.876997,0.0,0.0,1.0,0.0,1.0,0.0,1.0,0.0,additive
E. coli,iML1515,fabI,NE_b0475,essential,non-essential,ess_ne,0.876997,0.0,0.0,0.0,0.0,0.0,0.0,1.0,1.0,1.0,0.0,additive
E. coli,iML1515,fabI,NE_b4290,essential,non-essential,ess_ne,0.876997,0.0,0.876997,0.0,0.0,1.0,0.0,1.0,-0.0,1.0,0.0,additive
E. coli,iML1515,fabI,NE_b1453,essential,non-essential,ess_ne,0.876997,0.0,0.876997,0.0,0.0,1.0,0.0,1.0,0.0,1.0,0.0,additive
E. coli,iML1515,fabI,NE_b2091,essential,non-essential,ess_ne,0.876997,0.0,0.876997,0.0,0.0,1.0,0.0,1.0,0.0,1.0,0.0,additive
E. coli,iML1515,fabI,NE_b2282,essential,non-essential,ess_ne,0.876997,0.0,0.758643,0.0,0.0,0.865046,0.0,1.0,0.134954,1.0,0.0,additive
E. coli,iML1515,fabI,NE_b3588,essential,non-essential,ess_ne,0.876997,0.0,0.876997,0.0,0.0,1.0,0.0,1.0,-0.0,1.0,0.0,additive
E. coli,iML1515,fabI,NE_b1612,essential,non-essential,ess_ne,0.876997,0.0,0.803164,0.0,0.0,0.915811,0.0,1.0,0.084189,1.0,0.0,additive
E. coli,iML1515,fabI,NE_b0430,essential,non-essential,ess_ne,0.876997,0.0,0.777614,0.0,0.0,0.886678,0.0,1.0,0.113322,1.0,0.0,additive
E. coli,iML1515,fabI,NE_b3924,essential,non-essential,ess_ne,0.876997,0.0,0.876909,0.0,0.0,0.9999,0.0,1.0,0.0001,1.0,0.0,additive
E. coli,iML1515,fabI,NE_b3733,essential,non-essential,ess_ne,0.876997,0.0,0.284933,0.0,0.0,0.324896,0.0,1.0,0.675104,1.0,0.0,additive
E. coli,iML1515,fabI,NE_b1662,essential,non-essential,ess_ne,0.876997,0.0,0.0,0.0,0.0,0.0,0.0,1.0,1.0,1.0,0.0,additive
E. coli,iML1515,fabI,NE_b3578,essential,non-essential,ess_ne,0.876997,0.0,0.876997,0.0,0.0,1.0,0.0,1.0,-0.0,1.0,0.0,additive
E. coli,iML1515,fabI,NE_b2262,essential,non-essential,ess_ne,0.876997,0.0,0.876997,0.0,0.0,1.0,0.0,1.0,-0.0,1.0,0.0,additive
E. coli,iML1515,fabI,NE_b2599,essential,non-essential,ess_ne,0.876997,0.0,0.0,0.0,0.0,0.0,0.0,1.0,1.0,1.0,0.0,additive
E. coli,iML1515,fabI,NE_b4159,essential,non-essential,ess_ne,0.876997,0.0,0.876997,0.0,0.0,1.0,0.0,1.0,-0.0,1.0,0.0,additive
E. coli,iML1515,fabI,NE_b3526,essential,non-essential,ess_ne,0.876997,0.0,0.876997,0.0,0.0,1.0,0.0,1.0,-0.0,1.0,0.0,additive
E. coli,iML1515,fabI,NE_b1852,essential,non-essential,ess_ne,0.876997,0.0,0.873398,0.0,0.0,0.995896,0.0,1.0,0.004104,1.0,0.0,additive
E. coli,iML1515,fabI,NE_b2528,essential,non-essential,ess_ne,0.876997,0.0,0.876995,0.0,0.0,0.999998,0.0,1.0,2e-06,1.0,0.0,additive
E. coli,iML1515,fabI,NE_b3990,essential,non-essential,ess_ne,0.876997,0.0,0.0,0.0,0.0,0.0,0.0,1.0,1.0,1.0,0.0,additive
E. coli,iML1515,fabI,NE_b0261,essential,non-essential,ess_ne,0.876997,0.0,0.876997,0.0,0.0,1.0,0.0,1.0,-0.0,1.0,0.0,additive
E. coli,iML1515,fabI,NE_b2676,essential,non-essential,ess_ne,0.876997,0.0,0.876997,0.0,0.0,1.0,0.0,1.0,-0.0,1.0,0.0,additive
E. coli,iML1515,fabH,accA,essential,essential,ess_ess,0.876997,0.0,0.0,0.0,0.0,0.0,0.0,1.0,1.0,1.0,0.0,additive
E. coli,iML1515,fabH,folA,essential,essential,ess_ess,0.876997,0.0,0.0,0.0,0.0,0.0,0.0,1.0,1.0,1.0,0.0,additive
E. coli,iML1515,fabH,folP,essential,essential,ess_ess,0.876997,0.0,-0.0,-0.0,0.0,-0.0,-0.0,1.0,1.0,1.0,0.0,additive
E. coli,iML1515,fabH,dxr,essential,essential,ess_ess,0.876997,0.0,0.0,0.0,0.0,0.0,0.0,1.0,1.0,1.0,0.0,additive
E. coli,iML1515,fabH,ispD,essential,essential,ess_ess,0.876997,0.0,0.0,0.0,0.0,0.0,0.0,1.0,1.0,1.0,0.0,additive
E. coli,iML1515,fabH,lptD,essential,essential,ess_ess,0.876997,0.0,0.0,0.0,0.0,0.0,0.0,1.0,1.0,1.0,0.0,additive
E. coli,iML1515,fabH,msbA,essential,essential,ess_ess,0.876997,0.0,0.0,0.0,0.0,0.0,0.0,1.0,1.0,1.0,0.0,additive
E. coli,iML1515,fabH,NE_b2129,essential,non-essential,ess_ne,0.876997,0.0,0.876997,0.0,0.0,1.0,0.0,1.0,-0.0,1.0,0.0,additive
E. coli,iML1515,fabH,NE_b1870,essential,non-essential,ess_ne,0.876997,0.0,0.876997,0.0,0.0,1.0,0.0,1.0,-0.0,1.0,0.0,additive
E. coli,iML1515,fabH,NE_b3625,essential,non-essential,ess_ne,0.876997,0.0,0.876997,0.0,0.0,1.0,0.0,1.0,-0.0,1.0,0.0,additive
E. coli,iML1515,fabH,NE_b2542,essential,non-essential,ess_ne,0.876997,0.0,0.876997,0.0,0.0,1.0,0.0,1.0,-0.0,1.0,0.0,additive
E. coli,iML1515,fabH,NE_b3034,essential,non-essential,ess_ne,0.876997,0.0,0.876997,0.0,0.0,1.0,0.0,1.0,-0.0,1.0,0.0,additive
E. coli,iML1515,fabH,NE_b2199,essential,non-essential,ess_ne,0.876997,0.0,0.876997,0.0,0.0,1.0,0.0,1.0,-0.0,1.0,0.0,additive
E. coli,iML1515,fabH,NE_b4013,essential,non-essential,ess_ne,0.876997,0.0,0.0,0.0,0.0,0.0,0.0,1.0,1.0,1.0,0.0,additive
E. coli,iML1515,fabH,NE_b2406,essential,non-essential,ess_ne,0.876997,0.0,0.876997,0.0,0.0,1.0,0.0,1.0,-0.0,1.0,0.0,additive
E. coli,iML1515,fabH,NE_b1200,essential,non-essential,ess_ne,0.876997,0.0,0.876997,0.0,0.0,1.0,0.0,1.0,0.0,1.0,0.0,additive
E. coli,iML1515,fabH,NE_b0475,essential,non-essential,ess_ne,0.876997,0.0,0.0,0.0,0.0,0.0,0.0,1.0,1.0,1.0,0.0,additive
E. coli,iML1515,fabH,NE_b4290,essential,non-essential,ess_ne,0.876997,0.0,0.876997,0.0,0.0,1.0,0.0,1.0,-0.0,1.0,0.0,additive
E. coli,iML1515,fabH,NE_b1453,essential,non-essential,ess_ne,0.876997,0.0,0.876997,0.0,0.0,1.0,0.0,1.0,0.0,1.0,0.0,additive
E. coli,iML1515,fabH,NE_b2091,essential,non-essential,ess_ne,0.876997,0.0,0.876997,0.0,0.0,1.0,0.0,1.0,0.0,1.0,0.0,additive
E. coli,iML1515,fabH,NE_b2282,essential,non-essential,ess_ne,0.876997,0.0,0.758643,0.0,0.0,0.865046,0.0,1.0,0.134954,1.0,0.0,additive
E. coli,iML1515,fabH,NE_b3588,essential,non-essential,ess_ne,0.876997,0.0,0.876997,0.0,0.0,1.0,0.0,1.0,-0.0,1.0,0.0,additive
E. coli,iML1515,fabH,NE_b1612,essential,non-essential,ess_ne,0.876997,0.0,0.803164,0.0,0.0,0.915811,0.0,1.0,0.084189,1.0,0.0,additive
E. coli,iML1515,fabH,NE_b0430,essential,non-essential,ess_ne,0.876997,0.0,0.777614,0.0,0.0,0.886678,0.0,1.0,0.113322,1.0,0.0,additive
E. coli,iML1515,fabH,NE_b3924,essential,non-essential,ess_ne,0.876997,0.0,0.876909,0.0,0.0,0.9999,0.0,1.0,0.0001,1.0,0.0,additive
E. coli,iML1515,fabH,NE_b3733,essential,non-essential,ess_ne,0.876997,0.0,0.284933,0.0,0.0,0.324896,0.0,1.0,0.675104,1.0,0.0,additive
E. coli,iML1515,fabH,NE_b1662,essential,non-essential,ess_ne,0.876997,0.0,0.0,0.0,0.0,0.0,0.0,1.0,1.0,1.0,0.0,additive
E. coli,iML1515,fabH,NE_b3578,essential,non-essential,ess_ne,0.876997,0.0,0.876997,0.0,0.0,1.0,0.0,1.0,-0.0,1.0,0.0,additive
E. coli,iML1515,fabH,NE_b2262,essential,non-essential,ess_ne,0.876997,0.0,0.876997,0.0,0.0,1.0,0.0,1.0,-0.0,1.0,0.0,additive
E. coli,iML1515,fabH,NE_b2599,essential,non-essential,ess_ne,0.876997,0.0,0.0,0.0,0.0,0.0,0.0,1.0,1.0,1.0,0.0,additive
E. coli,iML1515,fabH,NE_b4159,essential,non-essential,ess_ne,0.876997,0.0,0.876997,0.0,0.0,1.0,0.0,1.0,-0.0,1.0,0.0,additive
E. coli,iML1515,fabH,NE_b3526,essential,non-essential,ess_ne,0.876997,0.0,0.876997,0.0,0.0,1.0,0.0,1.0,-0.0,1.0,0.0,additive
E. coli,iML1515,fabH,NE_b1852,essential,non-essential,ess_ne,0.876997,0.0,0.873398,0.0,0.0,0.995896,0.0,1.0,0.004104,1.0,0.0,additive
E. coli,iML1515,fabH,NE_b2528,essential,non-essential,ess_ne,0.876997,0.0,0.876995,0.0,0.0,0.999998,0.0,1.0,2e-06,1.0,0.0,additive
E. coli,iML1515,fabH,NE_b3990,essential,non-essential,ess_ne,0.876997,0.0,0.0,0.0,0.0,0.0,0.0,1.0,1.0,1.0,0.0,additive
E. coli,iML1515,fabH,NE_b0261,essential,non-essential,ess_ne,0.876997,0.0,0.876997,0.0,0.0,1.0,0.0,1.0,-0.0,1.0,0.0,additive
E. coli,iML1515,fabH,NE_b2676,essential,non-essential,ess_ne,0.876997,0.0,0.876997,0.0,0.0,1.0,0.0,1.0,-0.0,1.0,0.0,additive
E. coli,iML1515,accA,folA,essential,essential,ess_ess,0.876997,0.0,0.0,0.0,0.0,0.0,0.0,1.0,1.0,1.0,0.0,additive
E. coli,iML1515,accA,folP,essential,essential,ess_ess,0.876997,0.0,-0.0,0.0,0.0,-0.0,0.0,1.0,1.0,1.0,0.0,additive
E. coli,iML1515,accA,dxr,essential,essential,ess_ess,0.876997,0.0,0.0,0.0,0.0,0.0,0.0,1.0,1.0,1.0,0.0,additive
E. coli,iML1515,accA,ispD,essential,essential,ess_ess,0.876997,0.0,0.0,0.0,0.0,0.0,0.0,1.0,1.0,1.0,0.0,additive
E. coli,iML1515,accA,lptD,essential,essential,ess_ess,0.876997,0.0,0.0,0.0,0.0,0.0,0.0,1.0,1.0,1.0,0.0,additive
E. coli,iML1515,accA,msbA,essential,essential,ess_ess,0.876997,0.0,0.0,0.0,0.0,0.0,0.0,1.0,1.0,1.0,0.0,additive
E. coli,iML1515,accA,NE_b2129,essential,non-essential,ess_ne,0.876997,0.0,0.876997,0.0,0.0,1.0,0.0,1.0,-0.0,1.0,0.0,additive
E. coli,iML1515,accA,NE_b1870,essential,non-essential,ess_ne,0.876997,0.0,0.876997,0.0,0.0,1.0,0.0,1.0,-0.0,1.0,0.0,additive
E. coli,iML1515,accA,NE_b3625,essential,non-essential,ess_ne,0.876997,0.0,0.876997,0.0,0.0,1.0,0.0,1.0,-0.0,1.0,0.0,additive
E. coli,iML1515,accA,NE_b2542,essential,non-essential,ess_ne,0.876997,0.0,0.876997,0.0,0.0,1.0,0.0,1.0,-0.0,1.0,0.0,additive
E. coli,iML1515,accA,NE_b3034,essential,non-essential,ess_ne,0.876997,0.0,0.876997,0.0,0.0,1.0,0.0,1.0,-0.0,1.0,0.0,additive
E. coli,iML1515,accA,NE_b2199,essential,non-essential,ess_ne,0.876997,0.0,0.876997,0.0,0.0,1.0,0.0,1.0,-0.0,1.0,0.0,additive
E. coli,iML1515,accA,NE_b4013,essential,non-essential,ess_ne,0.876997,0.0,0.0,0.0,0.0,0.0,0.0,1.0,1.0,1.0,0.0,additive
E. coli,iML1515,accA,NE_b2406,essential,non-essential,ess_ne,0.876997,0.0,0.876997,0.0,0.0,1.0,0.0,1.0,-0.0,1.0,0.0,additive
E. coli,iML1515,accA,NE_b1200,essential,non-essential,ess_ne,0.876997,0.0,0.876997,0.0,0.0,1.0,0.0,1.0,0.0,1.0,0.0,additive
E. coli,iML1515,accA,NE_b0475,essential,non-essential,ess_ne,0.876997,0.0,0.0,0.0,0.0,0.0,0.0,1.0,1.0,1.0,0.0,additive
E. coli,iML1515,accA,NE_b4290,essential,non-essential,ess_ne,0.876997,0.0,0.876997,0.0,0.0,1.0,0.0,1.0,-0.0,1.0,0.0,additive
E. coli,iML1515,accA,NE_b1453,essential,non-essential,ess_ne,0.876997,0.0,0.876997,0.0,0.0,1.0,0.0,1.0,0.0,1.0,0.0,additive
E. coli,iML1515,accA,NE_b2091,essential,non-essential,ess_ne,0.876997,0.0,0.876997,0.0,0.0,1.0,0.0,1.0,0.0,1.0,0.0,additive
E. coli,iML1515,accA,NE_b2282,essential,non-essential,ess_ne,0.876997,0.0,0.758643,0.0,0.0,0.865046,0.0,1.0,0.134954,1.0,0.0,additive
E. coli,iML1515,accA,NE_b3588,essential,non-essential,ess_ne,0.876997,0.0,0.876997,0.0,0.0,1.0,0.0,1.0,-0.0,1.0,0.0,additive
E. coli,iML1515,accA,NE_b1612,essential,non-essential,ess_ne,0.876997,0.0,0.803164,0.0,0.0,0.915811,0.0,1.0,0.084189,1.0,0.0,additive
E. coli,iML1515,accA,NE_b0430,essential,non-essential,ess_ne,0.876997,0.0,0.777614,0.0,0.0,0.886678,0.0,1.0,0.113322,1.0,0.0,additive
E. coli,iML1515,accA,NE_b3924,essential,non-essential,ess_ne,0.876997,0.0,0.876909,0.0,0.0,0.9999,0.0,1.0,0.0001,1.0,0.0,additive
E. coli,iML1515,accA,NE_b3733,essential,non-essential,ess_ne,0.876997,0.0,0.284933,0.0,0.0,0.324896,0.0,1.0,0.675104,1.0,0.0,additive
E. coli,iML1515,accA,NE_b1662,essential,non-essential,ess_ne,0.876997,0.0,0.0,0.0,0.0,0.0,0.0,1.0,1.0,1.0,0.0,additive
E. coli,iML1515,accA,NE_b3578,essential,non-essential,ess_ne,0.876997,0.0,0.876997,0.0,0.0,1.0,0.0,1.0,-0.0,1.0,0.0,additive
E. coli,iML1515,accA,NE_b2262,essential,non-essential,ess_ne,0.876997,0.0,0.876997,0.0,0.0,1.0,0.0,1.0,-0.0,1.0,0.0,additive
E. coli,iML1515,accA,NE_b2599,essential,non-essential,ess_ne,0.876997,0.0,0.0,0.0,0.0,0.0,0.0,1.0,1.0,1.0,0.0,additive
E. coli,iML1515,accA,NE_b4159,essential,non-essential,ess_ne,0.876997,0.0,0.876997,0.0,0.0,1.0,0.0,1.0,-0.0,1.0,0.0,additive
E. coli,iML1515,accA,NE_b3526,essential,non-essential,ess_ne,0.876997,0.0,0.876997,0.0,0.0,1.0,0.0,1.0,-0.0,1.0,0.0,additive
E. coli,iML1515,accA,NE_b1852,essential,non-essential,ess_ne,0.876997,0.0,0.873398,0.0,0.0,0.995896,0.0,1.0,0.004104,1.0,0.0,additive
E. coli,iML1515,accA,NE_b2528,essential,non-essential,ess_ne,0.876997,0.0,0.876995,0.0,0.0,0.999998,0.0,1.0,2e-06,1.0,0.0,additive
E. coli,iML1515,accA,NE_b3990,essential,non-essential,ess_ne,0.876997,0.0,0.0,0.0,0.0,0.0,0.0,1.0,1.0,1.0,0.0,additive
E. coli,iML1515,accA,NE_b0261,essential,non-essential,ess_ne,0.876997,0.0,0.876997,0.0,0.0,1.0,0.0,1.0,-0.0,1.0,0.0,additive
E. coli,iML1515,accA,NE_b2676,essential,non-essential,ess_ne,0.876997,0.0,0.876997,0.0,0.0,1.0,0.0,1.0,-0.0,1.0,0.0,additive
E. coli,iML1515,folA,folP,essential,essential,ess_ess,0.876997,0.0,-0.0,0.0,0.0,-0.0,0.0,1.0,1.0,1.0,0.0,additive
E. coli,iML1515,folA,dxr,essential,essential,ess_ess,0.876997,0.0,0.0,-0.0,0.0,0.0,-0.0,1.0,1.0,1.0,0.0,additive
E. coli,iML1515,folA,ispD,essential,essential,ess_ess,0.876997,0.0,0.0,-0.0,0.0,0.0,-0.0,1.0,1.0,1.0,0.0,additive
E. coli,iML1515,folA,lptD,essential,essential,ess_ess,0.876997,0.0,0.0,-0.0,0.0,0.0,-0.0,1.0,1.0,1.0,0.0,additive
E. coli,iML1515,folA,msbA,essential,essential,ess_ess,0.876997,0.0,0.0,-0.0,0.0,0.0,-0.0,1.0,1.0,1.0,0.0,additive
E. coli,iML1515,folA,NE_b2129,essential,non-essential,ess_ne,0.876997,0.0,0.876997,-0.0,0.0,1.0,-0.0,1.0,-0.0,1.0,0.0,additive
E. coli,iML1515,folA,NE_b1870,essential,non-essential,ess_ne,0.876997,0.0,0.876997,-0.0,0.0,1.0,-0.0,1.0,-0.0,1.0,0.0,additive
E. coli,iML1515,folA,NE_b3625,essential,non-essential,ess_ne,0.876997,0.0,0.876997,-0.0,0.0,1.0,-0.0,1.0,-0.0,1.0,0.0,additive
E. coli,iML1515,folA,NE_b2542,essential,non-essential,ess_ne,0.876997,0.0,0.876997,-0.0,0.0,1.0,-0.0,1.0,-0.0,1.0,0.0,additive
E. coli,iML1515,folA,NE_b3034,essential,non-essential,ess_ne,0.876997,0.0,0.876997,-0.0,0.0,1.0,-0.0,1.0,-0.0,1.0,0.0,additive
E. coli,iML1515,folA,NE_b2199,essential,non-essential,ess_ne,0.876997,0.0,0.876997,-0.0,0.0,1.0,-0.0,1.0,-0.0,1.0,0.0,additive
E. coli,iML1515,folA,NE_b4013,essential,non-essential,ess_ne,0.876997,0.0,0.0,-0.0,0.0,0.0,-0.0,1.0,1.0,1.0,0.0,additive
E. coli,iML1515,folA,NE_b2406,essential,non-essential,ess_ne,0.876997,0.0,0.876997,-0.0,0.0,1.0,-0.0,1.0,-0.0,1.0,0.0,additive
E. coli,iML1515,folA,NE_b1200,essential,non-essential,ess_ne,0.876997,0.0,0.876997,-0.0,0.0,1.0,-0.0,1.0,0.0,1.0,0.0,additive
E. coli,iML1515,folA,NE_b0475,essential,non-essential,ess_ne,0.876997,0.0,0.0,-0.0,0.0,0.0,-0.0,1.0,1.0,1.0,0.0,additive
E. coli,iML1515,folA,NE_b4290,essential,non-essential,ess_ne,0.876997,0.0,0.876997,-0.0,0.0,1.0,-0.0,1.0,-0.0,1.0,0.0,additive
E. coli,iML1515,folA,NE_b1453,essential,non-essential,ess_ne,0.876997,0.0,0.876997,-0.0,0.0,1.0,-0.0,1.0,0.0,1.0,0.0,additive
E. coli,iML1515,folA,NE_b2091,essential,non-essential,ess_ne,0.876997,0.0,0.876997,-0.0,0.0,1.0,-0.0,1.0,0.0,1.0,0.0,additive
E. coli,iML1515,folA,NE_b2282,essential,non-essential,ess_ne,0.876997,0.0,0.758643,-0.0,0.0,0.865046,-0.0,1.0,0.134954,1.0,0.0,additive
E. coli,iML1515,folA,NE_b3588,essential,non-essential,ess_ne,0.876997,0.0,0.876997,-0.0,0.0,1.0,-0.0,1.0,-0.0,1.0,0.0,additive
E. coli,iML1515,folA,NE_b1612,essential,non-essential,ess_ne,0.876997,0.0,0.803164,-0.0,0.0,0.915811,-0.0,1.0,0.084189,1.0,0.0,additive
E. coli,iML1515,folA,NE_b0430,essential,non-essential,ess_ne,0.876997,0.0,0.777614,-0.0,0.0,0.886678,-0.0,1.0,0.113322,1.0,0.0,additive
E. coli,iML1515,folA,NE_b3924,essential,non-essential,ess_ne,0.876997,0.0,0.876909,-0.0,0.0,0.9999,-0.0,1.0,0.0001,1.0,0.0,additive
E. coli,iML1515,folA,NE_b3733,essential,non-essential,ess_ne,0.876997,0.0,0.284933,-0.0,0.0,0.324896,-0.0,1.0,0.675104,1.0,0.0,additive
E. coli,iML1515,folA,NE_b1662,essential,non-essential,ess_ne,0.876997,0.0,0.0,-0.0,0.0,0.0,-0.0,1.0,1.0,1.0,0.0,additive
E. coli,iML1515,folA,NE_b3578,essential,non-essential,ess_ne,0.876997,0.0,0.876997,-0.0,0.0,1.0,-0.0,1.0,-0.0,1.0,0.0,additive
E. coli,iML1515,folA,NE_b2262,essential,non-essential,ess_ne,0.876997,0.0,0.876997,-0.0,0.0,1.0,-0.0,1.0,-0.0,1.0,0.0,additive
E. coli,iML1515,folA,NE_b2599,essential,non-essential,ess_ne,0.876997,0.0,0.0,-0.0,0.0,0.0,-0.0,1.0,1.0,1.0,0.0,additive
E. coli,iML1515,folA,NE_b4159,essential,non-essential,ess_ne,0.876997,0.0,0.876997,-0.0,0.0,1.0,-0.0,1.0,-0.0,1.0,0.0,additive
E. coli,iML1515,folA,NE_b3526,essential,non-essential,ess_ne,0.876997,0.0,0.876997,-0.0,0.0,1.0,-0.0,1.0,-0.0,1.0,0.0,additive
E. coli,iML1515,folA,NE_b1852,essential,non-essential,ess_ne,0.876997,0.0,0.873398,-0.0,0.0,0.995896,-0.0,1.0,0.004104,1.0,0.0,additive
E. coli,iML1515,folA,NE_b2528,essential,non-essential,ess_ne,0.876997,0.0,0.876995,-0.0,0.0,0.999998,-0.0,1.0,2e-06,1.0,0.0,additive
E. coli,iML1515,folA,NE_b3990,essential,non-essential,ess_ne,0.876997,0.0,0.0,-0.0,0.0,0.0,-0.0,1.0,1.0,1.0,0.0,additive
E. coli,iML1515,folA,NE_b0261,essential,non-essential,ess_ne,0.876997,0.0,0.876997,-0.0,0.0,1.0,-0.0,1.0,-0.0,1.0,0.0,additive
E. coli,iML1515,folA,NE_b2676,essential,non-essential,ess_ne,0.876997,0.0,0.876997,-0.0,0.0,1.0,-0.0,1.0,-0.0,1.0,0.0,additive
E. coli,iML1515,folP,dxr,essential,essential,ess_ess,0.876997,-0.0,0.0,-0.0,-0.0,0.0,-0.0,1.0,1.0,1.0,0.0,additive
E. coli,iML1515,folP,ispD,essential,essential,ess_ess,0.876997,-0.0,0.0,0.0,-0.0,0.0,0.0,1.0,1.0,1.0,0.0,additive
E. coli,iML1515,folP,lptD,essential,essential,ess_ess,0.876997,-0.0,0.0,0.0,-0.0,0.0,0.0,1.0,1.0,1.0,0.0,additive
E. coli,iML1515,folP,msbA,essential,essential,ess_ess,0.876997,-0.0,0.0,0.0,-0.0,0.0,0.0,1.0,1.0,1.0,0.0,additive
E. coli,iML1515,folP,NE_b2129,essential,non-essential,ess_ne,0.876997,-0.0,0.876997,0.0,-0.0,1.0,0.0,1.0,-0.0,1.0,0.0,additive
E. coli,iML1515,folP,NE_b1870,essential,non-essential,ess_ne,0.876997,-0.0,0.876997,0.0,-0.0,1.0,0.0,1.0,-0.0,1.0,0.0,additive
E. coli,iML1515,folP,NE_b3625,essential,non-essential,ess_ne,0.876997,-0.0,0.876997,0.0,-0.0,1.0,0.0,1.0,-0.0,1.0,0.0,additive
E. coli,iML1515,folP,NE_b2542,essential,non-essential,ess_ne,0.876997,-0.0,0.876997,0.0,-0.0,1.0,0.0,1.0,-0.0,1.0,0.0,additive
E. coli,iML1515,folP,NE_b3034,essential,non-essential,ess_ne,0.876997,-0.0,0.876997,0.0,-0.0,1.0,0.0,1.0,-0.0,1.0,0.0,additive
E. coli,iML1515,folP,NE_b2199,essential,non-essential,ess_ne,0.876997,-0.0,0.876997,0.0,-0.0,1.0,0.0,1.0,-0.0,1.0,0.0,additive
E. coli,iML1515,folP,NE_b4013,essential,non-essential,ess_ne,0.876997,-0.0,0.0,0.0,-0.0,0.0,0.0,1.0,1.0,1.0,0.0,additive
E. coli,iML1515,folP,NE_b2406,essential,non-essential,ess_ne,0.876997,-0.0,0.876997,0.0,-0.0,1.0,0.0,1.0,-0.0,1.0,0.0,additive
E. coli,iML1515,folP,NE_b1200,essential,non-essential,ess_ne,0.876997,-0.0,0.876997,0.0,-0.0,1.0,0.0,1.0,0.0,1.0,0.0,additive
E. coli,iML1515,folP,NE_b0475,essential,non-essential,ess_ne,0.876997,-0.0,0.0,0.0,-0.0,0.0,0.0,1.0,1.0,1.0,0.0,additive
E. coli,iML1515,folP,NE_b4290,essential,non-essential,ess_ne,0.876997,-0.0,0.876997,0.0,-0.0,1.0,0.0,1.0,-0.0,1.0,0.0,additive
E. coli,iML1515,folP,NE_b1453,essential,non-essential,ess_ne,0.876997,-0.0,0.876997,0.0,-0.0,1.0,0.0,1.0,0.0,1.0,0.0,additive
E. coli,iML1515,folP,NE_b2091,essential,non-essential,ess_ne,0.876997,-0.0,0.876997,0.0,-0.0,1.0,0.0,1.0,0.0,1.0,0.0,additive
E. coli,iML1515,folP,NE_b2282,essential,non-essential,ess_ne,0.876997,-0.0,0.758643,0.0,-0.0,0.865046,0.0,1.0,0.134954,1.0,0.0,additive
E. coli,iML1515,folP,NE_b3588,essential,non-essential,ess_ne,0.876997,-0.0,0.876997,0.0,-0.0,1.0,0.0,1.0,-0.0,1.0,0.0,additive
E. coli,iML1515,folP,NE_b1612,essential,non-essential,ess_ne,0.876997,-0.0,0.803164,0.0,-0.0,0.915811,0.0,1.0,0.084189,1.0,0.0,additive
E. coli,iML1515,folP,NE_b0430,essential,non-essential,ess_ne,0.876997,-0.0,0.777614,0.0,-0.0,0.886678,0.0,1.0,0.113322,1.0,0.0,additive
E. coli,iML1515,folP,NE_b3924,essential,non-essential,ess_ne,0.876997,-0.0,0.876909,0.0,-0.0,0.9999,0.0,1.0,0.0001,1.0,0.0,additive
E. coli,iML1515,folP,NE_b3733,essential,non-essential,ess_ne,0.876997,-0.0,0.284933,0.0,-0.0,0.324896,0.0,1.0,0.675104,1.0,0.0,additive
E. coli,iML1515,folP,NE_b1662,essential,non-essential,ess_ne,0.876997,-0.0,0.0,0.0,-0.0,0.0,0.0,1.0,1.0,1.0,0.0,additive
E. coli,iML1515,folP,NE_b3578,essential,non-essential,ess_ne,0.876997,-0.0,0.876997,0.0,-0.0,1.0,0.0,1.0,-0.0,1.0,0.0,additive
E. coli,iML1515,folP,NE_b2262,essential,non-essential,ess_ne,0.876997,-0.0,0.876997,0.0,-0.0,1.0,0.0,1.0,-0.0,1.0,0.0,additive
E. coli,iML1515,folP,NE_b2599,essential,non-essential,ess_ne,0.876997,-0.0,0.0,0.0,-0.0,0.0,0.0,1.0,1.0,1.0,0.0,additive
E. coli,iML1515,folP,NE_b4159,essential,non-essential,ess_ne,0.876997,-0.0,0.876997,0.0,-0.0,1.0,0.0,1.0,-0.0,1.0,0.0,additive
E. coli,iML1515,folP,NE_b3526,essential,non-essential,ess_ne,0.876997,-0.0,0.876997,0.0,-0.0,1.0,0.0,1.0,-0.0,1.0,0.0,additive
E. coli,iML1515,folP,NE_b1852,essential,non-essential,ess_ne,0.876997,-0.0,0.873398,0.0,-0.0,0.995896,0.0,1.0,0.004104,1.0,0.0,additive
E. coli,iML1515,folP,NE_b2528,essential,non-essential,ess_ne,0.876997,-0.0,0.876995,0.0,-0.0,0.999998,0.0,1.0,2e-06,1.0,0.0,additive
E. coli,iML1515,folP,NE_b3990,essential,non-essential,ess_ne,0.876997,-0.0,0.0,0.0,-0.0,0.0,0.0,1.0,1.0,1.0,0.0,additive
E. coli,iML1515,folP,NE_b0261,essential,non-essential,ess_ne,0.876997,-0.0,0.876997,0.0,-0.0,1.0,0.0,1.0,-0.0,1.0,0.0,additive
E. coli,iML1515,folP,NE_b2676,essential,non-essential,ess_ne,0.876997,-0.0,0.876997,0.0,-0.0,1.0,0.0,1.0,-0.0,1.0,0.0,additive
E. coli,iML1515,dxr,ispD,essential,essential,ess_ess,0.876997,0.0,0.0,0.0,0.0,0.0,0.0,1.0,1.0,1.0,0.0,additive
E. coli,iML1515,dxr,lptD,essential,essential,ess_ess,0.876997,0.0,0.0,0.0,0.0,0.0,0.0,1.0,1.0,1.0,0.0,additive
E. coli,iML1515,dxr,msbA,essential,essential,ess_ess,0.876997,0.0,0.0,0.0,0.0,0.0,0.0,1.0,1.0,1.0,0.0,additive
E. coli,iML1515,dxr,NE_b2129,essential,non-essential,ess_ne,0.876997,0.0,0.876997,0.0,0.0,1.0,0.0,1.0,-0.0,1.0,0.0,additive
E. coli,iML1515,dxr,NE_b1870,essential,non-essential,ess_ne,0.876997,0.0,0.876997,0.0,0.0,1.0,0.0,1.0,-0.0,1.0,0.0,additive
E. coli,iML1515,dxr,NE_b3625,essential,non-essential,ess_ne,0.876997,0.0,0.876997,0.0,0.0,1.0,0.0,1.0,-0.0,1.0,0.0,additive
E. coli,iML1515,dxr,NE_b2542,essential,non-essential,ess_ne,0.876997,0.0,0.876997,0.0,0.0,1.0,0.0,1.0,-0.0,1.0,0.0,additive
E. coli,iML1515,dxr,NE_b3034,essential,non-essential,ess_ne,0.876997,0.0,0.876997,0.0,0.0,1.0,0.0,1.0,-0.0,1.0,0.0,additive
E. coli,iML1515,dxr,NE_b2199,essential,non-essential,ess_ne,0.876997,0.0,0.876997,0.0,0.0,1.0,0.0,1.0,-0.0,1.0,0.0,additive
E. coli,iML1515,dxr,NE_b4013,essential,non-essential,ess_ne,0.876997,0.0,0.0,0.0,0.0,0.0,0.0,1.0,1.0,1.0,0.0,additive
E. coli,iML1515,dxr,NE_b2406,essential,non-essential,ess_ne,0.876997,0.0,0.876997,0.0,0.0,1.0,0.0,1.0,-0.0,1.0,0.0,additive
E. coli,iML1515,dxr,NE_b1200,essential,non-essential,ess_ne,0.876997,0.0,0.876997,0.0,0.0,1.0,0.0,1.0,0.0,1.0,0.0,additive
E. coli,iML1515,dxr,NE_b0475,essential,non-essential,ess_ne,0.876997,0.0,0.0,0.0,0.0,0.0,0.0,1.0,1.0,1.0,0.0,additive
E. coli,iML1515,dxr,NE_b4290,essential,non-essential,ess_ne,0.876997,0.0,0.876997,0.0,0.0,1.0,0.0,1.0,-0.0,1.0,0.0,additive
E. coli,iML1515,dxr,NE_b1453,essential,non-essential,ess_ne,0.876997,0.0,0.876997,0.0,0.0,1.0,0.0,1.0,0.0,1.0,0.0,additive
E. coli,iML1515,dxr,NE_b2091,essential,non-essential,ess_ne,0.876997,0.0,0.876997,0.0,0.0,1.0,0.0,1.0,0.0,1.0,0.0,additive
E. coli,iML1515,dxr,NE_b2282,essential,non-essential,ess_ne,0.876997,0.0,0.758643,0.0,0.0,0.865046,0.0,1.0,0.134954,1.0,0.0,additive
E. coli,iML1515,dxr,NE_b3588,essential,non-essential,ess_ne,0.876997,0.0,0.876997,0.0,0.0,1.0,0.0,1.0,-0.0,1.0,0.0,additive
E. coli,iML1515,dxr,NE_b1612,essential,non-essential,ess_ne,0.876997,0.0,0.803164,0.0,0.0,0.915811,0.0,1.0,0.084189,1.0,0.0,additive
E. coli,iML1515,dxr,NE_b0430,essential,non-essential,ess_ne,0.876997,0.0,0.777614,0.0,0.0,0.886678,0.0,1.0,0.113322,1.0,0.0,additive
E. coli,iML1515,dxr,NE_b3924,essential,non-essential,ess_ne,0.876997,0.0,0.876909,0.0,0.0,0.9999,0.0,1.0,0.0001,1.0,0.0,additive
E. coli,iML1515,dxr,NE_b3733,essential,non-essential,ess_ne,0.876997,0.0,0.284933,0.0,0.0,0.324896,0.0,1.0,0.675104,1.0,0.0,additive
E. coli,iML1515,dxr,NE_b1662,essential,non-essential,ess_ne,0.876997,0.0,0.0,0.0,0.0,0.0,0.0,1.0,1.0,1.0,0.0,additive
E. coli,iML1515,dxr,NE_b3578,essential,non-essential,ess_ne,0.876997,0.0,0.876997,0.0,0.0,1.0,0.0,1.0,-0.0,1.0,0.0,additive
E. coli,iML1515,dxr,NE_b2262,essential,non-essential,ess_ne,0.876997,0.0,0.876997,0.0,0.0,1.0,0.0,1.0,-0.0,1.0,0.0,additive
E. coli,iML1515,dxr,NE_b2599,essential,non-essential,ess_ne,0.876997,0.0,0.0,0.0,0.0,0.0,0.0,1.0,1.0,1.0,0.0,additive
E. coli,iML1515,dxr,NE_b4159,essential,non-essential,ess_ne,0.876997,0.0,0.876997,0.0,0.0,1.0,0.0,1.0,-0.0,1.0,0.0,additive
E. coli,iML1515,dxr,NE_b3526,essential,non-essential,ess_ne,0.876997,0.0,0.876997,0.0,0.0,1.0,0.0,1.0,-0.0,1.0,0.0,additive
E. coli,iML1515,dxr,NE_b1852,essential,non-essential,ess_ne,0.876997,0.0,0.873398,0.0,0.0,0.995896,0.0,1.0,0.004104,1.0,0.0,additive
E. coli,iML1515,dxr,NE_b2528,essential,non-essential,ess_ne,0.876997,0.0,0.876995,0.0,0.0,0.999998,0.0,1.0,2e-06,1.0,0.0,additive
E. coli,iML1515,dxr,NE_b3990,essential,non-essential,ess_ne,0.876997,0.0,0.0,0.0,0.0,0.0,0.0,1.0,1.0,1.0,0.0,additive
E. coli,iML1515,dxr,NE_b0261,essential,non-essential,ess_ne,0.876997,0.0,0.876997,0.0,0.0,1.0,0.0,1.0,-0.0,1.0,0.0,additive
E. coli,iML1515,dxr,NE_b2676,essential,non-essential,ess_ne,0.876997,0.0,0.876997,0.0,0.0,1.0,0.0,1.0,-0.0,1.0,0.0,additive
E. coli,iML1515,ispD,lptD,essential,essential,ess_ess,0.876997,0.0,0.0,0.0,0.0,0.0,0.0,1.0,1.0,1.0,0.0,additive
E. coli,iML1515,ispD,msbA,essential,essential,ess_ess,0.876997,0.0,0.0,0.0,0.0,0.0,0.0,1.0,1.0,1.0,0.0,additive
E. coli,iML1515,ispD,NE_b2129,essential,non-essential,ess_ne,0.876997,0.0,0.876997,0.0,0.0,1.0,0.0,1.0,-0.0,1.0,0.0,additive
E. coli,iML1515,ispD,NE_b1870,essential,non-essential,ess_ne,0.876997,0.0,0.876997,0.0,0.0,1.0,0.0,1.0,-0.0,1.0,0.0,additive
E. coli,iML1515,ispD,NE_b3625,essential,non-essential,ess_ne,0.876997,0.0,0.876997,0.0,0.0,1.0,0.0,1.0,-0.0,1.0,0.0,additive
E. coli,iML1515,ispD,NE_b2542,essential,non-essential,ess_ne,0.876997,0.0,0.876997,0.0,0.0,1.0,0.0,1.0,-0.0,1.0,0.0,additive
E. coli,iML1515,ispD,NE_b3034,essential,non-essential,ess_ne,0.876997,0.0,0.876997,0.0,0.0,1.0,0.0,1.0,-0.0,1.0,0.0,additive
E. coli,iML1515,ispD,NE_b2199,essential,non-essential,ess_ne,0.876997,0.0,0.876997,0.0,0.0,1.0,0.0,1.0,-0.0,1.0,0.0,additive
E. coli,iML1515,ispD,NE_b4013,essential,non-essential,ess_ne,0.876997,0.0,0.0,0.0,0.0,0.0,0.0,1.0,1.0,1.0,0.0,additive
E. coli,iML1515,ispD,NE_b2406,essential,non-essential,ess_ne,0.876997,0.0,0.876997,0.0,0.0,1.0,0.0,1.0,-0.0,1.0,0.0,additive
E. coli,iML1515,ispD,NE_b1200,essential,non-essential,ess_ne,0.876997,0.0,0.876997,0.0,0.0,1.0,0.0,1.0,0.0,1.0,0.0,additive
E. coli,iML1515,ispD,NE_b0475,essential,non-essential,ess_ne,0.876997,0.0,0.0,0.0,0.0,0.0,0.0,1.0,1.0,1.0,0.0,additive
E. coli,iML1515,ispD,NE_b4290,essential,non-essential,ess_ne,0.876997,0.0,0.876997,0.0,0.0,1.0,0.0,1.0,-0.0,1.0,0.0,additive
E. coli,iML1515,ispD,NE_b1453,essential,non-essential,ess_ne,0.876997,0.0,0.876997,0.0,0.0,1.0,0.0,1.0,0.0,1.0,0.0,additive
E. coli,iML1515,ispD,NE_b2091,essential,non-essential,ess_ne,0.876997,0.0,0.876997,0.0,0.0,1.0,0.0,1.0,0.0,1.0,0.0,additive
E. coli,iML1515,ispD,NE_b2282,essential,non-essential,ess_ne,0.876997,0.0,0.758643,0.0,0.0,0.865046,0.0,1.0,0.134954,1.0,0.0,additive
E. coli,iML1515,ispD,NE_b3588,essential,non-essential,ess_ne,0.876997,0.0,0.876997,0.0,0.0,1.0,0.0,1.0,-0.0,1.0,0.0,additive
E. coli,iML1515,ispD,NE_b1612,essential,non-essential,ess_ne,0.876997,0.0,0.803164,0.0,0.0,0.915811,0.0,1.0,0.084189,1.0,0.0,additive
E. coli,iML1515,ispD,NE_b0430,essential,non-essential,ess_ne,0.876997,0.0,0.777614,0.0,0.0,0.886678,0.0,1.0,0.113322,1.0,0.0,additive
E. coli,iML1515,ispD,NE_b3924,essential,non-essential,ess_ne,0.876997,0.0,0.876909,0.0,0.0,0.9999,0.0,1.0,0.0001,1.0,0.0,additive
E. coli,iML1515,ispD,NE_b3733,essential,non-essential,ess_ne,0.876997,0.0,0.284933,0.0,0.0,0.324896,0.0,1.0,0.675104,1.0,0.0,additive
E. coli,iML1515,ispD,NE_b1662,essential,non-essential,ess_ne,0.876997,0.0,0.0,0.0,0.0,0.0,0.0,1.0,1.0,1.0,0.0,additive
E. coli,iML1515,ispD,NE_b3578,essential,non-essential,ess_ne,0.876997,0.0,0.876997,0.0,0.0,1.0,0.0,1.0,-0.0,1.0,0.0,additive
E. coli,iML1515,ispD,NE_b2262,essential,non-essential,ess_ne,0.876997,0.0,0.876997,0.0,0.0,1.0,0.0,1.0,-0.0,1.0,0.0,additive
E. coli,iML1515,ispD,NE_b2599,essential,non-essential,ess_ne,0.876997,0.0,0.0,0.0,0.0,0.0,0.0,1.0,1.0,1.0,0.0,additive
E. coli,iML1515,ispD,NE_b4159,essential,non-essential,ess_ne,0.876997,0.0,0.876997,0.0,0.0,1.0,0.0,1.0,-0.0,1.0,0.0,additive
E. coli,iML1515,ispD,NE_b3526,essential,non-essential,ess_ne,0.876997,0.0,0.876997,0.0,0.0,1.0,0.0,1.0,-0.0,1.0,0.0,additive
E. coli,iML1515,ispD,NE_b1852,essential,non-essential,ess_ne,0.876997,0.0,0.873398,0.0,0.0,0.995896,0.0,1.0,0.004104,1.0,0.0,additive
E. coli,iML1515,ispD,NE_b2528,essential,non-essential,ess_ne,0.876997,0.0,0.876995,0.0,0.0,0.999998,0.0,1.0,2e-06,1.0,0.0,additive
E. coli,iML1515,ispD,NE_b3990,essential,non-essential,ess_ne,0.876997,0.0,0.0,0.0,0.0,0.0,0.0,1.0,1.0,1.0,0.0,additive
E. coli,iML1515,ispD,NE_b0261,essential,non-essential,ess_ne,0.876997,0.0,0.876997,0.0,0.0,1.0,0.0,1.0,-0.0,1.0,0.0,additive
E. coli,iML1515,ispD,NE_b2676,essential,non-essential,ess_ne,0.876997,0.0,0.876997,0.0,0.0,1.0,0.0,1.0,-0.0,1.0,0.0,additive
E. coli,iML1515,lptD,msbA,essential,essential,ess_ess,0.876997,0.0,0.0,0.0,0.0,0.0,0.0,1.0,1.0,1.0,0.0,additive
E. coli,iML1515,lptD,NE_b2129,essential,non-essential,ess_ne,0.876997,0.0,0.876997,0.0,0.0,1.0,0.0,1.0,-0.0,1.0,0.0,additive
E. coli,iML1515,lptD,NE_b1870,essential,non-essential,ess_ne,0.876997,0.0,0.876997,0.0,0.0,1.0,0.0,1.0,-0.0,1.0,0.0,additive
E. coli,iML1515,lptD,NE_b3625,essential,non-essential,ess_ne,0.876997,0.0,0.876997,0.0,0.0,1.0,0.0,1.0,-0.0,1.0,0.0,additive
E. coli,iML1515,lptD,NE_b2542,essential,non-essential,ess_ne,0.876997,0.0,0.876997,0.0,0.0,1.0,0.0,1.0,-0.0,1.0,0.0,additive
E. coli,iML1515,lptD,NE_b3034,essential,non-essential,ess_ne,0.876997,0.0,0.876997,0.0,0.0,1.0,0.0,1.0,-0.0,1.0,0.0,additive
E. coli,iML1515,lptD,NE_b2199,essential,non-essential,ess_ne,0.876997,0.0,0.876997,0.0,0.0,1.0,0.0,1.0,-0.0,1.0,0.0,additive
E. coli,iML1515,lptD,NE_b4013,essential,non-essential,ess_ne,0.876997,0.0,0.0,0.0,0.0,0.0,0.0,1.0,1.0,1.0,0.0,additive
E. coli,iML1515,lptD,NE_b2406,essential,non-essential,ess_ne,0.876997,0.0,0.876997,0.0,0.0,1.0,0.0,1.0,-0.0,1.0,0.0,additive
E. coli,iML1515,lptD,NE_b1200,essential,non-essential,ess_ne,0.876997,0.0,0.876997,0.0,0.0,1.0,0.0,1.0,0.0,1.0,0.0,additive
E. coli,iML1515,lptD,NE_b0475,essential,non-essential,ess_ne,0.876997,0.0,0.0,0.0,0.0,0.0,0.0,1.0,1.0,1.0,0.0,additive
E. coli,iML1515,lptD,NE_b4290,essential,non-essential,ess_ne,0.876997,0.0,0.876997,0.0,0.0,1.0,0.0,1.0,-0.0,1.0,0.0,additive
E. coli,iML1515,lptD,NE_b1453,essential,non-essential,ess_ne,0.876997,0.0,0.876997,0.0,0.0,1.0,0.0,1.0,0.0,1.0,0.0,additive
E. coli,iML1515,lptD,NE_b2091,essential,non-essential,ess_ne,0.876997,0.0,0.876997,0.0,0.0,1.0,0.0,1.0,0.0,1.0,0.0,additive
E. coli,iML1515,lptD,NE_b2282,essential,non-essential,ess_ne,0.876997,0.0,0.758643,0.0,0.0,0.865046,0.0,1.0,0.134954,1.0,0.0,additive
E. coli,iML1515,lptD,NE_b3588,essential,non-essential,ess_ne,0.876997,0.0,0.876997,0.0,0.0,1.0,0.0,1.0,-0.0,1.0,0.0,additive
E. coli,iML1515,lptD,NE_b1612,essential,non-essential,ess_ne,0.876997,0.0,0.803164,0.0,0.0,0.915811,0.0,1.0,0.084189,1.0,0.0,additive
E. coli,iML1515,lptD,NE_b0430,essential,non-essential,ess_ne,0.876997,0.0,0.777614,0.0,0.0,0.886678,0.0,1.0,0.113322,1.0,0.0,additive
E. coli,iML1515,lptD,NE_b3924,essential,non-essential,ess_ne,0.876997,0.0,0.876909,0.0,0.0,0.9999,0.0,1.0,0.0001,1.0,0.0,additive
E. coli,iML1515,lptD,NE_b3733,essential,non-essential,ess_ne,0.876997,0.0,0.284933,0.0,0.0,0.324896,0.0,1.0,0.675104,1.0,0.0,additive
E. coli,iML1515,lptD,NE_b1662,essential,non-essential,ess_ne,0.876997,0.0,0.0,0.0,0.0,0.0,0.0,1.0,1.0,1.0,0.0,additive
E. coli,iML1515,lptD,NE_b3578,essential,non-essential,ess_ne,0.876997,0.0,0.876997,0.0,0.0,1.0,0.0,1.0,-0.0,1.0,0.0,additive
E. coli,iML1515,lptD,NE_b2262,essential,non-essential,ess_ne,0.876997,0.0,0.876997,0.0,0.0,1.0,0.0,1.0,-0.0,1.0,0.0,additive
E. coli,iML1515,lptD,NE_b2599,essential,non-essential,ess_ne,0.876997,0.0,0.0,0.0,0.0,0.0,0.0,1.0,1.0,1.0,0.0,additive
E. coli,iML1515,lptD,NE_b4159,essential,non-essential,ess_ne,0.876997,0.0,0.876997,0.0,0.0,1.0,0.0,1.0,-0.0,1.0,0.0,additive
E. coli,iML1515,lptD,NE_b3526,essential,non-essential,ess_ne,0.876997,0.0,0.876997,0.0,0.0,1.0,0.0,1.0,-0.0,1.0,0.0,additive
E. coli,iML1515,lptD,NE_b1852,essential,non-essential,ess_ne,0.876997,0.0,0.873398,0.0,0.0,0.995896,0.0,1.0,0.004104,1.0,0.0,additive
E. coli,iML1515,lptD,NE_b2528,essential,non-essential,ess_ne,0.876997,0.0,0.876995,0.0,0.0,0.999998,0.0,1.0,2e-06,1.0,0.0,additive
E. coli,iML1515,lptD,NE_b3990,essential,non-essential,ess_ne,0.876997,0.0,0.0,0.0,0.0,0.0,0.0,1.0,1.0,1.0,0.0,additive
E. coli,iML1515,lptD,NE_b0261,essential,non-essential,ess_ne,0.876997,0.0,0.876997,0.0,0.0,1.0,0.0,1.0,-0.0,1.0,0.0,additive
E. coli,iML1515,lptD,NE_b2676,essential,non-essential,ess_ne,0.876997,0.0,0.876997,0.0,0.0,1.0,0.0,1.0,-0.0,1.0,0.0,additive
E. coli,iML1515,msbA,NE_b2129,essential,non-essential,ess_ne,0.876997,0.0,0.876997,0.0,0.0,1.0,0.0,1.0,-0.0,1.0,0.0,additive
E. coli,iML1515,msbA,NE_b1870,essential,non-essential,ess_ne,0.876997,0.0,0.876997,0.0,0.0,1.0,0.0,1.0,-0.0,1.0,0.0,additive
E. coli,iML1515,msbA,NE_b3625,essential,non-essential,ess_ne,0.876997,0.0,0.876997,0.0,0.0,1.0,0.0,1.0,-0.0,1.0,0.0,additive
E. coli,iML1515,msbA,NE_b2542,essential,non-essential,ess_ne,0.876997,0.0,0.876997,0.0,0.0,1.0,0.0,1.0,-0.0,1.0,0.0,additive
E. coli,iML1515,msbA,NE_b3034,essential,non-essential,ess_ne,0.876997,0.0,0.876997,0.0,0.0,1.0,0.0,1.0,-0.0,1.0,0.0,additive
E. coli,iML1515,msbA,NE_b2199,essential,non-essential,ess_ne,0.876997,0.0,0.876997,0.0,0.0,1.0,0.0,1.0,-0.0,1.0,0.0,additive
E. coli,iML1515,msbA,NE_b4013,essential,non-essential,ess_ne,0.876997,0.0,0.0,0.0,0.0,0.0,0.0,1.0,1.0,1.0,0.0,additive
E. coli,iML1515,msbA,NE_b2406,essential,non-essential,ess_ne,0.876997,0.0,0.876997,0.0,0.0,1.0,0.0,1.0,-0.0,1.0,0.0,additive
E. coli,iML1515,msbA,NE_b1200,essential,non-essential,ess_ne,0.876997,0.0,0.876997,0.0,0.0,1.0,0.0,1.0,0.0,1.0,0.0,additive
E. coli,iML1515,msbA,NE_b0475,essential,non-essential,ess_ne,0.876997,0.0,0.0,0.0,0.0,0.0,0.0,1.0,1.0,1.0,0.0,additive
E. coli,iML1515,msbA,NE_b4290,essential,non-essential,ess_ne,0.876997,0.0,0.876997,0.0,0.0,1.0,0.0,1.0,-0.0,1.0,0.0,additive
E. coli,iML1515,msbA,NE_b1453,essential,non-essential,ess_ne,0.876997,0.0,0.876997,0.0,0.0,1.0,0.0,1.0,0.0,1.0,0.0,additive
E. coli,iML1515,msbA,NE_b2091,essential,non-essential,ess_ne,0.876997,0.0,0.876997,0.0,0.0,1.0,0.0,1.0,0.0,1.0,0.0,additive
E. coli,iML1515,msbA,NE_b2282,essential,non-essential,ess_ne,0.876997,0.0,0.758643,0.0,0.0,0.865046,0.0,1.0,0.134954,1.0,0.0,additive
E. coli,iML1515,msbA,NE_b3588,essential,non-essential,ess_ne,0.876997,0.0,0.876997,0.0,0.0,1.0,0.0,1.0,-0.0,1.0,0.0,additive
E. coli,iML1515,msbA,NE_b1612,essential,non-essential,ess_ne,0.876997,0.0,0.803164,0.0,0.0,0.915811,0.0,1.0,0.084189,1.0,0.0,additive
E. coli,iML1515,msbA,NE_b0430,essential,non-essential,ess_ne,0.876997,0.0,0.777614,0.0,0.0,0.886678,0.0,1.0,0.113322,1.0,0.0,additive
E. coli,iML1515,msbA,NE_b3924,essential,non-essential,ess_ne,0.876997,0.0,0.876909,0.0,0.0,0.9999,0.0,1.0,0.0001,1.0,0.0,additive
E. coli,iML1515,msbA,NE_b3733,essential,non-essential,ess_ne,0.876997,0.0,0.284933,0.0,0.0,0.324896,0.0,1.0,0.675104,1.0,0.0,additive
E. coli,iML1515,msbA,NE_b1662,essential,non-essential,ess_ne,0.876997,0.0,0.0,0.0,0.0,0.0,0.0,1.0,1.0,1.0,0.0,additive
E. coli,iML1515,msbA,NE_b3578,essential,non-essential,ess_ne,0.876997,0.0,0.876997,0.0,0.0,1.0,0.0,1.0,-0.0,1.0,0.0,additive
E. coli,iML1515,msbA,NE_b2262,essential,non-essential,ess_ne,0.876997,0.0,0.876997,0.0,0.0,1.0,0.0,1.0,-0.0,1.0,0.0,additive
E. coli,iML1515,msbA,NE_b2599,essential,non-essential,ess_ne,0.876997,0.0,0.0,0.0,0.0,0.0,0.0,1.0,1.0,1.0,0.0,additive
E. coli,iML1515,msbA,NE_b4159,essential,non-essential,ess_ne,0.876997,0.0,0.876997,0.0,0.0,1.0,0.0,1.0,-0.0,1.0,0.0,additive
E. coli,iML1515,msbA,NE_b3526,essential,non-essential,ess_ne,0.876997,0.0,0.876997,0.0,0.0,1.0,0.0,1.0,-0.0,1.0,0.0,additive
E. coli,iML1515,msbA,NE_b1852,essential,non-essential,ess_ne,0.876997,0.0,0.873398,0.0,0.0,0.995896,0.0,1.0,0.004104,1.0,0.0,additive
E. coli,iML1515,msbA,NE_b2528,essential,non-essential,ess_ne,0.876997,0.0,0.876995,0.0,0.0,0.999998,0.0,1.0,2e-06,1.0,0.0,additive
E. coli,iML1515,msbA,NE_b3990,essential,non-essential,ess_ne,0.876997,0.0,0.0,0.0,0.0,0.0,0.0,1.0,1.0,1.0,0.0,additive
E. coli,iML1515,msbA,NE_b0261,essential,non-essential,ess_ne,0.876997,0.0,0.876997,0.0,0.0,1.0,0.0,1.0,-0.0,1.0,0.0,additive
E. coli,iML1515,msbA,NE_b2676,essential,non-essential,ess_ne,0.876997,0.0,0.876997,0.0,0.0,1.0,0.0,1.0,-0.0,1.0,0.0,additive
E. coli,iML1515,NE_b2129,NE_b1870,non-essential,non-essential,ne_ne,0.876997,0.876997,0.876997,0.876997,1.0,1.0,1.0,-0.0,-0.0,-0.0,0.0,additive
E. coli,iML1515,NE_b2129,NE_b3625,non-essential,non-essential,ne_ne,0.876997,0.876997,0.876997,0.876997,1.0,1.0,1.0,-0.0,-0.0,-0.0,0.0,additive
E. coli,iML1515,NE_b2129,NE_b2542,non-essential,non-essential,ne_ne,0.876997,0.876997,0.876997,0.876997,1.0,1.0,1.0,-0.0,-0.0,-0.0,0.0,additive
E. coli,iML1515,NE_b2129,NE_b3034,non-essential,non-essential,ne_ne,0.876997,0.876997,0.876997,0.876997,1.0,1.0,1.0,-0.0,-0.0,-0.0,0.0,additive
E. coli,iML1515,NE_b2129,NE_b2199,non-essential,non-essential,ne_ne,0.876997,0.876997,0.876997,0.876997,1.0,1.0,1.0,-0.0,-0.0,-0.0,0.0,additive
E. coli,iML1515,NE_b2129,NE_b4013,non-essential,non-essential,ne_ne,0.876997,0.876997,0.0,-0.0,1.0,0.0,-0.0,-0.0,1.0,1.0,0.0,additive
E. coli,iML1515,NE_b2129,NE_b2406,non-essential,non-essential,ne_ne,0.876997,0.876997,0.876997,0.876997,1.0,1.0,1.0,-0.0,-0.0,-0.0,-0.0,additive
E. coli,iML1515,NE_b2129,NE_b1200,non-essential,non-essential,ne_ne,0.876997,0.876997,0.876997,0.876997,1.0,1.0,1.0,-0.0,0.0,-0.0,-0.0,additive
E. coli,iML1515,NE_b2129,NE_b0475,non-essential,non-essential,ne_ne,0.876997,0.876997,0.0,-0.0,1.0,0.0,-0.0,-0.0,1.0,1.0,0.0,additive
E. coli,iML1515,NE_b2129,NE_b4290,non-essential,non-essential,ne_ne,0.876997,0.876997,0.876997,0.876997,1.0,1.0,1.0,-0.0,-0.0,-0.0,-0.0,additive
E. coli,iML1515,NE_b2129,NE_b1453,non-essential,non-essential,ne_ne,0.876997,0.876997,0.876997,0.876997,1.0,1.0,1.0,-0.0,0.0,-0.0,-0.0,additive
E. coli,iML1515,NE_b2129,NE_b2091,non-essential,non-essential,ne_ne,0.876997,0.876997,0.876997,0.876997,1.0,1.0,1.0,-0.0,0.0,-0.0,-0.0,additive
E. coli,iML1515,NE_b2129,NE_b2282,non-essential,non-essential,ne_ne,0.876997,0.876997,0.758643,0.758643,1.0,0.865046,0.865046,-0.0,0.134954,0.134954,0.0,additive
E. coli,iML1515,NE_b2129,NE_b3588,non-essential,non-essential,ne_ne,0.876997,0.876997,0.876997,0.876997,1.0,1.0,1.0,-0.0,-0.0,-0.0,0.0,additive
E. coli,iML1515,NE_b2129,NE_b1612,non-essential,non-essential,ne_ne,0.876997,0.876997,0.803164,0.803164,1.0,0.915811,0.915811,-0.0,0.084189,0.084189,0.0,additive
E. coli,iML1515,NE_b2129,NE_b0430,non-essential,non-essential,ne_ne,0.876997,0.876997,0.777614,0.777614,1.0,0.886678,0.886678,-0.0,0.113322,0.113322,0.0,additive
E. coli,iML1515,NE_b2129,NE_b3924,non-essential,non-essential,ne_ne,0.876997,0.876997,0.876909,0.876909,1.0,0.9999,0.9999,-0.0,0.0001,0.0001,-0.0,additive
E. coli,iML1515,NE_b2129,NE_b3733,non-essential,non-essential,ne_ne,0.876997,0.876997,0.284933,0.284933,1.0,0.324896,0.324896,-0.0,0.675104,0.675104,0.0,additive
E. coli,iML1515,NE_b2129,NE_b1662,non-essential,non-essential,ne_ne,0.876997,0.876997,0.0,-0.0,1.0,0.0,-0.0,-0.0,1.0,1.0,0.0,additive
E. coli,iML1515,NE_b2129,NE_b3578,non-essential,non-essential,ne_ne,0.876997,0.876997,0.876997,0.876997,1.0,1.0,1.0,-0.0,-0.0,-0.0,0.0,additive
E. coli,iML1515,NE_b2129,NE_b2262,non-essential,non-essential,ne_ne,0.876997,0.876997,0.876997,0.876997,1.0,1.0,1.0,-0.0,-0.0,-0.0,0.0,additive
E. coli,iML1515,NE_b2129,NE_b2599,non-essential,non-essential,ne_ne,0.876997,0.876997,0.0,0.0,1.0,0.0,0.0,-0.0,1.0,1.0,0.0,additive
E. coli,iML1515,NE_b2129,NE_b4159,non-essential,non-essential,ne_ne,0.876997,0.876997,0.876997,0.876997,1.0,1.0,1.0,-0.0,-0.0,-0.0,-0.0,additive
E. coli,iML1515,NE_b2129,NE_b3526,non-essential,non-essential,ne_ne,0.876997,0.876997,0.876997,0.876997,1.0,1.0,1.0,-0.0,-0.0,-0.0,0.0,additive
E. coli,iML1515,NE_b2129,NE_b1852,non-essential,non-essential,ne_ne,0.876997,0.876997,0.873398,0.873398,1.0,0.995896,0.995896,-0.0,0.004104,0.004104,0.0,additive
E. coli,iML1515,NE_b2129,NE_b2528,non-essential,non-essential,ne_ne,0.876997,0.876997,0.876995,0.876995,1.0,0.999998,0.999998,-0.0,2e-06,2e-06,-0.0,additive
E. coli,iML1515,NE_b2129,NE_b3990,non-essential,non-essential,ne_ne,0.876997,0.876997,0.0,-0.0,1.0,0.0,-0.0,-0.0,1.0,1.0,0.0,additive
E. coli,iML1515,NE_b2129,NE_b0261,non-essential,non-essential,ne_ne,0.876997,0.876997,0.876997,0.876997,1.0,1.0,1.0,-0.0,-0.0,0.0,0.0,additive
E. coli,iML1515,NE_b2129,NE_b2676,non-essential,non-essential,ne_ne,0.876997,0.876997,0.876997,0.876997,1.0,1.0,1.0,-0.0,-0.0,-0.0,0.0,additive
E. coli,iML1515,NE_b1870,NE_b3625,non-essential,non-essential,ne_ne,0.876997,0.876997,0.876997,0.876997,1.0,1.0,1.0,-0.0,-0.0,-0.0,0.0,additive
E. coli,iML1515,NE_b1870,NE_b2542,non-essential,non-essential,ne_ne,0.876997,0.876997,0.876997,0.876997,1.0,1.0,1.0,-0.0,-0.0,-0.0,0.0,additive
E. coli,iML1515,NE_b1870,NE_b3034,non-essential,non-essential,ne_ne,0.876997,0.876997,0.876997,0.876997,1.0,1.0,1.0,-0.0,-0.0,-0.0,0.0,additive
E. coli,iML1515,NE_b1870,NE_b2199,non-essential,non-essential,ne_ne,0.876997,0.876997,0.876997,0.876997,1.0,1.0,1.0,-0.0,-0.0,-0.0,0.0,additive
E. coli,iML1515,NE_b1870,NE_b4013,non-essential,non-essential,ne_ne,0.876997,0.876997,0.0,0.0,1.0,0.0,0.0,-0.0,1.0,1.0,-0.0,additive
E. coli,iML1515,NE_b1870,NE_b2406,non-essential,non-essential,ne_ne,0.876997,0.876997,0.876997,0.876997,1.0,1.0,1.0,-0.0,-0.0,-0.0,0.0,additive
E. coli,iML1515,NE_b1870,NE_b1200,non-essential,non-essential,ne_ne,0.876997,0.876997,0.876997,0.876997,1.0,1.0,1.0,-0.0,0.0,-0.0,-0.0,additive
E. coli,iML1515,NE_b1870,NE_b0475,non-essential,non-essential,ne_ne,0.876997,0.876997,0.0,-0.0,1.0,0.0,-0.0,-0.0,1.0,1.0,0.0,additive
E. coli,iML1515,NE_b1870,NE_b4290,non-essential,non-essential,ne_ne,0.876997,0.876997,0.876997,0.876997,1.0,1.0,1.0,-0.0,-0.0,-0.0,0.0,additive
E. coli,iML1515,NE_b1870,NE_b1453,non-essential,non-essential,ne_ne,0.876997,0.876997,0.876997,0.876997,1.0,1.0,1.0,-0.0,0.0,-0.0,-0.0,additive
E. coli,iML1515,NE_b1870,NE_b2091,non-essential,non-essential,ne_ne,0.876997,0.876997,0.876997,0.876997,1.0,1.0,1.0,-0.0,0.0,-0.0,-0.0,additive
E. coli,iML1515,NE_b1870,NE_b2282,non-essential,non-essential,ne_ne,0.876997,0.876997,0.758643,0.758643,1.0,0.865046,0.865046,-0.0,0.134954,0.134954,0.0,additive
E. coli,iML1515,NE_b1870,NE_b3588,non-essential,non-essential,ne_ne,0.876997,0.876997,0.876997,0.876997,1.0,1.0,1.0,-0.0,-0.0,-0.0,0.0,additive
E. coli,iML1515,NE_b1870,NE_b1612,non-essential,non-essential,ne_ne,0.876997,0.876997,0.803164,0.803164,1.0,0.915811,0.915811,-0.0,0.084189,0.084189,-0.0,additive
E. coli,iML1515,NE_b1870,NE_b0430,non-essential,non-essential,ne_ne,0.876997,0.876997,0.777614,0.777614,1.0,0.886678,0.886678,-0.0,0.113322,0.113322,0.0,additive
E. coli,iML1515,NE_b1870,NE_b3924,non-essential,non-essential,ne_ne,0.876997,0.876997,0.876909,0.876909,1.0,0.9999,0.9999,-0.0,0.0001,0.0001,-0.0,additive
E. coli,iML1515,NE_b1870,NE_b3733,non-essential,non-essential,ne_ne,0.876997,0.876997,0.284933,0.284933,1.0,0.324896,0.324896,-0.0,0.675104,0.675104,0.0,additive
E. coli,iML1515,NE_b1870,NE_b1662,non-essential,non-essential,ne_ne,0.876997,0.876997,0.0,0.0,1.0,0.0,0.0,-0.0,1.0,1.0,-0.0,additive
E. coli,iML1515,NE_b1870,NE_b3578,non-essential,non-essential,ne_ne,0.876997,0.876997,0.876997,0.876997,1.0,1.0,1.0,-0.0,-0.0,-0.0,0.0,additive
E. coli,iML1515,NE_b1870,NE_b2262,non-essential,non-essential,ne_ne,0.876997,0.876997,0.876997,0.876997,1.0,1.0,1.0,-0.0,-0.0,-0.0,0.0,additive
E. coli,iML1515,NE_b1870,NE_b2599,non-essential,non-essential,ne_ne,0.876997,0.876997,0.0,0.0,1.0,0.0,0.0,-0.0,1.0,1.0,0.0,additive
E. coli,iML1515,NE_b1870,NE_b4159,non-essential,non-essential,ne_ne,0.876997,0.876997,0.876997,0.876997,1.0,1.0,1.0,-0.0,-0.0,-0.0,0.0,additive
E. coli,iML1515,NE_b1870,NE_b3526,non-essential,non-essential,ne_ne,0.876997,0.876997,0.876997,0.876997,1.0,1.0,1.0,-0.0,-0.0,-0.0,0.0,additive
E. coli,iML1515,NE_b1870,NE_b1852,non-essential,non-essential,ne_ne,0.876997,0.876997,0.873398,0.873398,1.0,0.995896,0.995896,-0.0,0.004104,0.004104,0.0,additive
E. coli,iML1515,NE_b1870,NE_b2528,non-essential,non-essential,ne_ne,0.876997,0.876997,0.876995,0.876995,1.0,0.999998,0.999998,-0.0,2e-06,2e-06,0.0,additive
E. coli,iML1515,NE_b1870,NE_b3990,non-essential,non-essential,ne_ne,0.876997,0.876997,0.0,-0.0,1.0,0.0,-0.0,-0.0,1.0,1.0,0.0,additive
E. coli,iML1515,NE_b1870,NE_b0261,non-essential,non-essential,ne_ne,0.876997,0.876997,0.876997,0.876997,1.0,1.0,1.0,-0.0,-0.0,-0.0,0.0,additive
E. coli,iML1515,NE_b1870,NE_b2676,non-essential,non-essential,ne_ne,0.876997,0.876997,0.876997,0.876997,1.0,1.0,1.0,-0.0,-0.0,-0.0,0.0,additive
E. coli,iML1515,NE_b3625,NE_b2542,non-essential,non-essential,ne_ne,0.876997,0.876997,0.876997,0.876997,1.0,1.0,1.0,-0.0,-0.0,-0.0,0.0,additive
E. coli,iML1515,NE_b3625,NE_b3034,non-essential,non-essential,ne_ne,0.876997,0.876997,0.876997,0.876997,1.0,1.0,1.0,-0.0,-0.0,-0.0,0.0,additive
E. coli,iML1515,NE_b3625,NE_b2199,non-essential,non-essential,ne_ne,0.876997,0.876997,0.876997,0.876997,1.0,1.0,1.0,-0.0,-0.0,-0.0,0.0,additive
E. coli,iML1515,NE_b3625,NE_b4013,non-essential,non-essential,ne_ne,0.876997,0.876997,0.0,-0.0,1.0,0.0,-0.0,-0.0,1.0,1.0,0.0,additive
E. coli,iML1515,NE_b3625,NE_b2406,non-essential,non-essential,ne_ne,0.876997,0.876997,0.876997,0.876997,1.0,1.0,1.0,-0.0,-0.0,-0.0,0.0,additive
E. coli,iML1515,NE_b3625,NE_b1200,non-essential,non-essential,ne_ne,0.876997,0.876997,0.876997,0.876997,1.0,1.0,1.0,-0.0,0.0,-0.0,-0.0,additive
E. coli,iML1515,NE_b3625,NE_b0475,non-essential,non-essential,ne_ne,0.876997,0.876997,0.0,0.0,1.0,0.0,0.0,-0.0,1.0,1.0,0.0,additive
E. coli,iML1515,NE_b3625,NE_b4290,non-essential,non-essential,ne_ne,0.876997,0.876997,0.876997,0.876997,1.0,1.0,1.0,-0.0,-0.0,-0.0,0.0,additive
E. coli,iML1515,NE_b3625,NE_b1453,non-essential,non-essential,ne_ne,0.876997,0.876997,0.876997,0.876997,1.0,1.0,1.0,-0.0,0.0,-0.0,-0.0,additive
E. coli,iML1515,NE_b3625,NE_b2091,non-essential,non-essential,ne_ne,0.876997,0.876997,0.876997,0.876997,1.0,1.0,1.0,-0.0,0.0,-0.0,-0.0,additive
E. coli,iML1515,NE_b3625,NE_b2282,non-essential,non-essential,ne_ne,0.876997,0.876997,0.758643,0.758643,1.0,0.865046,0.865046,-0.0,0.134954,0.134954,0.0,additive
E. coli,iML1515,NE_b3625,NE_b3588,non-essential,non-essential,ne_ne,0.876997,0.876997,0.876997,0.876997,1.0,1.0,1.0,-0.0,-0.0,-0.0,0.0,additive
E. coli,iML1515,NE_b3625,NE_b1612,non-essential,non-essential,ne_ne,0.876997,0.876997,0.803164,0.803164,1.0,0.915811,0.915811,-0.0,0.084189,0.084189,-0.0,additive
E. coli,iML1515,NE_b3625,NE_b0430,non-essential,non-essential,ne_ne,0.876997,0.876997,0.777614,0.777614,1.0,0.886678,0.886678,-0.0,0.113322,0.113322,0.0,additive
E. coli,iML1515,NE_b3625,NE_b3924,non-essential,non-essential,ne_ne,0.876997,0.876997,0.876909,0.876909,1.0,0.9999,0.9999,-0.0,0.0001,0.0001,-0.0,additive
E. coli,iML1515,NE_b3625,NE_b3733,non-essential,non-essential,ne_ne,0.876997,0.876997,0.284933,0.284933,1.0,0.324896,0.324896,-0.0,0.675104,0.675104,0.0,additive
E. coli,iML1515,NE_b3625,NE_b1662,non-essential,non-essential,ne_ne,0.876997,0.876997,0.0,0.0,1.0,0.0,0.0,-0.0,1.0,1.0,-0.0,additive
E. coli,iML1515,NE_b3625,NE_b3578,non-essential,non-essential,ne_ne,0.876997,0.876997,0.876997,0.876997,1.0,1.0,1.0,-0.0,-0.0,-0.0,0.0,additive
E. coli,iML1515,NE_b3625,NE_b2262,non-essential,non-essential,ne_ne,0.876997,0.876997,0.876997,0.876997,1.0,1.0,1.0,-0.0,-0.0,-0.0,0.0,additive
E. coli,iML1515,NE_b3625,NE_b2599,non-essential,non-essential,ne_ne,0.876997,0.876997,0.0,-0.0,1.0,0.0,-0.0,-0.0,1.0,1.0,0.0,additive
E. coli,iML1515,NE_b3625,NE_b4159,non-essential,non-essential,ne_ne,0.876997,0.876997,0.876997,0.876997,1.0,1.0,1.0,-0.0,-0.0,-0.0,0.0,additive
E. coli,iML1515,NE_b3625,NE_b3526,non-essential,non-essential,ne_ne,0.876997,0.876997,0.876997,0.876997,1.0,1.0,1.0,-0.0,-0.0,-0.0,0.0,additive
E. coli,iML1515,NE_b3625,NE_b1852,non-essential,non-essential,ne_ne,0.876997,0.876997,0.873398,0.873398,1.0,0.995896,0.995896,-0.0,0.004104,0.004104,0.0,additive
E. coli,iML1515,NE_b3625,NE_b2528,non-essential,non-essential,ne_ne,0.876997,0.876997,0.876995,0.876995,1.0,0.999998,0.999998,-0.0,2e-06,2e-06,-0.0,additive
E. coli,iML1515,NE_b3625,NE_b3990,non-essential,non-essential,ne_ne,0.876997,0.876997,0.0,0.0,1.0,0.0,0.0,-0.0,1.0,1.0,0.0,additive
E. coli,iML1515,NE_b3625,NE_b0261,non-essential,non-essential,ne_ne,0.876997,0.876997,0.876997,0.876997,1.0,1.0,1.0,-0.0,-0.0,-0.0,0.0,additive
E. coli,iML1515,NE_b3625,NE_b2676,non-essential,non-essential,ne_ne,0.876997,0.876997,0.876997,0.876997,1.0,1.0,1.0,-0.0,-0.0,-0.0,0.0,additive
E. coli,iML1515,NE_b2542,NE_b3034,non-essential,non-essential,ne_ne,0.876997,0.876997,0.876997,0.876997,1.0,1.0,1.0,-0.0,-0.0,-0.0,0.0,additive
E. coli,iML1515,NE_b2542,NE_b2199,non-essential,non-essential,ne_ne,0.876997,0.876997,0.876997,0.876997,1.0,1.0,1.0,-0.0,-0.0,-0.0,0.0,additive
E. coli,iML1515,NE_b2542,NE_b4013,non-essential,non-essential,ne_ne,0.876997,0.876997,0.0,-0.0,1.0,0.0,-0.0,-0.0,1.0,1.0,0.0,additive
E. coli,iML1515,NE_b2542,NE_b2406,non-essential,non-essential,ne_ne,0.876997,0.876997,0.876997,0.876997,1.0,1.0,1.0,-0.0,-0.0,-0.0,0.0,additive
E. coli,iML1515,NE_b2542,NE_b1200,non-essential,non-essential,ne_ne,0.876997,0.876997,0.876997,0.876997,1.0,1.0,1.0,-0.0,0.0,-0.0,-0.0,additive
E. coli,iML1515,NE_b2542,NE_b0475,non-essential,non-essential,ne_ne,0.876997,0.876997,0.0,-0.0,1.0,0.0,-0.0,-0.0,1.0,1.0,0.0,additive
E. coli,iML1515,NE_b2542,NE_b4290,non-essential,non-essential,ne_ne,0.876997,0.876997,0.876997,0.876997,1.0,1.0,1.0,-0.0,-0.0,-0.0,0.0,additive
E. coli,iML1515,NE_b2542,NE_b1453,non-essential,non-essential,ne_ne,0.876997,0.876997,0.876997,0.876997,1.0,1.0,1.0,-0.0,0.0,-0.0,-0.0,additive
E. coli,iML1515,NE_b2542,NE_b2091,non-essential,non-essential,ne_ne,0.876997,0.876997,0.876997,0.876997,1.0,1.0,1.0,-0.0,0.0,-0.0,-0.0,additive
E. coli,iML1515,NE_b2542,NE_b2282,non-essential,non-essential,ne_ne,0.876997,0.876997,0.758643,0.758643,1.0,0.865046,0.865046,-0.0,0.134954,0.134954,0.0,additive
E. coli,iML1515,NE_b2542,NE_b3588,non-essential,non-essential,ne_ne,0.876997,0.876997,0.876997,0.876997,1.0,1.0,1.0,-0.0,-0.0,-0.0,0.0,additive
E. coli,iML1515,NE_b2542,NE_b1612,non-essential,non-essential,ne_ne,0.876997,0.876997,0.803164,0.803164,1.0,0.915811,0.915811,-0.0,0.084189,0.084189,0.0,additive
E. coli,iML1515,NE_b2542,NE_b0430,non-essential,non-essential,ne_ne,0.876997,0.876997,0.777614,0.777614,1.0,0.886678,0.886678,-0.0,0.113322,0.113322,0.0,additive
E. coli,iML1515,NE_b2542,NE_b3924,non-essential,non-essential,ne_ne,0.876997,0.876997,0.876909,0.876909,1.0,0.9999,0.9999,-0.0,0.0001,0.0001,-0.0,additive
E. coli,iML1515,NE_b2542,NE_b3733,non-essential,non-essential,ne_ne,0.876997,0.876997,0.284933,0.284933,1.0,0.324896,0.324896,-0.0,0.675104,0.675104,-0.0,additive
E. coli,iML1515,NE_b2542,NE_b1662,non-essential,non-essential,ne_ne,0.876997,0.876997,0.0,-0.0,1.0,0.0,-0.0,-0.0,1.0,1.0,0.0,additive
E. coli,iML1515,NE_b2542,NE_b3578,non-essential,non-essential,ne_ne,0.876997,0.876997,0.876997,0.876997,1.0,1.0,1.0,-0.0,-0.0,-0.0,0.0,additive
E. coli,iML1515,NE_b2542,NE_b2262,non-essential,non-essential,ne_ne,0.876997,0.876997,0.876997,0.876997,1.0,1.0,1.0,-0.0,-0.0,-0.0,-0.0,additive
E. coli,iML1515,NE_b2542,NE_b2599,non-essential,non-essential,ne_ne,0.876997,0.876997,0.0,-0.0,1.0,0.0,-0.0,-0.0,1.0,1.0,0.0,additive
E. coli,iML1515,NE_b2542,NE_b4159,non-essential,non-essential,ne_ne,0.876997,0.876997,0.876997,0.876997,1.0,1.0,1.0,-0.0,-0.0,-0.0,0.0,additive
E. coli,iML1515,NE_b2542,NE_b3526,non-essential,non-essential,ne_ne,0.876997,0.876997,0.876997,0.876997,1.0,1.0,1.0,-0.0,-0.0,-0.0,-0.0,additive
E. coli,iML1515,NE_b2542,NE_b1852,non-essential,non-essential,ne_ne,0.876997,0.876997,0.873398,0.873398,1.0,0.995896,0.995896,-0.0,0.004104,0.004104,-0.0,additive
E. coli,iML1515,NE_b2542,NE_b2528,non-essential,non-essential,ne_ne,0.876997,0.876997,0.876995,0.876995,1.0,0.999998,0.999998,-0.0,2e-06,2e-06,0.0,additive
E. coli,iML1515,NE_b2542,NE_b3990,non-essential,non-essential,ne_ne,0.876997,0.876997,0.0,-0.0,1.0,0.0,-0.0,-0.0,1.0,1.0,0.0,additive
E. coli,iML1515,NE_b2542,NE_b0261,non-essential,non-essential,ne_ne,0.876997,0.876997,0.876997,0.876997,1.0,1.0,1.0,-0.0,-0.0,0.0,0.0,additive
E. coli,iML1515,NE_b2542,NE_b2676,non-essential,non-essential,ne_ne,0.876997,0.876997,0.876997,0.876997,1.0,1.0,1.0,-0.0,-0.0,-0.0,-0.0,additive
E. coli,iML1515,NE_b3034,NE_b2199,non-essential,non-essential,ne_ne,0.876997,0.876997,0.876997,0.876997,1.0,1.0,1.0,-0.0,-0.0,-0.0,-0.0,additive
E. coli,iML1515,NE_b3034,NE_b4013,non-essential,non-essential,ne_ne,0.876997,0.876997,0.0,-0.0,1.0,0.0,-0.0,-0.0,1.0,1.0,0.0,additive
E. coli,iML1515,NE_b3034,NE_b2406,non-essential,non-essential,ne_ne,0.876997,0.876997,0.876997,0.876997,1.0,1.0,1.0,-0.0,-0.0,-0.0,0.0,additive
E. coli,iML1515,NE_b3034,NE_b1200,non-essential,non-essential,ne_ne,0.876997,0.876997,0.876997,0.876997,1.0,1.0,1.0,-0.0,0.0,-0.0,-0.0,additive
E. coli,iML1515,NE_b3034,NE_b0475,non-essential,non-essential,ne_ne,0.876997,0.876997,0.0,0.0,1.0,0.0,0.0,-0.0,1.0,1.0,-0.0,additive
E. coli,iML1515,NE_b3034,NE_b4290,non-essential,non-essential,ne_ne,0.876997,0.876997,0.876997,0.876997,1.0,1.0,1.0,-0.0,-0.0,-0.0,0.0,additive
E. coli,iML1515,NE_b3034,NE_b1453,non-essential,non-essential,ne_ne,0.876997,0.876997,0.876997,0.876997,1.0,1.0,1.0,-0.0,0.0,-0.0,-0.0,additive
E. coli,iML1515,NE_b3034,NE_b2091,non-essential,non-essential,ne_ne,0.876997,0.876997,0.876997,0.876997,1.0,1.0,1.0,-0.0,0.0,-0.0,-0.0,additive
E. coli,iML1515,NE_b3034,NE_b2282,non-essential,non-essential,ne_ne,0.876997,0.876997,0.758643,0.758643,1.0,0.865046,0.865046,-0.0,0.134954,0.134954,0.0,additive
E. coli,iML1515,NE_b3034,NE_b3588,non-essential,non-essential,ne_ne,0.876997,0.876997,0.876997,0.876997,1.0,1.0,1.0,-0.0,-0.0,-0.0,0.0,additive
E. coli,iML1515,NE_b3034,NE_b1612,non-essential,non-essential,ne_ne,0.876997,0.876997,0.803164,0.803164,1.0,0.915811,0.915811,-0.0,0.084189,0.084189,0.0,additive
E. coli,iML1515,NE_b3034,NE_b0430,non-essential,non-essential,ne_ne,0.876997,0.876997,0.777614,0.777614,1.0,0.886678,0.886678,-0.0,0.113322,0.113322,0.0,additive
E. coli,iML1515,NE_b3034,NE_b3924,non-essential,non-essential,ne_ne,0.876997,0.876997,0.876909,0.876909,1.0,0.9999,0.9999,-0.0,0.0001,0.0001,-0.0,additive
E. coli,iML1515,NE_b3034,NE_b3733,non-essential,non-essential,ne_ne,0.876997,0.876997,0.284933,0.284933,1.0,0.324896,0.324896,-0.0,0.675104,0.675104,0.0,additive
E. coli,iML1515,NE_b3034,NE_b1662,non-essential,non-essential,ne_ne,0.876997,0.876997,0.0,-0.0,1.0,0.0,-0.0,-0.0,1.0,1.0,0.0,additive
E. coli,iML1515,NE_b3034,NE_b3578,non-essential,non-essential,ne_ne,0.876997,0.876997,0.876997,0.876997,1.0,1.0,1.0,-0.0,-0.0,-0.0,0.0,additive
E. coli,iML1515,NE_b3034,NE_b2262,non-essential,non-essential,ne_ne,0.876997,0.876997,0.876997,0.876997,1.0,1.0,1.0,-0.0,-0.0,-0.0,0.0,additive
E. coli,iML1515,NE_b3034,NE_b2599,non-essential,non-essential,ne_ne,0.876997,0.876997,0.0,0.0,1.0,0.0,0.0,-0.0,1.0,1.0,0.0,additive
E. coli,iML1515,NE_b3034,NE_b4159,non-essential,non-essential,ne_ne,0.876997,0.876997,0.876997,0.876997,1.0,1.0,1.0,-0.0,-0.0,-0.0,0.0,additive
E. coli,iML1515,NE_b3034,NE_b3526,non-essential,non-essential,ne_ne,0.876997,0.876997,0.876997,0.876997,1.0,1.0,1.0,-0.0,-0.0,-0.0,0.0,additive
E. coli,iML1515,NE_b3034,NE_b1852,non-essential,non-essential,ne_ne,0.876997,0.876997,0.873398,0.873398,1.0,0.995896,0.995896,-0.0,0.004104,0.004104,0.0,additive
E. coli,iML1515,NE_b3034,NE_b2528,non-essential,non-essential,ne_ne,0.876997,0.876997,0.876995,0.876995,1.0,0.999998,0.999998,-0.0,2e-06,2e-06,-0.0,additive
E. coli,iML1515,NE_b3034,NE_b3990,non-essential,non-essential,ne_ne,0.876997,0.876997,0.0,-0.0,1.0,0.0,-0.0,-0.0,1.0,1.0,0.0,additive
E. coli,iML1515,NE_b3034,NE_b0261,non-essential,non-essential,ne_ne,0.876997,0.876997,0.876997,0.876997,1.0,1.0,1.0,-0.0,-0.0,0.0,0.0,additive
E. coli,iML1515,NE_b3034,NE_b2676,non-essential,non-essential,ne_ne,0.876997,0.876997,0.876997,0.876997,1.0,1.0,1.0,-0.0,-0.0,-0.0,0.0,additive
E. coli,iML1515,NE_b2199,NE_b4013,non-essential,non-essential,ne_ne,0.876997,0.876997,0.0,-0.0,1.0,0.0,-0.0,-0.0,1.0,1.0,0.0,additive
E. coli,iML1515,NE_b2199,NE_b2406,non-essential,non-essential,ne_ne,0.876997,0.876997,0.876997,0.876997,1.0,1.0,1.0,-0.0,-0.0,-0.0,-0.0,additive
E. coli,iML1515,NE_b2199,NE_b1200,non-essential,non-essential,ne_ne,0.876997,0.876997,0.876997,0.876997,1.0,1.0,1.0,-0.0,0.0,-0.0,-0.0,additive
E. coli,iML1515,NE_b2199,NE_b0475,non-essential,non-essential,ne_ne,0.876997,0.876997,0.0,0.0,1.0,0.0,0.0,-0.0,1.0,1.0,-0.0,additive
E. coli,iML1515,NE_b2199,NE_b4290,non-essential,non-essential,ne_ne,0.876997,0.876997,0.876997,0.876997,1.0,1.0,1.0,-0.0,-0.0,-0.0,0.0,additive
E. coli,iML1515,NE_b2199,NE_b1453,non-essential,non-essential,ne_ne,0.876997,0.876997,0.876997,0.876997,1.0,1.0,1.0,-0.0,0.0,-0.0,-0.0,additive
E. coli,iML1515,NE_b2199,NE_b2091,non-essential,non-essential,ne_ne,0.876997,0.876997,0.876997,0.876997,1.0,1.0,1.0,-0.0,0.0,-0.0,-0.0,additive
E. coli,iML1515,NE_b2199,NE_b2282,non-essential,non-essential,ne_ne,0.876997,0.876997,0.758643,0.758643,1.0,0.865046,0.865046,-0.0,0.134954,0.134954,0.0,additive
E. coli,iML1515,NE_b2199,NE_b3588,non-essential,non-essential,ne_ne,0.876997,0.876997,0.876997,0.876997,1.0,1.0,1.0,-0.0,-0.0,-0.0,0.0,additive
E. coli,iML1515,NE_b2199,NE_b1612,non-essential,non-essential,ne_ne,0.876997,0.876997,0.803164,0.803164,1.0,0.915811,0.915811,-0.0,0.084189,0.084189,0.0,additive
E. coli,iML1515,NE_b2199,NE_b0430,non-essential,non-essential,ne_ne,0.876997,0.876997,0.777614,0.777614,1.0,0.886678,0.886678,-0.0,0.113322,0.113322,0.0,additive
E. coli,iML1515,NE_b2199,NE_b3924,non-essential,non-essential,ne_ne,0.876997,0.876997,0.876909,0.876909,1.0,0.9999,0.9999,-0.0,0.0001,0.0001,-0.0,additive
E. coli,iML1515,NE_b2199,NE_b3733,non-essential,non-essential,ne_ne,0.876997,0.876997,0.284933,0.284933,1.0,0.324896,0.324896,-0.0,0.675104,0.675104,0.0,additive
E. coli,iML1515,NE_b2199,NE_b1662,non-essential,non-essential,ne_ne,0.876997,0.876997,0.0,0.0,1.0,0.0,0.0,-0.0,1.0,1.0,-0.0,additive
E. coli,iML1515,NE_b2199,NE_b3578,non-essential,non-essential,ne_ne,0.876997,0.876997,0.876997,0.876997,1.0,1.0,1.0,-0.0,-0.0,-0.0,0.0,additive
E. coli,iML1515,NE_b2199,NE_b2262,non-essential,non-essential,ne_ne,0.876997,0.876997,0.876997,0.876997,1.0,1.0,1.0,-0.0,-0.0,-0.0,0.0,additive
E. coli,iML1515,NE_b2199,NE_b2599,non-essential,non-essential,ne_ne,0.876997,0.876997,0.0,-0.0,1.0,0.0,-0.0,-0.0,1.0,1.0,0.0,additive
E. coli,iML1515,NE_b2199,NE_b4159,non-essential,non-essential,ne_ne,0.876997,0.876997,0.876997,0.876997,1.0,1.0,1.0,-0.0,-0.0,-0.0,0.0,additive
E. coli,iML1515,NE_b2199,NE_b3526,non-essential,non-essential,ne_ne,0.876997,0.876997,0.876997,0.876997,1.0,1.0,1.0,-0.0,-0.0,-0.0,0.0,additive
E. coli,iML1515,NE_b2199,NE_b1852,non-essential,non-essential,ne_ne,0.876997,0.876997,0.873398,0.873398,1.0,0.995896,0.995896,-0.0,0.004104,0.004104,0.0,additive
E. coli,iML1515,NE_b2199,NE_b2528,non-essential,non-essential,ne_ne,0.876997,0.876997,0.876995,0.876995,1.0,0.999998,0.999998,-0.0,2e-06,2e-06,0.0,additive
E. coli,iML1515,NE_b2199,NE_b3990,non-essential,non-essential,ne_ne,0.876997,0.876997,0.0,-0.0,1.0,0.0,-0.0,-0.0,1.0,1.0,0.0,additive
E. coli,iML1515,NE_b2199,NE_b0261,non-essential,non-essential,ne_ne,0.876997,0.876997,0.876997,0.876997,1.0,1.0,1.0,-0.0,-0.0,-0.0,0.0,additive
E. coli,iML1515,NE_b2199,NE_b2676,non-essential,non-essential,ne_ne,0.876997,0.876997,0.876997,0.876997,1.0,1.0,1.0,-0.0,-0.0,-0.0,0.0,additive
E. coli,iML1515,NE_b4013,NE_b2406,non-essential,non-essential,ne_ne,0.876997,0.0,0.876997,0.0,0.0,1.0,0.0,1.0,-0.0,1.0,0.0,additive
E. coli,iML1515,NE_b4013,NE_b1200,non-essential,non-essential,ne_ne,0.876997,0.0,0.876997,0.0,0.0,1.0,0.0,1.0,0.0,1.0,0.0,additive
E. coli,iML1515,NE_b4013,NE_b0475,non-essential,non-essential,ne_ne,0.876997,0.0,0.0,0.0,0.0,0.0,0.0,1.0,1.0,1.0,0.0,additive
E. coli,iML1515,NE_b4013,NE_b4290,non-essential,non-essential,ne_ne,0.876997,0.0,0.876997,0.0,0.0,1.0,0.0,1.0,-0.0,1.0,0.0,additive
E. coli,iML1515,NE_b4013,NE_b1453,non-essential,non-essential,ne_ne,0.876997,0.0,0.876997,0.0,0.0,1.0,0.0,1.0,0.0,1.0,0.0,additive
E. coli,iML1515,NE_b4013,NE_b2091,non-essential,non-essential,ne_ne,0.876997,0.0,0.876997,0.0,0.0,1.0,0.0,1.0,0.0,1.0,0.0,additive
E. coli,iML1515,NE_b4013,NE_b2282,non-essential,non-essential,ne_ne,0.876997,0.0,0.758643,0.0,0.0,0.865046,0.0,1.0,0.134954,1.0,0.0,additive
E. coli,iML1515,NE_b4013,NE_b3588,non-essential,non-essential,ne_ne,0.876997,0.0,0.876997,0.0,0.0,1.0,0.0,1.0,-0.0,1.0,0.0,additive
E. coli,iML1515,NE_b4013,NE_b1612,non-essential,non-essential,ne_ne,0.876997,0.0,0.803164,0.0,0.0,0.915811,0.0,1.0,0.084189,1.0,0.0,additive
E. coli,iML1515,NE_b4013,NE_b0430,non-essential,non-essential,ne_ne,0.876997,0.0,0.777614,0.0,0.0,0.886678,0.0,1.0,0.113322,1.0,0.0,additive
E. coli,iML1515,NE_b4013,NE_b3924,non-essential,non-essential,ne_ne,0.876997,0.0,0.876909,0.0,0.0,0.9999,0.0,1.0,0.0001,1.0,0.0,additive
E. coli,iML1515,NE_b4013,NE_b3733,non-essential,non-essential,ne_ne,0.876997,0.0,0.284933,0.0,0.0,0.324896,0.0,1.0,0.675104,1.0,0.0,additive
E. coli,iML1515,NE_b4013,NE_b1662,non-essential,non-essential,ne_ne,0.876997,0.0,0.0,0.0,0.0,0.0,0.0,1.0,1.0,1.0,0.0,additive
E. coli,iML1515,NE_b4013,NE_b3578,non-essential,non-essential,ne_ne,0.876997,0.0,0.876997,0.0,0.0,1.0,0.0,1.0,-0.0,1.0,0.0,additive
E. coli,iML1515,NE_b4013,NE_b2262,non-essential,non-essential,ne_ne,0.876997,0.0,0.876997,0.0,0.0,1.0,0.0,1.0,-0.0,1.0,0.0,additive
E. coli,iML1515,NE_b4013,NE_b2599,non-essential,non-essential,ne_ne,0.876997,0.0,0.0,0.0,0.0,0.0,0.0,1.0,1.0,1.0,0.0,additive
E. coli,iML1515,NE_b4013,NE_b4159,non-essential,non-essential,ne_ne,0.876997,0.0,0.876997,0.0,0.0,1.0,0.0,1.0,-0.0,1.0,0.0,additive
E. coli,iML1515,NE_b4013,NE_b3526,non-essential,non-essential,ne_ne,0.876997,0.0,0.876997,0.0,0.0,1.0,0.0,1.0,-0.0,1.0,0.0,additive
E. coli,iML1515,NE_b4013,NE_b1852,non-essential,non-essential,ne_ne,0.876997,0.0,0.873398,0.0,0.0,0.995896,0.0,1.0,0.004104,1.0,0.0,additive
E. coli,iML1515,NE_b4013,NE_b2528,non-essential,non-essential,ne_ne,0.876997,0.0,0.876995,0.0,0.0,0.999998,0.0,1.0,2e-06,1.0,0.0,additive
E. coli,iML1515,NE_b4013,NE_b3990,non-essential,non-essential,ne_ne,0.876997,0.0,0.0,0.0,0.0,0.0,0.0,1.0,1.0,1.0,0.0,additive
E. coli,iML1515,NE_b4013,NE_b0261,non-essential,non-essential,ne_ne,0.876997,0.0,0.876997,0.0,0.0,1.0,0.0,1.0,-0.0,1.0,0.0,additive
E. coli,iML1515,NE_b4013,NE_b2676,non-essential,non-essential,ne_ne,0.876997,0.0,0.876997,0.0,0.0,1.0,0.0,1.0,-0.0,1.0,0.0,additive
E. coli,iML1515,NE_b2406,NE_b1200,non-essential,non-essential,ne_ne,0.876997,0.876997,0.876997,0.876997,1.0,1.0,1.0,-0.0,0.0,-0.0,-0.0,additive
E. coli,iML1515,NE_b2406,NE_b0475,non-essential,non-essential,ne_ne,0.876997,0.876997,0.0,-0.0,1.0,0.0,-0.0,-0.0,1.0,1.0,0.0,additive
E. coli,iML1515,NE_b2406,NE_b4290,non-essential,non-essential,ne_ne,0.876997,0.876997,0.876997,0.876997,1.0,1.0,1.0,-0.0,-0.0,-0.0,0.0,additive
E. coli,iML1515,NE_b2406,NE_b1453,non-essential,non-essential,ne_ne,0.876997,0.876997,0.876997,0.876997,1.0,1.0,1.0,-0.0,0.0,-0.0,-0.0,additive
E. coli,iML1515,NE_b2406,NE_b2091,non-essential,non-essential,ne_ne,0.876997,0.876997,0.876997,0.876997,1.0,1.0,1.0,-0.0,0.0,-0.0,-0.0,additive
E. coli,iML1515,NE_b2406,NE_b2282,non-essential,non-essential,ne_ne,0.876997,0.876997,0.758643,0.758643,1.0,0.865046,0.865046,-0.0,0.134954,0.134954,0.0,additive
E. coli,iML1515,NE_b2406,NE_b3588,non-essential,non-essential,ne_ne,0.876997,0.876997,0.876997,0.876997,1.0,1.0,1.0,-0.0,-0.0,-0.0,-0.0,additive
E. coli,iML1515,NE_b2406,NE_b1612,non-essential,non-essential,ne_ne,0.876997,0.876997,0.803164,0.803164,1.0,0.915811,0.915811,-0.0,0.084189,0.084189,-0.0,additive
E. coli,iML1515,NE_b2406,NE_b0430,non-essential,non-essential,ne_ne,0.876997,0.876997,0.777614,0.777614,1.0,0.886678,0.886678,-0.0,0.113322,0.113322,0.0,additive
E. coli,iML1515,NE_b2406,NE_b3924,non-essential,non-essential,ne_ne,0.876997,0.876997,0.876909,0.876909,1.0,0.9999,0.9999,-0.0,0.0001,0.0001,-0.0,additive
E. coli,iML1515,NE_b2406,NE_b3733,non-essential,non-essential,ne_ne,0.876997,0.876997,0.284933,0.284933,1.0,0.324896,0.324896,-0.0,0.675104,0.675104,-0.0,additive
E. coli,iML1515,NE_b2406,NE_b1662,non-essential,non-essential,ne_ne,0.876997,0.876997,0.0,0.0,1.0,0.0,0.0,-0.0,1.0,1.0,0.0,additive
E. coli,iML1515,NE_b2406,NE_b3578,non-essential,non-essential,ne_ne,0.876997,0.876997,0.876997,0.876997,1.0,1.0,1.0,-0.0,-0.0,-0.0,0.0,additive
E. coli,iML1515,NE_b2406,NE_b2262,non-essential,non-essential,ne_ne,0.876997,0.876997,0.876997,0.876997,1.0,1.0,1.0,-0.0,-0.0,-0.0,0.0,additive
E. coli,iML1515,NE_b2406,NE_b2599,non-essential,non-essential,ne_ne,0.876997,0.876997,0.0,0.0,1.0,0.0,0.0,-0.0,1.0,1.0,0.0,additive
E. coli,iML1515,NE_b2406,NE_b4159,non-essential,non-essential,ne_ne,0.876997,0.876997,0.876997,0.876997,1.0,1.0,1.0,-0.0,-0.0,0.0,0.0,additive
E. coli,iML1515,NE_b2406,NE_b3526,non-essential,non-essential,ne_ne,0.876997,0.876997,0.876997,0.876997,1.0,1.0,1.0,-0.0,-0.0,-0.0,0.0,additive
E. coli,iML1515,NE_b2406,NE_b1852,non-essential,non-essential,ne_ne,0.876997,0.876997,0.873398,0.873398,1.0,0.995896,0.995896,-0.0,0.004104,0.004104,0.0,additive
E. coli,iML1515,NE_b2406,NE_b2528,non-essential,non-essential,ne_ne,0.876997,0.876997,0.876995,0.876995,1.0,0.999998,0.999998,-0.0,2e-06,2e-06,-0.0,additive
E. coli,iML1515,NE_b2406,NE_b3990,non-essential,non-essential,ne_ne,0.876997,0.876997,0.0,0.0,1.0,0.0,0.0,-0.0,1.0,1.0,0.0,additive
E. coli,iML1515,NE_b2406,NE_b0261,non-essential,non-essential,ne_ne,0.876997,0.876997,0.876997,0.876997,1.0,1.0,1.0,-0.0,-0.0,-0.0,0.0,additive
E. coli,iML1515,NE_b2406,NE_b2676,non-essential,non-essential,ne_ne,0.876997,0.876997,0.876997,0.876997,1.0,1.0,1.0,-0.0,-0.0,-0.0,0.0,additive
E. coli,iML1515,NE_b1200,NE_b0475,non-essential,non-essential,ne_ne,0.876997,0.876997,0.0,-0.0,1.0,0.0,-0.0,0.0,1.0,1.0,0.0,additive
E. coli,iML1515,NE_b1200,NE_b4290,non-essential,non-essential,ne_ne,0.876997,0.876997,0.876997,0.876997,1.0,1.0,1.0,0.0,-0.0,-0.0,-0.0,additive
E. coli,iML1515,NE_b1200,NE_b1453,non-essential,non-essential,ne_ne,0.876997,0.876997,0.876997,0.876997,1.0,1.0,1.0,0.0,0.0,-0.0,-0.0,additive
E. coli,iML1515,NE_b1200,NE_b2091,non-essential,non-essential,ne_ne,0.876997,0.876997,0.876997,0.876997,1.0,1.0,1.0,0.0,0.0,-0.0,-0.0,additive
E. coli,iML1515,NE_b1200,NE_b2282,non-essential,non-essential,ne_ne,0.876997,0.876997,0.758643,0.758643,1.0,0.865046,0.865046,0.0,0.134954,0.134954,0.0,additive
E. coli,iML1515,NE_b1200,NE_b3588,non-essential,non-essential,ne_ne,0.876997,0.876997,0.876997,0.876997,1.0,1.0,1.0,0.0,-0.0,-0.0,-0.0,additive
E. coli,iML1515,NE_b1200,NE_b1612,non-essential,non-essential,ne_ne,0.876997,0.876997,0.803164,0.803164,1.0,0.915811,0.915811,0.0,0.084189,0.084189,-0.0,additive
E. coli,iML1515,NE_b1200,NE_b0430,non-essential,non-essential,ne_ne,0.876997,0.876997,0.777614,0.777614,1.0,0.886678,0.886678,0.0,0.113322,0.113322,-0.0,additive
E. coli,iML1515,NE_b1200,NE_b3924,non-essential,non-essential,ne_ne,0.876997,0.876997,0.876909,0.876909,1.0,0.9999,0.9999,0.0,0.0001,0.0001,-0.0,additive
E. coli,iML1515,NE_b1200,NE_b3733,non-essential,non-essential,ne_ne,0.876997,0.876997,0.284933,0.284933,1.0,0.324896,0.324896,0.0,0.675104,0.675104,0.0,additive
E. coli,iML1515,NE_b1200,NE_b1662,non-essential,non-essential,ne_ne,0.876997,0.876997,0.0,0.0,1.0,0.0,0.0,0.0,1.0,1.0,0.0,additive
E. coli,iML1515,NE_b1200,NE_b3578,non-essential,non-essential,ne_ne,0.876997,0.876997,0.876997,0.876997,1.0,1.0,1.0,0.0,-0.0,-0.0,-0.0,additive
E. coli,iML1515,NE_b1200,NE_b2262,non-essential,non-essential,ne_ne,0.876997,0.876997,0.876997,0.876997,1.0,1.0,1.0,0.0,-0.0,-0.0,-0.0,additive
E. coli,iML1515,NE_b1200,NE_b2599,non-essential,non-essential,ne_ne,0.876997,0.876997,0.0,0.0,1.0,0.0,0.0,0.0,1.0,1.0,0.0,additive
E. coli,iML1515,NE_b1200,NE_b4159,non-essential,non-essential,ne_ne,0.876997,0.876997,0.876997,0.876997,1.0,1.0,1.0,0.0,-0.0,-0.0,-0.0,additive
E. coli,iML1515,NE_b1200,NE_b3526,non-essential,non-essential,ne_ne,0.876997,0.876997,0.876997,0.876997,1.0,1.0,1.0,0.0,-0.0,-0.0,-0.0,additive
E. coli,iML1515,NE_b1200,NE_b1852,non-essential,non-essential,ne_ne,0.876997,0.876997,0.873398,0.873398,1.0,0.995896,0.995896,0.0,0.004104,0.004104,-0.0,additive
E. coli,iML1515,NE_b1200,NE_b2528,non-essential,non-essential,ne_ne,0.876997,0.876997,0.876995,0.876995,1.0,0.999998,0.999998,0.0,2e-06,2e-06,-0.0,additive
E. coli,iML1515,NE_b1200,NE_b3990,non-essential,non-essential,ne_ne,0.876997,0.876997,0.0,0.0,1.0,0.0,0.0,0.0,1.0,1.0,-0.0,additive
E. coli,iML1515,NE_b1200,NE_b0261,non-essential,non-essential,ne_ne,0.876997,0.876997,0.876997,0.876997,1.0,1.0,1.0,0.0,-0.0,-0.0,0.0,additive
E. coli,iML1515,NE_b1200,NE_b2676,non-essential,non-essential,ne_ne,0.876997,0.876997,0.876997,0.876997,1.0,1.0,1.0,0.0,-0.0,-0.0,-0.0,additive
E. coli,iML1515,NE_b0475,NE_b4290,non-essential,non-essential,ne_ne,0.876997,0.0,0.876997,0.0,0.0,1.0,0.0,1.0,-0.0,1.0,0.0,additive
E. coli,iML1515,NE_b0475,NE_b1453,non-essential,non-essential,ne_ne,0.876997,0.0,0.876997,0.0,0.0,1.0,0.0,1.0,0.0,1.0,0.0,additive
E. coli,iML1515,NE_b0475,NE_b2091,non-essential,non-essential,ne_ne,0.876997,0.0,0.876997,0.0,0.0,1.0,0.0,1.0,0.0,1.0,0.0,additive
E. coli,iML1515,NE_b0475,NE_b2282,non-essential,non-essential,ne_ne,0.876997,0.0,0.758643,-0.0,0.0,0.865046,-0.0,1.0,0.134954,1.0,0.0,additive
E. coli,iML1515,NE_b0475,NE_b3588,non-essential,non-essential,ne_ne,0.876997,0.0,0.876997,0.0,0.0,1.0,0.0,1.0,-0.0,1.0,0.0,additive
E. coli,iML1515,NE_b0475,NE_b1612,non-essential,non-essential,ne_ne,0.876997,0.0,0.803164,0.0,0.0,0.915811,0.0,1.0,0.084189,1.0,0.0,additive
E. coli,iML1515,NE_b0475,NE_b0430,non-essential,non-essential,ne_ne,0.876997,0.0,0.777614,0.0,0.0,0.886678,0.0,1.0,0.113322,1.0,0.0,additive
E. coli,iML1515,NE_b0475,NE_b3924,non-essential,non-essential,ne_ne,0.876997,0.0,0.876909,0.0,0.0,0.9999,0.0,1.0,0.0001,1.0,0.0,additive
E. coli,iML1515,NE_b0475,NE_b3733,non-essential,non-essential,ne_ne,0.876997,0.0,0.284933,0.0,0.0,0.324896,0.0,1.0,0.675104,1.0,0.0,additive
E. coli,iML1515,NE_b0475,NE_b1662,non-essential,non-essential,ne_ne,0.876997,0.0,0.0,0.0,0.0,0.0,0.0,1.0,1.0,1.0,0.0,additive
E. coli,iML1515,NE_b0475,NE_b3578,non-essential,non-essential,ne_ne,0.876997,0.0,0.876997,0.0,0.0,1.0,0.0,1.0,-0.0,1.0,0.0,additive
E. coli,iML1515,NE_b0475,NE_b2262,non-essential,non-essential,ne_ne,0.876997,0.0,0.876997,0.0,0.0,1.0,0.0,1.0,-0.0,1.0,0.0,additive
E. coli,iML1515,NE_b0475,NE_b2599,non-essential,non-essential,ne_ne,0.876997,0.0,0.0,0.0,0.0,0.0,0.0,1.0,1.0,1.0,0.0,additive
E. coli,iML1515,NE_b0475,NE_b4159,non-essential,non-essential,ne_ne,0.876997,0.0,0.876997,0.0,0.0,1.0,0.0,1.0,-0.0,1.0,0.0,additive
E. coli,iML1515,NE_b0475,NE_b3526,non-essential,non-essential,ne_ne,0.876997,0.0,0.876997,0.0,0.0,1.0,0.0,1.0,-0.0,1.0,0.0,additive
E. coli,iML1515,NE_b0475,NE_b1852,non-essential,non-essential,ne_ne,0.876997,0.0,0.873398,0.0,0.0,0.995896,0.0,1.0,0.004104,1.0,0.0,additive
E. coli,iML1515,NE_b0475,NE_b2528,non-essential,non-essential,ne_ne,0.876997,0.0,0.876995,0.0,0.0,0.999998,0.0,1.0,2e-06,1.0,0.0,additive
E. coli,iML1515,NE_b0475,NE_b3990,non-essential,non-essential,ne_ne,0.876997,0.0,0.0,0.0,0.0,0.0,0.0,1.0,1.0,1.0,0.0,additive
E. coli,iML1515,NE_b0475,NE_b0261,non-essential,non-essential,ne_ne,0.876997,0.0,0.876997,0.0,0.0,1.0,0.0,1.0,-0.0,1.0,0.0,additive
E. coli,iML1515,NE_b0475,NE_b2676,non-essential,non-essential,ne_ne,0.876997,0.0,0.876997,0.0,0.0,1.0,0.0,1.0,-0.0,1.0,0.0,additive
E. coli,iML1515,NE_b4290,NE_b1453,non-essential,non-essential,ne_ne,0.876997,0.876997,0.876997,0.876997,1.0,1.0,1.0,-0.0,0.0,-0.0,-0.0,additive
E. coli,iML1515,NE_b4290,NE_b2091,non-essential,non-essential,ne_ne,0.876997,0.876997,0.876997,0.876997,1.0,1.0,1.0,-0.0,0.0,-0.0,-0.0,additive
E. coli,iML1515,NE_b4290,NE_b2282,non-essential,non-essential,ne_ne,0.876997,0.876997,0.758643,0.758643,1.0,0.865046,0.865046,-0.0,0.134954,0.134954,0.0,additive
E. coli,iML1515,NE_b4290,NE_b3588,non-essential,non-essential,ne_ne,0.876997,0.876997,0.876997,0.876997,1.0,1.0,1.0,-0.0,-0.0,-0.0,0.0,additive
E. coli,iML1515,NE_b4290,NE_b1612,non-essential,non-essential,ne_ne,0.876997,0.876997,0.803164,0.803164,1.0,0.915811,0.915811,-0.0,0.084189,0.084189,0.0,additive
E. coli,iML1515,NE_b4290,NE_b0430,non-essential,non-essential,ne_ne,0.876997,0.876997,0.777614,0.777614,1.0,0.886678,0.886678,-0.0,0.113322,0.113322,0.0,additive
E. coli,iML1515,NE_b4290,NE_b3924,non-essential,non-essential,ne_ne,0.876997,0.876997,0.876909,0.876909,1.0,0.9999,0.9999,-0.0,0.0001,0.0001,-0.0,additive
E. coli,iML1515,NE_b4290,NE_b3733,non-essential,non-essential,ne_ne,0.876997,0.876997,0.284933,0.284933,1.0,0.324896,0.324896,-0.0,0.675104,0.675104,0.0,additive
E. coli,iML1515,NE_b4290,NE_b1662,non-essential,non-essential,ne_ne,0.876997,0.876997,0.0,0.0,1.0,0.0,0.0,-0.0,1.0,1.0,-0.0,additive
E. coli,iML1515,NE_b4290,NE_b3578,non-essential,non-essential,ne_ne,0.876997,0.876997,0.876997,0.876997,1.0,1.0,1.0,-0.0,-0.0,-0.0,0.0,additive
E. coli,iML1515,NE_b4290,NE_b2262,non-essential,non-essential,ne_ne,0.876997,0.876997,0.876997,0.876997,1.0,1.0,1.0,-0.0,-0.0,-0.0,0.0,additive
E. coli,iML1515,NE_b4290,NE_b2599,non-essential,non-essential,ne_ne,0.876997,0.876997,0.0,0.0,1.0,0.0,0.0,-0.0,1.0,1.0,0.0,additive
E. coli,iML1515,NE_b4290,NE_b4159,non-essential,non-essential,ne_ne,0.876997,0.876997,0.876997,0.876997,1.0,1.0,1.0,-0.0,-0.0,-0.0,0.0,additive
E. coli,iML1515,NE_b4290,NE_b3526,non-essential,non-essential,ne_ne,0.876997,0.876997,0.876997,0.876997,1.0,1.0,1.0,-0.0,-0.0,-0.0,0.0,additive
E. coli,iML1515,NE_b4290,NE_b1852,non-essential,non-essential,ne_ne,0.876997,0.876997,0.873398,0.873398,1.0,0.995896,0.995896,-0.0,0.004104,0.004104,0.0,additive
E. coli,iML1515,NE_b4290,NE_b2528,non-essential,non-essential,ne_ne,0.876997,0.876997,0.876995,0.876995,1.0,0.999998,0.999998,-0.0,2e-06,2e-06,0.0,additive
E. coli,iML1515,NE_b4290,NE_b3990,non-essential,non-essential,ne_ne,0.876997,0.876997,0.0,-0.0,1.0,0.0,-0.0,-0.0,1.0,1.0,0.0,additive
E. coli,iML1515,NE_b4290,NE_b0261,non-essential,non-essential,ne_ne,0.876997,0.876997,0.876997,0.876997,1.0,1.0,1.0,-0.0,-0.0,-0.0,0.0,additive
E. coli,iML1515,NE_b4290,NE_b2676,non-essential,non-essential,ne_ne,0.876997,0.876997,0.876997,0.876997,1.0,1.0,1.0,-0.0,-0.0,-0.0,0.0,additive
E. coli,iML1515,NE_b1453,NE_b2091,non-essential,non-essential,ne_ne,0.876997,0.876997,0.876997,0.876997,1.0,1.0,1.0,0.0,0.0,-0.0,-0.0,additive
E. coli,iML1515,NE_b1453,NE_b2282,non-essential,non-essential,ne_ne,0.876997,0.876997,0.758643,0.758643,1.0,0.865046,0.865046,0.0,0.134954,0.134954,0.0,additive
E. coli,iML1515,NE_b1453,NE_b3588,non-essential,non-essential,ne_ne,0.876997,0.876997,0.876997,0.876997,1.0,1.0,1.0,0.0,-0.0,-0.0,-0.0,additive
E. coli,iML1515,NE_b1453,NE_b1612,non-essential,non-essential,ne_ne,0.876997,0.876997,0.803164,0.803164,1.0,0.915811,0.915811,0.0,0.084189,0.084189,-0.0,additive
E. coli,iML1515,NE_b1453,NE_b0430,non-essential,non-essential,ne_ne,0.876997,0.876997,0.777614,0.777614,1.0,0.886678,0.886678,0.0,0.113322,0.113322,0.0,additive
E. coli,iML1515,NE_b1453,NE_b3924,non-essential,non-essential,ne_ne,0.876997,0.876997,0.876909,0.876909,1.0,0.9999,0.9999,0.0,0.0001,0.0001,-0.0,additive
E. coli,iML1515,NE_b1453,NE_b3733,non-essential,non-essential,ne_ne,0.876997,0.876997,0.284933,0.284933,1.0,0.324896,0.324896,0.0,0.675104,0.675104,-0.0,additive
E. coli,iML1515,NE_b1453,NE_b1662,non-essential,non-essential,ne_ne,0.876997,0.876997,0.0,0.0,1.0,0.0,0.0,0.0,1.0,1.0,-0.0,additive
E. coli,iML1515,NE_b1453,NE_b3578,non-essential,non-essential,ne_ne,0.876997,0.876997,0.876997,0.876997,1.0,1.0,1.0,0.0,-0.0,-0.0,-0.0,additive
E. coli,iML1515,NE_b1453,NE_b2262,non-essential,non-essential,ne_ne,0.876997,0.876997,0.876997,0.876997,1.0,1.0,1.0,0.0,-0.0,-0.0,-0.0,additive
E. coli,iML1515,NE_b1453,NE_b2599,non-essential,non-essential,ne_ne,0.876997,0.876997,0.0,-0.0,1.0,0.0,-0.0,0.0,1.0,1.0,0.0,additive
E. coli,iML1515,NE_b1453,NE_b4159,non-essential,non-essential,ne_ne,0.876997,0.876997,0.876997,0.876997,1.0,1.0,1.0,0.0,-0.0,-0.0,-0.0,additive
E. coli,iML1515,NE_b1453,NE_b3526,non-essential,non-essential,ne_ne,0.876997,0.876997,0.876997,0.876997,1.0,1.0,1.0,0.0,-0.0,-0.0,-0.0,additive
E. coli,iML1515,NE_b1453,NE_b1852,non-essential,non-essential,ne_ne,0.876997,0.876997,0.873398,0.873398,1.0,0.995896,0.995896,0.0,0.004104,0.004104,-0.0,additive
E. coli,iML1515,NE_b1453,NE_b2528,non-essential,non-essential,ne_ne,0.876997,0.876997,0.876995,0.876995,1.0,0.999998,0.999998,0.0,2e-06,2e-06,-0.0,additive
E. coli,iML1515,NE_b1453,NE_b3990,non-essential,non-essential,ne_ne,0.876997,0.876997,0.0,-0.0,1.0,0.0,-0.0,0.0,1.0,1.0,0.0,additive
E. coli,iML1515,NE_b1453,NE_b0261,non-essential,non-essential,ne_ne,0.876997,0.876997,0.876997,0.876997,1.0,1.0,1.0,0.0,-0.0,-0.0,-0.0,additive
E. coli,iML1515,NE_b1453,NE_b2676,non-essential,non-essential,ne_ne,0.876997,0.876997,0.876997,0.876997,1.0,1.0,1.0,0.0,-0.0,-0.0,-0.0,additive
E. coli,iML1515,NE_b2091,NE_b2282,non-essential,non-essential,ne_ne,0.876997,0.876997,0.758643,0.758643,1.0,0.865046,0.865046,0.0,0.134954,0.134954,0.0,additive
E. coli,iML1515,NE_b2091,NE_b3588,non-essential,non-essential,ne_ne,0.876997,0.876997,0.876997,0.876997,1.0,1.0,1.0,0.0,-0.0,-0.0,-0.0,additive
E. coli,iML1515,NE_b2091,NE_b1612,non-essential,non-essential,ne_ne,0.876997,0.876997,0.803164,0.803164,1.0,0.915811,0.915811,0.0,0.084189,0.084189,-0.0,additive
E. coli,iML1515,NE_b2091,NE_b0430,non-essential,non-essential,ne_ne,0.876997,0.876997,0.777614,0.777614,1.0,0.886678,0.886678,0.0,0.113322,0.113322,-0.0,additive
E. coli,iML1515,NE_b2091,NE_b3924,non-essential,non-essential,ne_ne,0.876997,0.876997,0.876909,0.876909,1.0,0.9999,0.9999,0.0,0.0001,0.0001,-0.0,additive
E. coli,iML1515,NE_b2091,NE_b3733,non-essential,non-essential,ne_ne,0.876997,0.876997,0.284933,0.284933,1.0,0.324896,0.324896,0.0,0.675104,0.675104,-0.0,additive
E. coli,iML1515,NE_b2091,NE_b1662,non-essential,non-essential,ne_ne,0.876997,0.876997,0.0,-0.0,1.0,0.0,-0.0,0.0,1.0,1.0,0.0,additive
E. coli,iML1515,NE_b2091,NE_b3578,non-essential,non-essential,ne_ne,0.876997,0.876997,0.876997,0.876997,1.0,1.0,1.0,0.0,-0.0,-0.0,-0.0,additive
E. coli,iML1515,NE_b2091,NE_b2262,non-essential,non-essential,ne_ne,0.876997,0.876997,0.876997,0.876997,1.0,1.0,1.0,0.0,-0.0,-0.0,-0.0,additive
E. coli,iML1515,NE_b2091,NE_b2599,non-essential,non-essential,ne_ne,0.876997,0.876997,0.0,-0.0,1.0,0.0,-0.0,0.0,1.0,1.0,0.0,additive
E. coli,iML1515,NE_b2091,NE_b4159,non-essential,non-essential,ne_ne,0.876997,0.876997,0.876997,0.876997,1.0,1.0,1.0,0.0,-0.0,-0.0,-0.0,additive
E. coli,iML1515,NE_b2091,NE_b3526,non-essential,non-essential,ne_ne,0.876997,0.876997,0.876997,0.876997,1.0,1.0,1.0,0.0,-0.0,-0.0,-0.0,additive
E. coli,iML1515,NE_b2091,NE_b1852,non-essential,non-essential,ne_ne,0.876997,0.876997,0.873398,0.873398,1.0,0.995896,0.995896,0.0,0.004104,0.004104,-0.0,additive
E. coli,iML1515,NE_b2091,NE_b2528,non-essential,non-essential,ne_ne,0.876997,0.876997,0.876995,0.876995,1.0,0.999998,0.999998,0.0,2e-06,2e-06,-0.0,additive
E. coli,iML1515,NE_b2091,NE_b3990,non-essential,non-essential,ne_ne,0.876997,0.876997,0.0,0.0,1.0,0.0,0.0,0.0,1.0,1.0,0.0,additive
E. coli,iML1515,NE_b2091,NE_b0261,non-essential,non-essential,ne_ne,0.876997,0.876997,0.876997,0.876997,1.0,1.0,1.0,0.0,-0.0,-0.0,-0.0,additive
E. coli,iML1515,NE_b2091,NE_b2676,non-essential,non-essential,ne_ne,0.876997,0.876997,0.876997,0.876997,1.0,1.0,1.0,0.0,-0.0,-0.0,-0.0,additive
E. coli,iML1515,NE_b2282,NE_b3588,non-essential,non-essential,ne_ne,0.876997,0.758643,0.876997,0.758643,0.865046,1.0,0.865046,0.134954,-0.0,0.134954,0.0,additive
E. coli,iML1515,NE_b2282,NE_b1612,non-essential,non-essential,ne_ne,0.876997,0.758643,0.803164,0.681728,0.865046,0.915811,0.777344,0.134954,0.084189,0.222656,0.014875,additive
E. coli,iML1515,NE_b2282,NE_b0430,non-essential,non-essential,ne_ne,0.876997,0.758643,0.777614,0.600788,0.865046,0.886678,0.685052,0.134954,0.113322,0.314948,0.081966,additive
E. coli,iML1515,NE_b2282,NE_b3924,non-essential,non-essential,ne_ne,0.876997,0.758643,0.876909,0.75857,0.865046,0.9999,0.864963,0.134954,0.0001,0.135037,-3e-06,additive
E. coli,iML1515,NE_b2282,NE_b3733,non-essential,non-essential,ne_ne,0.876997,0.758643,0.284933,0.284933,0.865046,0.324896,0.324896,0.134954,0.675104,0.675104,-0.043846,additive
E. coli,iML1515,NE_b2282,NE_b1662,non-essential,non-essential,ne_ne,0.876997,0.758643,0.0,-0.0,0.865046,0.0,-0.0,0.134954,1.0,1.0,0.0,additive
E. coli,iML1515,NE_b2282,NE_b3578,non-essential,non-essential,ne_ne,0.876997,0.758643,0.876997,0.758643,0.865046,1.0,0.865046,0.134954,-0.0,0.134954,0.0,additive
E. coli,iML1515,NE_b2282,NE_b2262,non-essential,non-essential,ne_ne,0.876997,0.758643,0.876997,0.758643,0.865046,1.0,0.865046,0.134954,-0.0,0.134954,0.0,additive
E. coli,iML1515,NE_b2282,NE_b2599,non-essential,non-essential,ne_ne,0.876997,0.758643,0.0,0.0,0.865046,0.0,0.0,0.134954,1.0,1.0,0.0,additive
E. coli,iML1515,NE_b2282,NE_b4159,non-essential,non-essential,ne_ne,0.876997,0.758643,0.876997,0.758643,0.865046,1.0,0.865046,0.134954,-0.0,0.134954,0.0,additive
E. coli,iML1515,NE_b2282,NE_b3526,non-essential,non-essential,ne_ne,0.876997,0.758643,0.876997,0.758643,0.865046,1.0,0.865046,0.134954,-0.0,0.134954,0.0,additive
E. coli,iML1515,NE_b2282,NE_b1852,non-essential,non-essential,ne_ne,0.876997,0.758643,0.873398,0.758486,0.865046,0.995896,0.864867,0.134954,0.004104,0.135133,-0.003371,additive
E. coli,iML1515,NE_b2282,NE_b2528,non-essential,non-essential,ne_ne,0.876997,0.758643,0.876995,0.758641,0.865046,0.999998,0.865044,0.134954,2e-06,0.134956,0.0,additive
E. coli,iML1515,NE_b2282,NE_b3990,non-essential,non-essential,ne_ne,0.876997,0.758643,0.0,0.0,0.865046,0.0,0.0,0.134954,1.0,1.0,0.0,additive
E. coli,iML1515,NE_b2282,NE_b0261,non-essential,non-essential,ne_ne,0.876997,0.758643,0.876997,0.758643,0.865046,1.0,0.865046,0.134954,-0.0,0.134954,0.0,additive
E. coli,iML1515,NE_b2282,NE_b2676,non-essential,non-essential,ne_ne,0.876997,0.758643,0.876997,0.758643,0.865046,1.0,0.865046,0.134954,-0.0,0.134954,0.0,additive
E. coli,iML1515,NE_b3588,NE_b1612,non-essential,non-essential,ne_ne,0.876997,0.876997,0.803164,0.803164,1.0,0.915811,0.915811,-0.0,0.084189,0.084189,0.0,additive
E. coli,iML1515,NE_b3588,NE_b0430,non-essential,non-essential,ne_ne,0.876997,0.876997,0.777614,0.777614,1.0,0.886678,0.886678,-0.0,0.113322,0.113322,0.0,additive
E. coli,iML1515,NE_b3588,NE_b3924,non-essential,non-essential,ne_ne,0.876997,0.876997,0.876909,0.876909,1.0,0.9999,0.9999,-0.0,0.0001,0.0001,-0.0,additive
E. coli,iML1515,NE_b3588,NE_b3733,non-essential,non-essential,ne_ne,0.876997,0.876997,0.284933,0.284933,1.0,0.324896,0.324896,-0.0,0.675104,0.675104,0.0,additive
E. coli,iML1515,NE_b3588,NE_b1662,non-essential,non-essential,ne_ne,0.876997,0.876997,0.0,-0.0,1.0,0.0,-0.0,-0.0,1.0,1.0,0.0,additive
E. coli,iML1515,NE_b3588,NE_b3578,non-essential,non-essential,ne_ne,0.876997,0.876997,0.876997,0.876997,1.0,1.0,1.0,-0.0,-0.0,-0.0,0.0,additive
E. coli,iML1515,NE_b3588,NE_b2262,non-essential,non-essential,ne_ne,0.876997,0.876997,0.876997,0.876997,1.0,1.0,1.0,-0.0,-0.0,-0.0,0.0,additive
E. coli,iML1515,NE_b3588,NE_b2599,non-essential,non-essential,ne_ne,0.876997,0.876997,0.0,0.0,1.0,0.0,0.0,-0.0,1.0,1.0,0.0,additive
E. coli,iML1515,NE_b3588,NE_b4159,non-essential,non-essential,ne_ne,0.876997,0.876997,0.876997,0.876997,1.0,1.0,1.0,-0.0,-0.0,-0.0,0.0,additive
E. coli,iML1515,NE_b3588,NE_b3526,non-essential,non-essential,ne_ne,0.876997,0.876997,0.876997,0.876997,1.0,1.0,1.0,-0.0,-0.0,-0.0,0.0,additive
E. coli,iML1515,NE_b3588,NE_b1852,non-essential,non-essential,ne_ne,0.876997,0.876997,0.873398,0.873398,1.0,0.995896,0.995896,-0.0,0.004104,0.004104,0.0,additive
E. coli,iML1515,NE_b3588,NE_b2528,non-essential,non-essential,ne_ne,0.876997,0.876997,0.876995,0.876995,1.0,0.999998,0.999998,-0.0,2e-06,2e-06,-0.0,additive
E. coli,iML1515,NE_b3588,NE_b3990,non-essential,non-essential,ne_ne,0.876997,0.876997,0.0,0.0,1.0,0.0,0.0,-0.0,1.0,1.0,0.0,additive
E. coli,iML1515,NE_b3588,NE_b0261,non-essential,non-essential,ne_ne,0.876997,0.876997,0.876997,0.876997,1.0,1.0,1.0,-0.0,-0.0,-0.0,0.0,additive
E. coli,iML1515,NE_b3588,NE_b2676,non-essential,non-essential,ne_ne,0.876997,0.876997,0.876997,0.876997,1.0,1.0,1.0,-0.0,-0.0,-0.0,0.0,additive
E. coli,iML1515,NE_b1612,NE_b0430,non-essential,non-essential,ne_ne,0.876997,0.803164,0.777614,0.691105,0.915811,0.886678,0.788035,0.084189,0.113322,0.211965,0.023994,additive
E. coli,iML1515,NE_b1612,NE_b3924,non-essential,non-essential,ne_ne,0.876997,0.803164,0.876909,0.803164,0.915811,0.9999,0.915811,0.084189,0.0001,0.084189,-9.2e-05,additive
E. coli,iML1515,NE_b1612,NE_b3733,non-essential,non-essential,ne_ne,0.876997,0.803164,0.284933,0.279914,0.915811,0.324896,0.319173,0.084189,0.675104,0.680827,-0.021629,additive
E. coli,iML1515,NE_b1612,NE_b1662,non-essential,non-essential,ne_ne,0.876997,0.803164,0.0,0.0,0.915811,0.0,0.0,0.084189,1.0,1.0,-0.0,additive
E. coli,iML1515,NE_b1612,NE_b3578,non-essential,non-essential,ne_ne,0.876997,0.803164,0.876997,0.803164,0.915811,1.0,0.915811,0.084189,-0.0,0.084189,0.0,additive
E. coli,iML1515,NE_b1612,NE_b2262,non-essential,non-essential,ne_ne,0.876997,0.803164,0.876997,0.803164,0.915811,1.0,0.915811,0.084189,-0.0,0.084189,0.0,additive
E. coli,iML1515,NE_b1612,NE_b2599,non-essential,non-essential,ne_ne,0.876997,0.803164,0.0,-0.0,0.915811,0.0,-0.0,0.084189,1.0,1.0,0.0,additive
E. coli,iML1515,NE_b1612,NE_b4159,non-essential,non-essential,ne_ne,0.876997,0.803164,0.876997,0.803164,0.915811,1.0,0.915811,0.084189,-0.0,0.084189,0.0,additive
E. coli,iML1515,NE_b1612,NE_b3526,non-essential,non-essential,ne_ne,0.876997,0.803164,0.876997,0.803164,0.915811,1.0,0.915811,0.084189,-0.0,0.084189,-0.0,additive
E. coli,iML1515,NE_b1612,NE_b1852,non-essential,non-essential,ne_ne,0.876997,0.803164,0.873398,0.771102,0.915811,0.995896,0.879253,0.084189,0.004104,0.120747,0.0328,additive
E. coli,iML1515,NE_b1612,NE_b2528,non-essential,non-essential,ne_ne,0.876997,0.803164,0.876995,0.803162,0.915811,0.999998,0.915809,0.084189,2e-06,0.084191,0.0,additive
E. coli,iML1515,NE_b1612,NE_b3990,non-essential,non-essential,ne_ne,0.876997,0.803164,0.0,0.0,0.915811,0.0,0.0,0.084189,1.0,1.0,0.0,additive
E. coli,iML1515,NE_b1612,NE_b0261,non-essential,non-essential,ne_ne,0.876997,0.803164,0.876997,0.803164,0.915811,1.0,0.915811,0.084189,-0.0,0.084189,0.0,additive
E. coli,iML1515,NE_b1612,NE_b2676,non-essential,non-essential,ne_ne,0.876997,0.803164,0.876997,0.803164,0.915811,1.0,0.915811,0.084189,-0.0,0.084189,0.0,additive
E. coli,iML1515,NE_b0430,NE_b3924,non-essential,non-essential,ne_ne,0.876997,0.777614,0.876909,0.777521,0.886678,0.9999,0.886572,0.113322,0.0001,0.113428,1.7e-05,additive
E. coli,iML1515,NE_b0430,NE_b3733,non-essential,non-essential,ne_ne,0.876997,0.777614,0.284933,0.284933,0.886678,0.324896,0.324896,0.113322,0.675104,0.675104,-0.036818,additive
E. coli,iML1515,NE_b0430,NE_b1662,non-essential,non-essential,ne_ne,0.876997,0.777614,0.0,-0.0,0.886678,0.0,-0.0,0.113322,1.0,1.0,0.0,additive
E. coli,iML1515,NE_b0430,NE_b3578,non-essential,non-essential,ne_ne,0.876997,0.777614,0.876997,0.777614,0.886678,1.0,0.886678,0.113322,-0.0,0.113322,0.0,additive
E. coli,iML1515,NE_b0430,NE_b2262,non-essential,non-essential,ne_ne,0.876997,0.777614,0.876997,0.777614,0.886678,1.0,0.886678,0.113322,-0.0,0.113322,0.0,additive
E. coli,iML1515,NE_b0430,NE_b2599,non-essential,non-essential,ne_ne,0.876997,0.777614,0.0,0.0,0.886678,0.0,0.0,0.113322,1.0,1.0,0.0,additive
E. coli,iML1515,NE_b0430,NE_b4159,non-essential,non-essential,ne_ne,0.876997,0.777614,0.876997,0.777614,0.886678,1.0,0.886678,0.113322,-0.0,0.113322,0.0,additive
E. coli,iML1515,NE_b0430,NE_b3526,non-essential,non-essential,ne_ne,0.876997,0.777614,0.876997,0.777614,0.886678,1.0,0.886678,0.113322,-0.0,0.113322,0.0,additive
E. coli,iML1515,NE_b0430,NE_b1852,non-essential,non-essential,ne_ne,0.876997,0.777614,0.873398,0.776291,0.886678,0.995896,0.88517,0.113322,0.004104,0.11483,-0.002131,additive
E. coli,iML1515,NE_b0430,NE_b2528,non-essential,non-essential,ne_ne,0.876997,0.777614,0.876995,0.777612,0.886678,0.999998,0.886676,0.113322,2e-06,0.113324,0.0,additive
E. coli,iML1515,NE_b0430,NE_b3990,non-essential,non-essential,ne_ne,0.876997,0.777614,0.0,-0.0,0.886678,0.0,-0.0,0.113322,1.0,1.0,0.0,additive
E. coli,iML1515,NE_b0430,NE_b0261,non-essential,non-essential,ne_ne,0.876997,0.777614,0.876997,0.777614,0.886678,1.0,0.886678,0.113322,-0.0,0.113322,0.0,additive
E. coli,iML1515,NE_b0430,NE_b2676,non-essential,non-essential,ne_ne,0.876997,0.777614,0.876997,0.777614,0.886678,1.0,0.886678,0.113322,-0.0,0.113322,0.0,additive
E. coli,iML1515,NE_b3924,NE_b3733,non-essential,non-essential,ne_ne,0.876997,0.876909,0.284933,0.284933,0.9999,0.324896,0.324896,0.0001,0.675104,0.675104,-3.2e-05,additive
E. coli,iML1515,NE_b3924,NE_b1662,non-essential,non-essential,ne_ne,0.876997,0.876909,0.0,0.0,0.9999,0.0,0.0,0.0001,1.0,1.0,-0.0,additive
E. coli,iML1515,NE_b3924,NE_b3578,non-essential,non-essential,ne_ne,0.876997,0.876909,0.876997,0.876909,0.9999,1.0,0.9999,0.0001,-0.0,0.0001,-0.0,additive
E. coli,iML1515,NE_b3924,NE_b2262,non-essential,non-essential,ne_ne,0.876997,0.876909,0.876997,0.876909,0.9999,1.0,0.9999,0.0001,-0.0,0.0001,-0.0,additive
E. coli,iML1515,NE_b3924,NE_b2599,non-essential,non-essential,ne_ne,0.876997,0.876909,0.0,0.0,0.9999,0.0,0.0,0.0001,1.0,1.0,0.0,additive
E. coli,iML1515,NE_b3924,NE_b4159,non-essential,non-essential,ne_ne,0.876997,0.876909,0.876997,0.876909,0.9999,1.0,0.9999,0.0001,-0.0,0.0001,-0.0,additive
E. coli,iML1515,NE_b3924,NE_b3526,non-essential,non-essential,ne_ne,0.876997,0.876909,0.876997,0.876909,0.9999,1.0,0.9999,0.0001,-0.0,0.0001,-0.0,additive
E. coli,iML1515,NE_b3924,NE_b1852,non-essential,non-essential,ne_ne,0.876997,0.876909,0.873398,0.873228,0.9999,0.995896,0.995702,0.0001,0.004104,0.004298,9.5e-05,additive
E. coli,iML1515,NE_b3924,NE_b2528,non-essential,non-essential,ne_ne,0.876997,0.876909,0.876995,0.876908,0.9999,0.999998,0.999898,0.0001,2e-06,0.000102,-0.0,additive
E. coli,iML1515,NE_b3924,NE_b3990,non-essential,non-essential,ne_ne,0.876997,0.876909,0.0,-0.0,0.9999,0.0,-0.0,0.0001,1.0,1.0,0.0,additive
E. coli,iML1515,NE_b3924,NE_b0261,non-essential,non-essential,ne_ne,0.876997,0.876909,0.876997,0.876909,0.9999,1.0,0.9999,0.0001,-0.0,0.0001,-0.0,additive
E. coli,iML1515,NE_b3924,NE_b2676,non-essential,non-essential,ne_ne,0.876997,0.876909,0.876997,0.876909,0.9999,1.0,0.9999,0.0001,-0.0,0.0001,-0.0,additive
E. coli,iML1515,NE_b3733,NE_b1662,non-essential,non-essential,ne_ne,0.876997,0.284933,0.0,0.0,0.324896,0.0,0.0,0.675104,1.0,1.0,0.0,additive
E. coli,iML1515,NE_b3733,NE_b3578,non-essential,non-essential,ne_ne,0.876997,0.284933,0.876997,0.284933,0.324896,1.0,0.324896,0.675104,-0.0,0.675104,0.0,additive
E. coli,iML1515,NE_b3733,NE_b2262,non-essential,non-essential,ne_ne,0.876997,0.284933,0.876997,0.284933,0.324896,1.0,0.324896,0.675104,-0.0,0.675104,0.0,additive
E. coli,iML1515,NE_b3733,NE_b2599,non-essential,non-essential,ne_ne,0.876997,0.284933,0.0,0.0,0.324896,0.0,0.0,0.675104,1.0,1.0,0.0,additive
E. coli,iML1515,NE_b3733,NE_b4159,non-essential,non-essential,ne_ne,0.876997,0.284933,0.876997,0.284933,0.324896,1.0,0.324896,0.675104,-0.0,0.675104,0.0,additive
E. coli,iML1515,NE_b3733,NE_b3526,non-essential,non-essential,ne_ne,0.876997,0.284933,0.876997,0.284933,0.324896,1.0,0.324896,0.675104,-0.0,0.675104,0.0,additive
E. coli,iML1515,NE_b3733,NE_b1852,non-essential,non-essential,ne_ne,0.876997,0.284933,0.873398,0.284933,0.324896,0.995896,0.324896,0.675104,0.004104,0.675104,-0.001333,additive
E. coli,iML1515,NE_b3733,NE_b2528,non-essential,non-essential,ne_ne,0.876997,0.284933,0.876995,0.284932,0.324896,0.999998,0.324895,0.675104,2e-06,0.675105,1e-06,additive
E. coli,iML1515,NE_b3733,NE_b3990,non-essential,non-essential,ne_ne,0.876997,0.284933,0.0,-0.0,0.324896,0.0,-0.0,0.675104,1.0,1.0,0.0,additive
E. coli,iML1515,NE_b3733,NE_b0261,non-essential,non-essential,ne_ne,0.876997,0.284933,0.876997,0.284933,0.324896,1.0,0.324896,0.675104,-0.0,0.675104,0.0,additive
E. coli,iML1515,NE_b3733,NE_b2676,non-essential,non-essential,ne_ne,0.876997,0.284933,0.876997,0.284933,0.324896,1.0,0.324896,0.675104,-0.0,0.675104,0.0,additive
E. coli,iML1515,NE_b1662,NE_b3578,non-essential,non-essential,ne_ne,0.876997,0.0,0.876997,-0.0,0.0,1.0,-0.0,1.0,-0.0,1.0,0.0,additive
E. coli,iML1515,NE_b1662,NE_b2262,non-essential,non-essential,ne_ne,0.876997,0.0,0.876997,0.0,0.0,1.0,0.0,1.0,-0.0,1.0,0.0,additive
E. coli,iML1515,NE_b1662,NE_b2599,non-essential,non-essential,ne_ne,0.876997,0.0,0.0,0.0,0.0,0.0,0.0,1.0,1.0,1.0,0.0,additive
E. coli,iML1515,NE_b1662,NE_b4159,non-essential,non-essential,ne_ne,0.876997,0.0,0.876997,0.0,0.0,1.0,0.0,1.0,-0.0,1.0,0.0,additive
E. coli,iML1515,NE_b1662,NE_b3526,non-essential,non-essential,ne_ne,0.876997,0.0,0.876997,0.0,0.0,1.0,0.0,1.0,-0.0,1.0,0.0,additive
E. coli,iML1515,NE_b1662,NE_b1852,non-essential,non-essential,ne_ne,0.876997,0.0,0.873398,0.0,0.0,0.995896,0.0,1.0,0.004104,1.0,0.0,additive
E. coli,iML1515,NE_b1662,NE_b2528,non-essential,non-essential,ne_ne,0.876997,0.0,0.876995,0.0,0.0,0.999998,0.0,1.0,2e-06,1.0,0.0,additive
E. coli,iML1515,NE_b1662,NE_b3990,non-essential,non-essential,ne_ne,0.876997,0.0,0.0,0.0,0.0,0.0,0.0,1.0,1.0,1.0,0.0,additive
E. coli,iML1515,NE_b1662,NE_b0261,non-essential,non-essential,ne_ne,0.876997,0.0,0.876997,0.0,0.0,1.0,0.0,1.0,-0.0,1.0,0.0,additive
E. coli,iML1515,NE_b1662,NE_b2676,non-essential,non-essential,ne_ne,0.876997,0.0,0.876997,0.0,0.0,1.0,0.0,1.0,-0.0,1.0,0.0,additive
E. coli,iML1515,NE_b3578,NE_b2262,non-essential,non-essential,ne_ne,0.876997,0.876997,0.876997,0.876997,1.0,1.0,1.0,-0.0,-0.0,-0.0,0.0,additive
E. coli,iML1515,NE_b3578,NE_b2599,non-essential,non-essential,ne_ne,0.876997,0.876997,0.0,-0.0,1.0,0.0,-0.0,-0.0,1.0,1.0,0.0,additive
E. coli,iML1515,NE_b3578,NE_b4159,non-essential,non-essential,ne_ne,0.876997,0.876997,0.876997,0.876997,1.0,1.0,1.0,-0.0,-0.0,0.0,0.0,additive
E. coli,iML1515,NE_b3578,NE_b3526,non-essential,non-essential,ne_ne,0.876997,0.876997,0.876997,0.876997,1.0,1.0,1.0,-0.0,-0.0,-0.0,-0.0,additive
E. coli,iML1515,NE_b3578,NE_b1852,non-essential,non-essential,ne_ne,0.876997,0.876997,0.873398,0.873398,1.0,0.995896,0.995896,-0.0,0.004104,0.004104,-0.0,additive
E. coli,iML1515,NE_b3578,NE_b2528,non-essential,non-essential,ne_ne,0.876997,0.876997,0.876995,0.876995,1.0,0.999998,0.999998,-0.0,2e-06,2e-06,0.0,additive
E. coli,iML1515,NE_b3578,NE_b3990,non-essential,non-essential,ne_ne,0.876997,0.876997,0.0,-0.0,1.0,0.0,-0.0,-0.0,1.0,1.0,0.0,additive
E. coli,iML1515,NE_b3578,NE_b0261,non-essential,non-essential,ne_ne,0.876997,0.876997,0.876997,0.876997,1.0,1.0,1.0,-0.0,-0.0,-0.0,0.0,additive
E. coli,iML1515,NE_b3578,NE_b2676,non-essential,non-essential,ne_ne,0.876997,0.876997,0.876997,0.876997,1.0,1.0,1.0,-0.0,-0.0,-0.0,-0.0,additive
E. coli,iML1515,NE_b2262,NE_b2599,non-essential,non-essential,ne_ne,0.876997,0.876997,0.0,-0.0,1.0,0.0,-0.0,-0.0,1.0,1.0,0.0,additive
E. coli,iML1515,NE_b2262,NE_b4159,non-essential,non-essential,ne_ne,0.876997,0.876997,0.876997,0.876997,1.0,1.0,1.0,-0.0,-0.0,0.0,0.0,additive
E. coli,iML1515,NE_b2262,NE_b3526,non-essential,non-essential,ne_ne,0.876997,0.876997,0.876997,0.876997,1.0,1.0,1.0,-0.0,-0.0,-0.0,0.0,additive
E. coli,iML1515,NE_b2262,NE_b1852,non-essential,non-essential,ne_ne,0.876997,0.876997,0.873398,0.873398,1.0,0.995896,0.995896,-0.0,0.004104,0.004104,0.0,additive
E. coli,iML1515,NE_b2262,NE_b2528,non-essential,non-essential,ne_ne,0.876997,0.876997,0.876995,0.876995,1.0,0.999998,0.999998,-0.0,2e-06,2e-06,0.0,additive
E. coli,iML1515,NE_b2262,NE_b3990,non-essential,non-essential,ne_ne,0.876997,0.876997,0.0,-0.0,1.0,0.0,-0.0,-0.0,1.0,1.0,0.0,additive
E. coli,iML1515,NE_b2262,NE_b0261,non-essential,non-essential,ne_ne,0.876997,0.876997,0.876997,0.876997,1.0,1.0,1.0,-0.0,-0.0,-0.0,0.0,additive
E. coli,iML1515,NE_b2262,NE_b2676,non-essential,non-essential,ne_ne,0.876997,0.876997,0.876997,0.876997,1.0,1.0,1.0,-0.0,-0.0,-0.0,0.0,additive
E. coli,iML1515,NE_b2599,NE_b4159,non-essential,non-essential,ne_ne,0.876997,0.0,0.876997,-0.0,0.0,1.0,-0.0,1.0,-0.0,1.0,0.0,additive
E. coli,iML1515,NE_b2599,NE_b3526,non-essential,non-essential,ne_ne,0.876997,0.0,0.876997,0.0,0.0,1.0,0.0,1.0,-0.0,1.0,0.0,additive
E. coli,iML1515,NE_b2599,NE_b1852,non-essential,non-essential,ne_ne,0.876997,0.0,0.873398,0.0,0.0,0.995896,0.0,1.0,0.004104,1.0,0.0,additive
E. coli,iML1515,NE_b2599,NE_b2528,non-essential,non-essential,ne_ne,0.876997,0.0,0.876995,0.0,0.0,0.999998,0.0,1.0,2e-06,1.0,0.0,additive
E. coli,iML1515,NE_b2599,NE_b3990,non-essential,non-essential,ne_ne,0.876997,0.0,0.0,0.0,0.0,0.0,0.0,1.0,1.0,1.0,0.0,additive
E. coli,iML1515,NE_b2599,NE_b0261,non-essential,non-essential,ne_ne,0.876997,0.0,0.876997,0.0,0.0,1.0,0.0,1.0,-0.0,1.0,0.0,additive
E. coli,iML1515,NE_b2599,NE_b2676,non-essential,non-essential,ne_ne,0.876997,0.0,0.876997,0.0,0.0,1.0,0.0,1.0,-0.0,1.0,0.0,additive
E. coli,iML1515,NE_b4159,NE_b3526,non-essential,non-essential,ne_ne,0.876997,0.876997,0.876997,0.876997,1.0,1.0,1.0,-0.0,-0.0,0.0,0.0,additive
E. coli,iML1515,NE_b4159,NE_b1852,non-essential,non-essential,ne_ne,0.876997,0.876997,0.873398,0.873398,1.0,0.995896,0.995896,-0.0,0.004104,0.004104,0.0,additive
E. coli,iML1515,NE_b4159,NE_b2528,non-essential,non-essential,ne_ne,0.876997,0.876997,0.876995,0.876995,1.0,0.999998,0.999998,-0.0,2e-06,2e-06,-0.0,additive
E. coli,iML1515,NE_b4159,NE_b3990,non-essential,non-essential,ne_ne,0.876997,0.876997,0.0,-0.0,1.0,0.0,-0.0,-0.0,1.0,1.0,0.0,additive
E. coli,iML1515,NE_b4159,NE_b0261,non-essential,non-essential,ne_ne,0.876997,0.876997,0.876997,0.876997,1.0,1.0,1.0,-0.0,-0.0,-0.0,0.0,additive
E. coli,iML1515,NE_b4159,NE_b2676,non-essential,non-essential,ne_ne,0.876997,0.876997,0.876997,0.876997,1.0,1.0,1.0,-0.0,-0.0,-0.0,0.0,additive
E. coli,iML1515,NE_b3526,NE_b1852,non-essential,non-essential,ne_ne,0.876997,0.876997,0.873398,0.873398,1.0,0.995896,0.995896,-0.0,0.004104,0.004104,0.0,additive
E. coli,iML1515,NE_b3526,NE_b2528,non-essential,non-essential,ne_ne,0.876997,0.876997,0.876995,0.876995,1.0,0.999998,0.999998,-0.0,2e-06,2e-06,0.0,additive
E. coli,iML1515,NE_b3526,NE_b3990,non-essential,non-essential,ne_ne,0.876997,0.876997,0.0,-0.0,1.0,0.0,-0.0,-0.0,1.0,1.0,0.0,additive
E. coli,iML1515,NE_b3526,NE_b0261,non-essential,non-essential,ne_ne,0.876997,0.876997,0.876997,0.876997,1.0,1.0,1.0,-0.0,-0.0,-0.0,0.0,additive
E. coli,iML1515,NE_b3526,NE_b2676,non-essential,non-essential,ne_ne,0.876997,0.876997,0.876997,0.876997,1.0,1.0,1.0,-0.0,-0.0,-0.0,0.0,additive
E. coli,iML1515,NE_b1852,NE_b2528,non-essential,non-essential,ne_ne,0.876997,0.873398,0.876995,0.873396,0.995896,0.999998,0.995894,0.004104,2e-06,0.004106,-0.0,additive
E. coli,iML1515,NE_b1852,NE_b3990,non-essential,non-essential,ne_ne,0.876997,0.873398,0.0,-0.0,0.995896,0.0,-0.0,0.004104,1.0,1.0,0.0,additive
E. coli,iML1515,NE_b1852,NE_b0261,non-essential,non-essential,ne_ne,0.876997,0.873398,0.876997,0.873398,0.995896,1.0,0.995896,0.004104,-0.0,0.004104,0.0,additive
E. coli,iML1515,NE_b1852,NE_b2676,non-essential,non-essential,ne_ne,0.876997,0.873398,0.876997,0.873398,0.995896,1.0,0.995896,0.004104,-0.0,0.004104,0.0,additive
E. coli,iML1515,NE_b2528,NE_b3990,non-essential,non-essential,ne_ne,0.876997,0.876995,0.0,0.0,0.999998,0.0,0.0,2e-06,1.0,1.0,0.0,additive
E. coli,iML1515,NE_b2528,NE_b0261,non-essential,non-essential,ne_ne,0.876997,0.876995,0.876997,0.876995,0.999998,1.0,0.999998,2e-06,-0.0,2e-06,0.0,additive
E. coli,iML1515,NE_b2528,NE_b2676,non-essential,non-essential,ne_ne,0.876997,0.876995,0.876997,0.876995,0.999998,1.0,0.999998,2e-06,-0.0,2e-06,0.0,additive
E. coli,iML1515,NE_b3990,NE_b0261,non-essential,non-essential,ne_ne,0.876997,0.0,0.876997,0.0,0.0,1.0,0.0,1.0,-0.0,1.0,0.0,additive
E. coli,iML1515,NE_b3990,NE_b2676,non-essential,non-essential,ne_ne,0.876997,0.0,0.876997,0.0,0.0,1.0,0.0,1.0,-0.0,1.0,0.0,additive
E. coli,iML1515,NE_b0261,NE_b2676,non-essential,non-essential,ne_ne,0.876997,0.876997,0.876997,0.876997,1.0,1.0,1.0,-0.0,-0.0,-0.0,0.0,additive
S. aureus,iYS1720,murA,murB,essential,essential,ess_ess,0.488455,0.0,0.0,0.0,0.0,0.0,0.0,1.0,1.0,1.0,-0.0,additive
S. aureus,iYS1720,murA,murC,essential,essential,ess_ess,0.488455,0.0,0.0,0.0,0.0,0.0,0.0,1.0,1.0,1.0,0.0,additive
S. aureus,iYS1720,murA,murD,essential,essential,ess_ess,0.488455,0.0,0.0,0.0,0.0,0.0,0.0,1.0,1.0,1.0,0.0,additive
S. aureus,iYS1720,murA,murE,essential,essential,ess_ess,0.488455,0.0,0.0,0.0,0.0,0.0,0.0,1.0,1.0,1.0,0.0,additive
S. aureus,iYS1720,murA,murF,essential,essential,ess_ess,0.488455,0.0,0.0,0.0,0.0,0.0,0.0,1.0,1.0,1.0,0.0,additive
S. aureus,iYS1720,murA,lpxA,essential,essential,ess_ess,0.488455,0.0,0.0,0.0,0.0,0.0,0.0,1.0,1.0,1.0,0.0,additive
S. aureus,iYS1720,murA,lpxB,essential,essential,ess_ess,0.488455,0.0,0.0,0.0,0.0,0.0,0.0,1.0,1.0,1.0,0.0,additive
S. aureus,iYS1720,murA,lpxC,essential,essential,ess_ess,0.488455,0.0,0.0,0.0,0.0,0.0,0.0,1.0,1.0,1.0,0.0,additive
S. aureus,iYS1720,murA,lpxD,essential,essential,ess_ess,0.488455,0.0,0.0,0.0,0.0,0.0,0.0,1.0,1.0,1.0,0.0,additive
S. aureus,iYS1720,murA,fabI,essential,essential,ess_ess,0.488455,0.0,0.0,0.0,0.0,0.0,0.0,1.0,1.0,1.0,0.0,additive
S. aureus,iYS1720,murA,fabH,essential,essential,ess_ess,0.488455,0.0,0.488455,0.0,0.0,1.0,0.0,1.0,0.0,1.0,0.0,additive
S. aureus,iYS1720,murA,accA,essential,essential,ess_ess,0.488455,0.0,0.0,0.0,0.0,0.0,0.0,1.0,1.0,1.0,0.0,additive
S. aureus,iYS1720,murA,folA,essential,essential,ess_ess,0.488455,0.0,0.0,0.0,0.0,0.0,0.0,1.0,1.0,1.0,0.0,additive
S. aureus,iYS1720,murA,folP,essential,essential,ess_ess,0.488455,0.0,0.0,0.0,0.0,0.0,0.0,1.0,1.0,1.0,0.0,additive
S. aureus,iYS1720,murA,dxr,essential,essential,ess_ess,0.488455,0.0,0.488455,0.0,0.0,1.0,0.0,1.0,-0.0,1.0,0.0,additive
S. aureus,iYS1720,murA,ispD,essential,essential,ess_ess,0.488455,0.0,0.488455,0.0,0.0,1.0,0.0,1.0,0.0,1.0,0.0,additive
S. aureus,iYS1720,murA,msbA,essential,essential,ess_ess,0.488455,0.0,0.0,0.0,0.0,0.0,0.0,1.0,1.0,1.0,0.0,additive
S. aureus,iYS1720,murA,NE_STM3136,essential,non-essential,ess_ne,0.488455,0.0,0.488455,0.0,0.0,1.0,0.0,1.0,0.0,1.0,0.0,additive
S. aureus,iYS1720,murA,NE_AFW04865_AT1,essential,non-essential,ess_ne,0.488455,0.0,0.488455,0.0,0.0,1.0,0.0,1.0,0.0,1.0,0.0,additive
S. aureus,iYS1720,murA,NE_STM2318,essential,non-essential,ess_ne,0.488455,0.0,0.416398,0.0,0.0,0.852481,0.0,1.0,0.147519,1.0,0.0,additive
S. aureus,iYS1720,murA,NE_EcDH1_3345,essential,non-essential,ess_ne,0.488455,0.0,0.488455,0.0,0.0,1.0,0.0,1.0,0.0,1.0,0.0,additive
S. aureus,iYS1720,murA,NE_STM2078,essential,non-essential,ess_ne,0.488455,0.0,0.0,0.0,0.0,0.0,0.0,1.0,1.0,1.0,0.0,additive
S. aureus,iYS1720,murA,NE_STM1517,essential,non-essential,ess_ne,0.488455,0.0,0.488455,0.0,0.0,1.0,0.0,1.0,0.0,1.0,0.0,additive
S. aureus,iYS1720,murA,NE_AFW04829_AT1,essential,non-essential,ess_ne,0.488455,0.0,0.488455,0.0,0.0,1.0,0.0,1.0,0.0,1.0,0.0,additive
S. aureus,iYS1720,murA,NE_STM3542,essential,non-essential,ess_ne,0.488455,0.0,0.488455,0.0,0.0,1.0,0.0,1.0,0.0,1.0,0.0,additive
S. aureus,iYS1720,murA,NE_STM3243,essential,non-essential,ess_ne,0.488455,0.0,0.488455,0.0,0.0,1.0,0.0,1.0,0.0,1.0,0.0,additive
S. aureus,iYS1720,murA,NE_STM3338,essential,non-essential,ess_ne,0.488455,0.0,0.488455,0.0,0.0,1.0,0.0,1.0,0.0,1.0,0.0,additive
S. aureus,iYS1720,murA,NE_STM4385,essential,non-essential,ess_ne,0.488455,0.0,0.488455,0.0,0.0,1.0,0.0,1.0,0.0,1.0,0.0,additive
S. aureus,iYS1720,murA,NE_STM1293,essential,non-essential,ess_ne,0.488455,0.0,0.488455,0.0,0.0,1.0,0.0,1.0,0.0,1.0,0.0,additive
S. aureus,iYS1720,murA,NE_STM1197,essential,non-essential,ess_ne,0.488455,0.0,0.0,0.0,0.0,0.0,0.0,1.0,1.0,1.0,0.0,additive
S. aureus,iYS1720,murA,NE_STM3354,essential,non-essential,ess_ne,0.488455,0.0,0.488455,0.0,0.0,1.0,0.0,1.0,0.0,1.0,0.0,additive
S. aureus,iYS1720,murA,NE_STM3339,essential,non-essential,ess_ne,0.488455,0.0,0.488455,0.0,0.0,1.0,0.0,1.0,0.0,1.0,0.0,additive
S. aureus,iYS1720,murA,NE_STM2298,essential,non-essential,ess_ne,0.488455,0.0,0.488455,0.0,0.0,1.0,0.0,1.0,0.0,1.0,0.0,additive
S. aureus,iYS1720,murA,NE_STM4130,essential,non-essential,ess_ne,0.488455,0.0,0.488455,0.0,0.0,1.0,0.0,1.0,0.0,1.0,0.0,additive
S. aureus,iYS1720,murA,NE_STM0958,essential,non-essential,ess_ne,0.488455,0.0,0.488455,0.0,0.0,1.0,0.0,1.0,0.0,1.0,0.0,additive
S. aureus,iYS1720,murA,NE_EcolC_0220,essential,non-essential,ess_ne,0.488455,0.0,0.488455,0.0,0.0,1.0,0.0,1.0,0.0,1.0,0.0,additive
S. aureus,iYS1720,murA,NE_STM2086,essential,non-essential,ess_ne,0.488455,0.0,0.488455,0.0,0.0,1.0,0.0,1.0,0.0,1.0,0.0,additive
S. aureus,iYS1720,murA,NE_STM4341,essential,non-essential,ess_ne,0.488455,0.0,0.488455,0.0,0.0,1.0,0.0,1.0,0.0,1.0,0.0,additive
S. aureus,iYS1720,murA,NE_STM0464,essential,non-essential,ess_ne,0.488455,0.0,0.486139,0.0,0.0,0.995259,0.0,1.0,0.004741,1.0,0.0,additive
S. aureus,iYS1720,murA,NE_STM2533,essential,non-essential,ess_ne,0.488455,0.0,0.488455,0.0,0.0,1.0,0.0,1.0,0.0,1.0,0.0,additive
S. aureus,iYS1720,murA,NE_STM4408,essential,non-essential,ess_ne,0.488455,0.0,0.488455,0.0,0.0,1.0,0.0,1.0,0.0,1.0,0.0,additive
S. aureus,iYS1720,murA,NE_AFW04739_AT1,essential,non-essential,ess_ne,0.488455,0.0,0.488455,0.0,0.0,1.0,0.0,1.0,0.0,1.0,0.0,additive
S. aureus,iYS1720,murA,NE_ADC54981_AT1,essential,non-essential,ess_ne,0.488455,0.0,0.488455,0.0,0.0,1.0,0.0,1.0,0.0,1.0,0.0,additive
S. aureus,iYS1720,murA,NE_STM2094,essential,non-essential,ess_ne,0.488455,0.0,0.488455,0.0,0.0,1.0,0.0,1.0,0.0,1.0,0.0,additive
S. aureus,iYS1720,murA,NE_STM3334,essential,non-essential,ess_ne,0.488455,0.0,0.488455,0.0,0.0,1.0,0.0,1.0,0.0,1.0,0.0,additive
S. aureus,iYS1720,murA,NE_STM1695,essential,non-essential,ess_ne,0.488455,0.0,0.488455,0.0,0.0,1.0,0.0,1.0,0.0,1.0,0.0,additive
S. aureus,iYS1720,murA,NE_STM3870,essential,non-essential,ess_ne,0.488455,0.0,0.118007,0.0,0.0,0.241593,0.0,1.0,0.758407,1.0,0.0,additive
S. aureus,iYS1720,murB,murC,essential,essential,ess_ess,0.488455,0.0,0.0,0.0,0.0,0.0,0.0,1.0,1.0,1.0,0.0,additive
S. aureus,iYS1720,murB,murD,essential,essential,ess_ess,0.488455,0.0,0.0,0.0,0.0,0.0,0.0,1.0,1.0,1.0,0.0,additive
S. aureus,iYS1720,murB,murE,essential,essential,ess_ess,0.488455,0.0,0.0,0.0,0.0,0.0,0.0,1.0,1.0,1.0,0.0,additive
S. aureus,iYS1720,murB,murF,essential,essential,ess_ess,0.488455,0.0,0.0,0.0,0.0,0.0,0.0,1.0,1.0,1.0,0.0,additive
S. aureus,iYS1720,murB,lpxA,essential,essential,ess_ess,0.488455,0.0,0.0,0.0,0.0,0.0,0.0,1.0,1.0,1.0,0.0,additive
S. aureus,iYS1720,murB,lpxB,essential,essential,ess_ess,0.488455,0.0,0.0,0.0,0.0,0.0,0.0,1.0,1.0,1.0,0.0,additive
S. aureus,iYS1720,murB,lpxC,essential,essential,ess_ess,0.488455,0.0,0.0,0.0,0.0,0.0,0.0,1.0,1.0,1.0,0.0,additive
S. aureus,iYS1720,murB,lpxD,essential,essential,ess_ess,0.488455,0.0,0.0,0.0,0.0,0.0,0.0,1.0,1.0,1.0,0.0,additive
S. aureus,iYS1720,murB,fabI,essential,essential,ess_ess,0.488455,0.0,0.0,0.0,0.0,0.0,0.0,1.0,1.0,1.0,0.0,additive
S. aureus,iYS1720,murB,fabH,essential,essential,ess_ess,0.488455,0.0,0.488455,0.0,0.0,1.0,0.0,1.0,0.0,1.0,0.0,additive
S. aureus,iYS1720,murB,accA,essential,essential,ess_ess,0.488455,0.0,0.0,0.0,0.0,0.0,0.0,1.0,1.0,1.0,0.0,additive
S. aureus,iYS1720,murB,folA,essential,essential,ess_ess,0.488455,0.0,0.0,0.0,0.0,0.0,0.0,1.0,1.0,1.0,0.0,additive
S. aureus,iYS1720,murB,folP,essential,essential,ess_ess,0.488455,0.0,0.0,0.0,0.0,0.0,0.0,1.0,1.0,1.0,0.0,additive
S. aureus,iYS1720,murB,dxr,essential,essential,ess_ess,0.488455,0.0,0.488455,0.0,0.0,1.0,0.0,1.0,-0.0,1.0,0.0,additive
S. aureus,iYS1720,murB,ispD,essential,essential,ess_ess,0.488455,0.0,0.488455,0.0,0.0,1.0,0.0,1.0,0.0,1.0,0.0,additive
S. aureus,iYS1720,murB,msbA,essential,essential,ess_ess,0.488455,0.0,0.0,0.0,0.0,0.0,0.0,1.0,1.0,1.0,0.0,additive
S. aureus,iYS1720,murB,NE_STM3136,essential,non-essential,ess_ne,0.488455,0.0,0.488455,0.0,0.0,1.0,0.0,1.0,0.0,1.0,0.0,additive
S. aureus,iYS1720,murB,NE_AFW04865_AT1,essential,non-essential,ess_ne,0.488455,0.0,0.488455,0.0,0.0,1.0,0.0,1.0,0.0,1.0,0.0,additive
S. aureus,iYS1720,murB,NE_STM2318,essential,non-essential,ess_ne,0.488455,0.0,0.416398,0.0,0.0,0.852481,0.0,1.0,0.147519,1.0,0.0,additive
S. aureus,iYS1720,murB,NE_EcDH1_3345,essential,non-essential,ess_ne,0.488455,0.0,0.488455,0.0,0.0,1.0,0.0,1.0,0.0,1.0,0.0,additive
S. aureus,iYS1720,murB,NE_STM2078,essential,non-essential,ess_ne,0.488455,0.0,0.0,0.0,0.0,0.0,0.0,1.0,1.0,1.0,0.0,additive
S. aureus,iYS1720,murB,NE_STM1517,essential,non-essential,ess_ne,0.488455,0.0,0.488455,0.0,0.0,1.0,0.0,1.0,0.0,1.0,0.0,additive
S. aureus,iYS1720,murB,NE_AFW04829_AT1,essential,non-essential,ess_ne,0.488455,0.0,0.488455,0.0,0.0,1.0,0.0,1.0,0.0,1.0,0.0,additive
S. aureus,iYS1720,murB,NE_STM3542,essential,non-essential,ess_ne,0.488455,0.0,0.488455,0.0,0.0,1.0,0.0,1.0,0.0,1.0,0.0,additive
S. aureus,iYS1720,murB,NE_STM3243,essential,non-essential,ess_ne,0.488455,0.0,0.488455,0.0,0.0,1.0,0.0,1.0,0.0,1.0,0.0,additive
S. aureus,iYS1720,murB,NE_STM3338,essential,non-essential,ess_ne,0.488455,0.0,0.488455,0.0,0.0,1.0,0.0,1.0,0.0,1.0,0.0,additive
S. aureus,iYS1720,murB,NE_STM4385,essential,non-essential,ess_ne,0.488455,0.0,0.488455,0.0,0.0,1.0,0.0,1.0,0.0,1.0,0.0,additive
S. aureus,iYS1720,murB,NE_STM1293,essential,non-essential,ess_ne,0.488455,0.0,0.488455,0.0,0.0,1.0,0.0,1.0,0.0,1.0,0.0,additive
S. aureus,iYS1720,murB,NE_STM1197,essential,non-essential,ess_ne,0.488455,0.0,0.0,0.0,0.0,0.0,0.0,1.0,1.0,1.0,0.0,additive
S. aureus,iYS1720,murB,NE_STM3354,essential,non-essential,ess_ne,0.488455,0.0,0.488455,0.0,0.0,1.0,0.0,1.0,0.0,1.0,0.0,additive
S. aureus,iYS1720,murB,NE_STM3339,essential,non-essential,ess_ne,0.488455,0.0,0.488455,0.0,0.0,1.0,0.0,1.0,0.0,1.0,0.0,additive
S. aureus,iYS1720,murB,NE_STM2298,essential,non-essential,ess_ne,0.488455,0.0,0.488455,0.0,0.0,1.0,0.0,1.0,0.0,1.0,0.0,additive
S. aureus,iYS1720,murB,NE_STM4130,essential,non-essential,ess_ne,0.488455,0.0,0.488455,0.0,0.0,1.0,0.0,1.0,0.0,1.0,0.0,additive
S. aureus,iYS1720,murB,NE_STM0958,essential,non-essential,ess_ne,0.488455,0.0,0.488455,0.0,0.0,1.0,0.0,1.0,0.0,1.0,0.0,additive
S. aureus,iYS1720,murB,NE_EcolC_0220,essential,non-essential,ess_ne,0.488455,0.0,0.488455,0.0,0.0,1.0,0.0,1.0,0.0,1.0,0.0,additive
S. aureus,iYS1720,murB,NE_STM2086,essential,non-essential,ess_ne,0.488455,0.0,0.488455,0.0,0.0,1.0,0.0,1.0,0.0,1.0,0.0,additive
S. aureus,iYS1720,murB,NE_STM4341,essential,non-essential,ess_ne,0.488455,0.0,0.488455,0.0,0.0,1.0,0.0,1.0,0.0,1.0,0.0,additive
S. aureus,iYS1720,murB,NE_STM0464,essential,non-essential,ess_ne,0.488455,0.0,0.486139,0.0,0.0,0.995259,0.0,1.0,0.004741,1.0,0.0,additive
S. aureus,iYS1720,murB,NE_STM2533,essential,non-essential,ess_ne,0.488455,0.0,0.488455,0.0,0.0,1.0,0.0,1.0,0.0,1.0,0.0,additive
S. aureus,iYS1720,murB,NE_STM4408,essential,non-essential,ess_ne,0.488455,0.0,0.488455,0.0,0.0,1.0,0.0,1.0,0.0,1.0,0.0,additive
S. aureus,iYS1720,murB,NE_AFW04739_AT1,essential,non-essential,ess_ne,0.488455,0.0,0.488455,0.0,0.0,1.0,0.0,1.0,0.0,1.0,0.0,additive
S. aureus,iYS1720,murB,NE_ADC54981_AT1,essential,non-essential,ess_ne,0.488455,0.0,0.488455,0.0,0.0,1.0,0.0,1.0,0.0,1.0,0.0,additive
S. aureus,iYS1720,murB,NE_STM2094,essential,non-essential,ess_ne,0.488455,0.0,0.488455,0.0,0.0,1.0,0.0,1.0,0.0,1.0,0.0,additive
S. aureus,iYS1720,murB,NE_STM3334,essential,non-essential,ess_ne,0.488455,0.0,0.488455,0.0,0.0,1.0,0.0,1.0,0.0,1.0,0.0,additive
S. aureus,iYS1720,murB,NE_STM1695,essential,non-essential,ess_ne,0.488455,0.0,0.488455,0.0,0.0,1.0,0.0,1.0,0.0,1.0,0.0,additive
S. aureus,iYS1720,murB,NE_STM3870,essential,non-essential,ess_ne,0.488455,0.0,0.118007,0.0,0.0,0.241593,0.0,1.0,0.758407,1.0,0.0,additive
S. aureus,iYS1720,murC,murD,essential,essential,ess_ess,0.488455,0.0,0.0,0.0,0.0,0.0,0.0,1.0,1.0,1.0,0.0,additive
S. aureus,iYS1720,murC,murE,essential,essential,ess_ess,0.488455,0.0,0.0,0.0,0.0,0.0,0.0,1.0,1.0,1.0,0.0,additive
S. aureus,iYS1720,murC,murF,essential,essential,ess_ess,0.488455,0.0,0.0,0.0,0.0,0.0,0.0,1.0,1.0,1.0,0.0,additive
S. aureus,iYS1720,murC,lpxA,essential,essential,ess_ess,0.488455,0.0,0.0,0.0,0.0,0.0,0.0,1.0,1.0,1.0,0.0,additive
S. aureus,iYS1720,murC,lpxB,essential,essential,ess_ess,0.488455,0.0,0.0,0.0,0.0,0.0,0.0,1.0,1.0,1.0,0.0,additive
S. aureus,iYS1720,murC,lpxC,essential,essential,ess_ess,0.488455,0.0,0.0,0.0,0.0,0.0,0.0,1.0,1.0,1.0,0.0,additive
S. aureus,iYS1720,murC,lpxD,essential,essential,ess_ess,0.488455,0.0,0.0,0.0,0.0,0.0,0.0,1.0,1.0,1.0,0.0,additive
S. aureus,iYS1720,murC,fabI,essential,essential,ess_ess,0.488455,0.0,0.0,0.0,0.0,0.0,0.0,1.0,1.0,1.0,0.0,additive
S. aureus,iYS1720,murC,fabH,essential,essential,ess_ess,0.488455,0.0,0.488455,0.0,0.0,1.0,0.0,1.0,0.0,1.0,0.0,additive
S. aureus,iYS1720,murC,accA,essential,essential,ess_ess,0.488455,0.0,0.0,0.0,0.0,0.0,0.0,1.0,1.0,1.0,0.0,additive
S. aureus,iYS1720,murC,folA,essential,essential,ess_ess,0.488455,0.0,0.0,0.0,0.0,0.0,0.0,1.0,1.0,1.0,0.0,additive
S. aureus,iYS1720,murC,folP,essential,essential,ess_ess,0.488455,0.0,0.0,0.0,0.0,0.0,0.0,1.0,1.0,1.0,0.0,additive
S. aureus,iYS1720,murC,dxr,essential,essential,ess_ess,0.488455,0.0,0.488455,0.0,0.0,1.0,0.0,1.0,-0.0,1.0,0.0,additive
S. aureus,iYS1720,murC,ispD,essential,essential,ess_ess,0.488455,0.0,0.488455,0.0,0.0,1.0,0.0,1.0,0.0,1.0,0.0,additive
S. aureus,iYS1720,murC,msbA,essential,essential,ess_ess,0.488455,0.0,0.0,0.0,0.0,0.0,0.0,1.0,1.0,1.0,0.0,additive
S. aureus,iYS1720,murC,NE_STM3136,essential,non-essential,ess_ne,0.488455,0.0,0.488455,0.0,0.0,1.0,0.0,1.0,0.0,1.0,0.0,additive
S. aureus,iYS1720,murC,NE_AFW04865_AT1,essential,non-essential,ess_ne,0.488455,0.0,0.488455,0.0,0.0,1.0,0.0,1.0,0.0,1.0,0.0,additive
S. aureus,iYS1720,murC,NE_STM2318,essential,non-essential,ess_ne,0.488455,0.0,0.416398,0.0,0.0,0.852481,0.0,1.0,0.147519,1.0,0.0,additive
S. aureus,iYS1720,murC,NE_EcDH1_3345,essential,non-essential,ess_ne,0.488455,0.0,0.488455,0.0,0.0,1.0,0.0,1.0,0.0,1.0,0.0,additive
S. aureus,iYS1720,murC,NE_STM2078,essential,non-essential,ess_ne,0.488455,0.0,0.0,0.0,0.0,0.0,0.0,1.0,1.0,1.0,0.0,additive
S. aureus,iYS1720,murC,NE_STM1517,essential,non-essential,ess_ne,0.488455,0.0,0.488455,0.0,0.0,1.0,0.0,1.0,0.0,1.0,0.0,additive
S. aureus,iYS1720,murC,NE_AFW04829_AT1,essential,non-essential,ess_ne,0.488455,0.0,0.488455,0.0,0.0,1.0,0.0,1.0,0.0,1.0,0.0,additive
S. aureus,iYS1720,murC,NE_STM3542,essential,non-essential,ess_ne,0.488455,0.0,0.488455,0.0,0.0,1.0,0.0,1.0,0.0,1.0,0.0,additive
S. aureus,iYS1720,murC,NE_STM3243,essential,non-essential,ess_ne,0.488455,0.0,0.488455,0.0,0.0,1.0,0.0,1.0,0.0,1.0,0.0,additive
S. aureus,iYS1720,murC,NE_STM3338,essential,non-essential,ess_ne,0.488455,0.0,0.488455,0.0,0.0,1.0,0.0,1.0,0.0,1.0,0.0,additive
S. aureus,iYS1720,murC,NE_STM4385,essential,non-essential,ess_ne,0.488455,0.0,0.488455,0.0,0.0,1.0,0.0,1.0,0.0,1.0,0.0,additive
S. aureus,iYS1720,murC,NE_STM1293,essential,non-essential,ess_ne,0.488455,0.0,0.488455,0.0,0.0,1.0,0.0,1.0,0.0,1.0,0.0,additive
S. aureus,iYS1720,murC,NE_STM1197,essential,non-essential,ess_ne,0.488455,0.0,0.0,0.0,0.0,0.0,0.0,1.0,1.0,1.0,0.0,additive
S. aureus,iYS1720,murC,NE_STM3354,essential,non-essential,ess_ne,0.488455,0.0,0.488455,0.0,0.0,1.0,0.0,1.0,0.0,1.0,0.0,additive
S. aureus,iYS1720,murC,NE_STM3339,essential,non-essential,ess_ne,0.488455,0.0,0.488455,0.0,0.0,1.0,0.0,1.0,0.0,1.0,0.0,additive
S. aureus,iYS1720,murC,NE_STM2298,essential,non-essential,ess_ne,0.488455,0.0,0.488455,0.0,0.0,1.0,0.0,1.0,0.0,1.0,0.0,additive
S. aureus,iYS1720,murC,NE_STM4130,essential,non-essential,ess_ne,0.488455,0.0,0.488455,0.0,0.0,1.0,0.0,1.0,0.0,1.0,0.0,additive
S. aureus,iYS1720,murC,NE_STM0958,essential,non-essential,ess_ne,0.488455,0.0,0.488455,0.0,0.0,1.0,0.0,1.0,0.0,1.0,0.0,additive
S. aureus,iYS1720,murC,NE_EcolC_0220,essential,non-essential,ess_ne,0.488455,0.0,0.488455,0.0,0.0,1.0,0.0,1.0,0.0,1.0,0.0,additive
S. aureus,iYS1720,murC,NE_STM2086,essential,non-essential,ess_ne,0.488455,0.0,0.488455,0.0,0.0,1.0,0.0,1.0,0.0,1.0,0.0,additive
S. aureus,iYS1720,murC,NE_STM4341,essential,non-essential,ess_ne,0.488455,0.0,0.488455,0.0,0.0,1.0,0.0,1.0,0.0,1.0,0.0,additive
S. aureus,iYS1720,murC,NE_STM0464,essential,non-essential,ess_ne,0.488455,0.0,0.486139,0.0,0.0,0.995259,0.0,1.0,0.004741,1.0,0.0,additive
S. aureus,iYS1720,murC,NE_STM2533,essential,non-essential,ess_ne,0.488455,0.0,0.488455,0.0,0.0,1.0,0.0,1.0,0.0,1.0,0.0,additive
S. aureus,iYS1720,murC,NE_STM4408,essential,non-essential,ess_ne,0.488455,0.0,0.488455,0.0,0.0,1.0,0.0,1.0,0.0,1.0,0.0,additive
S. aureus,iYS1720,murC,NE_AFW04739_AT1,essential,non-essential,ess_ne,0.488455,0.0,0.488455,0.0,0.0,1.0,0.0,1.0,0.0,1.0,0.0,additive
S. aureus,iYS1720,murC,NE_ADC54981_AT1,essential,non-essential,ess_ne,0.488455,0.0,0.488455,0.0,0.0,1.0,0.0,1.0,0.0,1.0,0.0,additive
S. aureus,iYS1720,murC,NE_STM2094,essential,non-essential,ess_ne,0.488455,0.0,0.488455,0.0,0.0,1.0,0.0,1.0,0.0,1.0,0.0,additive
S. aureus,iYS1720,murC,NE_STM3334,essential,non-essential,ess_ne,0.488455,0.0,0.488455,0.0,0.0,1.0,0.0,1.0,0.0,1.0,0.0,additive
S. aureus,iYS1720,murC,NE_STM1695,essential,non-essential,ess_ne,0.488455,0.0,0.488455,0.0,0.0,1.0,0.0,1.0,0.0,1.0,0.0,additive
S. aureus,iYS1720,murC,NE_STM3870,essential,non-essential,ess_ne,0.488455,0.0,0.118007,0.0,0.0,0.241593,0.0,1.0,0.758407,1.0,0.0,additive
S. aureus,iYS1720,murD,murE,essential,essential,ess_ess,0.488455,0.0,0.0,0.0,0.0,0.0,0.0,1.0,1.0,1.0,0.0,additive
S. aureus,iYS1720,murD,murF,essential,essential,ess_ess,0.488455,0.0,0.0,0.0,0.0,0.0,0.0,1.0,1.0,1.0,0.0,additive
S. aureus,iYS1720,murD,lpxA,essential,essential,ess_ess,0.488455,0.0,0.0,0.0,0.0,0.0,0.0,1.0,1.0,1.0,0.0,additive
S. aureus,iYS1720,murD,lpxB,essential,essential,ess_ess,0.488455,0.0,0.0,0.0,0.0,0.0,0.0,1.0,1.0,1.0,0.0,additive
S. aureus,iYS1720,murD,lpxC,essential,essential,ess_ess,0.488455,0.0,0.0,0.0,0.0,0.0,0.0,1.0,1.0,1.0,0.0,additive
S. aureus,iYS1720,murD,lpxD,essential,essential,ess_ess,0.488455,0.0,0.0,0.0,0.0,0.0,0.0,1.0,1.0,1.0,0.0,additive
S. aureus,iYS1720,murD,fabI,essential,essential,ess_ess,0.488455,0.0,0.0,0.0,0.0,0.0,0.0,1.0,1.0,1.0,0.0,additive
S. aureus,iYS1720,murD,fabH,essential,essential,ess_ess,0.488455,0.0,0.488455,0.0,0.0,1.0,0.0,1.0,0.0,1.0,0.0,additive
S. aureus,iYS1720,murD,accA,essential,essential,ess_ess,0.488455,0.0,0.0,0.0,0.0,0.0,0.0,1.0,1.0,1.0,0.0,additive
S. aureus,iYS1720,murD,folA,essential,essential,ess_ess,0.488455,0.0,0.0,0.0,0.0,0.0,0.0,1.0,1.0,1.0,0.0,additive
S. aureus,iYS1720,murD,folP,essential,essential,ess_ess,0.488455,0.0,0.0,0.0,0.0,0.0,0.0,1.0,1.0,1.0,0.0,additive
S. aureus,iYS1720,murD,dxr,essential,essential,ess_ess,0.488455,0.0,0.488455,0.0,0.0,1.0,0.0,1.0,-0.0,1.0,0.0,additive
S. aureus,iYS1720,murD,ispD,essential,essential,ess_ess,0.488455,0.0,0.488455,0.0,0.0,1.0,0.0,1.0,0.0,1.0,0.0,additive
S. aureus,iYS1720,murD,msbA,essential,essential,ess_ess,0.488455,0.0,0.0,0.0,0.0,0.0,0.0,1.0,1.0,1.0,0.0,additive
S. aureus,iYS1720,murD,NE_STM3136,essential,non-essential,ess_ne,0.488455,0.0,0.488455,0.0,0.0,1.0,0.0,1.0,0.0,1.0,0.0,additive
S. aureus,iYS1720,murD,NE_AFW04865_AT1,essential,non-essential,ess_ne,0.488455,0.0,0.488455,0.0,0.0,1.0,0.0,1.0,0.0,1.0,0.0,additive
S. aureus,iYS1720,murD,NE_STM2318,essential,non-essential,ess_ne,0.488455,0.0,0.416398,0.0,0.0,0.852481,0.0,1.0,0.147519,1.0,0.0,additive
S. aureus,iYS1720,murD,NE_EcDH1_3345,essential,non-essential,ess_ne,0.488455,0.0,0.488455,0.0,0.0,1.0,0.0,1.0,0.0,1.0,0.0,additive
S. aureus,iYS1720,murD,NE_STM2078,essential,non-essential,ess_ne,0.488455,0.0,0.0,0.0,0.0,0.0,0.0,1.0,1.0,1.0,0.0,additive
S. aureus,iYS1720,murD,NE_STM1517,essential,non-essential,ess_ne,0.488455,0.0,0.488455,0.0,0.0,1.0,0.0,1.0,0.0,1.0,0.0,additive
S. aureus,iYS1720,murD,NE_AFW04829_AT1,essential,non-essential,ess_ne,0.488455,0.0,0.488455,0.0,0.0,1.0,0.0,1.0,0.0,1.0,0.0,additive
S. aureus,iYS1720,murD,NE_STM3542,essential,non-essential,ess_ne,0.488455,0.0,0.488455,0.0,0.0,1.0,0.0,1.0,0.0,1.0,0.0,additive
S. aureus,iYS1720,murD,NE_STM3243,essential,non-essential,ess_ne,0.488455,0.0,0.488455,0.0,0.0,1.0,0.0,1.0,0.0,1.0,0.0,additive
S. aureus,iYS1720,murD,NE_STM3338,essential,non-essential,ess_ne,0.488455,0.0,0.488455,0.0,0.0,1.0,0.0,1.0,0.0,1.0,0.0,additive
S. aureus,iYS1720,murD,NE_STM4385,essential,non-essential,ess_ne,0.488455,0.0,0.488455,0.0,0.0,1.0,0.0,1.0,0.0,1.0,0.0,additive
S. aureus,iYS1720,murD,NE_STM1293,essential,non-essential,ess_ne,0.488455,0.0,0.488455,0.0,0.0,1.0,0.0,1.0,0.0,1.0,0.0,additive
S. aureus,iYS1720,murD,NE_STM1197,essential,non-essential,ess_ne,0.488455,0.0,0.0,0.0,0.0,0.0,0.0,1.0,1.0,1.0,0.0,additive
S. aureus,iYS1720,murD,NE_STM3354,essential,non-essential,ess_ne,0.488455,0.0,0.488455,0.0,0.0,1.0,0.0,1.0,0.0,1.0,0.0,additive
S. aureus,iYS1720,murD,NE_STM3339,essential,non-essential,ess_ne,0.488455,0.0,0.488455,0.0,0.0,1.0,0.0,1.0,0.0,1.0,0.0,additive
S. aureus,iYS1720,murD,NE_STM2298,essential,non-essential,ess_ne,0.488455,0.0,0.488455,0.0,0.0,1.0,0.0,1.0,0.0,1.0,0.0,additive
S. aureus,iYS1720,murD,NE_STM4130,essential,non-essential,ess_ne,0.488455,0.0,0.488455,0.0,0.0,1.0,0.0,1.0,0.0,1.0,0.0,additive
S. aureus,iYS1720,murD,NE_STM0958,essential,non-essential,ess_ne,0.488455,0.0,0.488455,0.0,0.0,1.0,0.0,1.0,0.0,1.0,0.0,additive
S. aureus,iYS1720,murD,NE_EcolC_0220,essential,non-essential,ess_ne,0.488455,0.0,0.488455,0.0,0.0,1.0,0.0,1.0,0.0,1.0,0.0,additive
S. aureus,iYS1720,murD,NE_STM2086,essential,non-essential,ess_ne,0.488455,0.0,0.488455,0.0,0.0,1.0,0.0,1.0,0.0,1.0,0.0,additive
S. aureus,iYS1720,murD,NE_STM4341,essential,non-essential,ess_ne,0.488455,0.0,0.488455,0.0,0.0,1.0,0.0,1.0,0.0,1.0,0.0,additive
S. aureus,iYS1720,murD,NE_STM0464,essential,non-essential,ess_ne,0.488455,0.0,0.486139,0.0,0.0,0.995259,0.0,1.0,0.004741,1.0,0.0,additive
S. aureus,iYS1720,murD,NE_STM2533,essential,non-essential,ess_ne,0.488455,0.0,0.488455,0.0,0.0,1.0,0.0,1.0,0.0,1.0,0.0,additive
S. aureus,iYS1720,murD,NE_STM4408,essential,non-essential,ess_ne,0.488455,0.0,0.488455,0.0,0.0,1.0,0.0,1.0,0.0,1.0,0.0,additive
S. aureus,iYS1720,murD,NE_AFW04739_AT1,essential,non-essential,ess_ne,0.488455,0.0,0.488455,0.0,0.0,1.0,0.0,1.0,0.0,1.0,0.0,additive
S. aureus,iYS1720,murD,NE_ADC54981_AT1,essential,non-essential,ess_ne,0.488455,0.0,0.488455,0.0,0.0,1.0,0.0,1.0,0.0,1.0,0.0,additive
S. aureus,iYS1720,murD,NE_STM2094,essential,non-essential,ess_ne,0.488455,0.0,0.488455,0.0,0.0,1.0,0.0,1.0,0.0,1.0,0.0,additive
S. aureus,iYS1720,murD,NE_STM3334,essential,non-essential,ess_ne,0.488455,0.0,0.488455,0.0,0.0,1.0,0.0,1.0,0.0,1.0,0.0,additive
S. aureus,iYS1720,murD,NE_STM1695,essential,non-essential,ess_ne,0.488455,0.0,0.488455,0.0,0.0,1.0,0.0,1.0,0.0,1.0,0.0,additive
S. aureus,iYS1720,murD,NE_STM3870,essential,non-essential,ess_ne,0.488455,0.0,0.118007,0.0,0.0,0.241593,0.0,1.0,0.758407,1.0,0.0,additive
S. aureus,iYS1720,murE,murF,essential,essential,ess_ess,0.488455,0.0,0.0,0.0,0.0,0.0,0.0,1.0,1.0,1.0,0.0,additive
S. aureus,iYS1720,murE,lpxA,essential,essential,ess_ess,0.488455,0.0,0.0,0.0,0.0,0.0,0.0,1.0,1.0,1.0,0.0,additive
S. aureus,iYS1720,murE,lpxB,essential,essential,ess_ess,0.488455,0.0,0.0,0.0,0.0,0.0,0.0,1.0,1.0,1.0,0.0,additive
S. aureus,iYS1720,murE,lpxC,essential,essential,ess_ess,0.488455,0.0,0.0,0.0,0.0,0.0,0.0,1.0,1.0,1.0,0.0,additive
S. aureus,iYS1720,murE,lpxD,essential,essential,ess_ess,0.488455,0.0,0.0,0.0,0.0,0.0,0.0,1.0,1.0,1.0,0.0,additive
S. aureus,iYS1720,murE,fabI,essential,essential,ess_ess,0.488455,0.0,0.0,0.0,0.0,0.0,0.0,1.0,1.0,1.0,0.0,additive
S. aureus,iYS1720,murE,fabH,essential,essential,ess_ess,0.488455,0.0,0.488455,0.0,0.0,1.0,0.0,1.0,0.0,1.0,0.0,additive
S. aureus,iYS1720,murE,accA,essential,essential,ess_ess,0.488455,0.0,0.0,0.0,0.0,0.0,0.0,1.0,1.0,1.0,0.0,additive
S. aureus,iYS1720,murE,folA,essential,essential,ess_ess,0.488455,0.0,0.0,0.0,0.0,0.0,0.0,1.0,1.0,1.0,0.0,additive
S. aureus,iYS1720,murE,folP,essential,essential,ess_ess,0.488455,0.0,0.0,0.0,0.0,0.0,0.0,1.0,1.0,1.0,0.0,additive
S. aureus,iYS1720,murE,dxr,essential,essential,ess_ess,0.488455,0.0,0.488455,0.0,0.0,1.0,0.0,1.0,-0.0,1.0,0.0,additive
S. aureus,iYS1720,murE,ispD,essential,essential,ess_ess,0.488455,0.0,0.488455,0.0,0.0,1.0,0.0,1.0,0.0,1.0,0.0,additive
S. aureus,iYS1720,murE,msbA,essential,essential,ess_ess,0.488455,0.0,0.0,0.0,0.0,0.0,0.0,1.0,1.0,1.0,0.0,additive
S. aureus,iYS1720,murE,NE_STM3136,essential,non-essential,ess_ne,0.488455,0.0,0.488455,0.0,0.0,1.0,0.0,1.0,0.0,1.0,0.0,additive
S. aureus,iYS1720,murE,NE_AFW04865_AT1,essential,non-essential,ess_ne,0.488455,0.0,0.488455,0.0,0.0,1.0,0.0,1.0,0.0,1.0,0.0,additive
S. aureus,iYS1720,murE,NE_STM2318,essential,non-essential,ess_ne,0.488455,0.0,0.416398,0.0,0.0,0.852481,0.0,1.0,0.147519,1.0,0.0,additive
S. aureus,iYS1720,murE,NE_EcDH1_3345,essential,non-essential,ess_ne,0.488455,0.0,0.488455,0.0,0.0,1.0,0.0,1.0,0.0,1.0,0.0,additive
S. aureus,iYS1720,murE,NE_STM2078,essential,non-essential,ess_ne,0.488455,0.0,0.0,0.0,0.0,0.0,0.0,1.0,1.0,1.0,0.0,additive
S. aureus,iYS1720,murE,NE_STM1517,essential,non-essential,ess_ne,0.488455,0.0,0.488455,0.0,0.0,1.0,0.0,1.0,0.0,1.0,0.0,additive
S. aureus,iYS1720,murE,NE_AFW04829_AT1,essential,non-essential,ess_ne,0.488455,0.0,0.488455,0.0,0.0,1.0,0.0,1.0,0.0,1.0,0.0,additive
S. aureus,iYS1720,murE,NE_STM3542,essential,non-essential,ess_ne,0.488455,0.0,0.488455,0.0,0.0,1.0,0.0,1.0,0.0,1.0,0.0,additive
S. aureus,iYS1720,murE,NE_STM3243,essential,non-essential,ess_ne,0.488455,0.0,0.488455,0.0,0.0,1.0,0.0,1.0,0.0,1.0,0.0,additive
S. aureus,iYS1720,murE,NE_STM3338,essential,non-essential,ess_ne,0.488455,0.0,0.488455,0.0,0.0,1.0,0.0,1.0,0.0,1.0,0.0,additive
S. aureus,iYS1720,murE,NE_STM4385,essential,non-essential,ess_ne,0.488455,0.0,0.488455,0.0,0.0,1.0,0.0,1.0,0.0,1.0,0.0,additive
S. aureus,iYS1720,murE,NE_STM1293,essential,non-essential,ess_ne,0.488455,0.0,0.488455,0.0,0.0,1.0,0.0,1.0,0.0,1.0,0.0,additive
S. aureus,iYS1720,murE,NE_STM1197,essential,non-essential,ess_ne,0.488455,0.0,0.0,0.0,0.0,0.0,0.0,1.0,1.0,1.0,0.0,additive
S. aureus,iYS1720,murE,NE_STM3354,essential,non-essential,ess_ne,0.488455,0.0,0.488455,0.0,0.0,1.0,0.0,1.0,0.0,1.0,0.0,additive
S. aureus,iYS1720,murE,NE_STM3339,essential,non-essential,ess_ne,0.488455,0.0,0.488455,0.0,0.0,1.0,0.0,1.0,0.0,1.0,0.0,additive
S. aureus,iYS1720,murE,NE_STM2298,essential,non-essential,ess_ne,0.488455,0.0,0.488455,0.0,0.0,1.0,0.0,1.0,0.0,1.0,0.0,additive
S. aureus,iYS1720,murE,NE_STM4130,essential,non-essential,ess_ne,0.488455,0.0,0.488455,0.0,0.0,1.0,0.0,1.0,0.0,1.0,0.0,additive
S. aureus,iYS1720,murE,NE_STM0958,essential,non-essential,ess_ne,0.488455,0.0,0.488455,0.0,0.0,1.0,0.0,1.0,0.0,1.0,0.0,additive
S. aureus,iYS1720,murE,NE_EcolC_0220,essential,non-essential,ess_ne,0.488455,0.0,0.488455,0.0,0.0,1.0,0.0,1.0,0.0,1.0,0.0,additive
S. aureus,iYS1720,murE,NE_STM2086,essential,non-essential,ess_ne,0.488455,0.0,0.488455,0.0,0.0,1.0,0.0,1.0,0.0,1.0,0.0,additive
S. aureus,iYS1720,murE,NE_STM4341,essential,non-essential,ess_ne,0.488455,0.0,0.488455,0.0,0.0,1.0,0.0,1.0,0.0,1.0,0.0,additive
S. aureus,iYS1720,murE,NE_STM0464,essential,non-essential,ess_ne,0.488455,0.0,0.486139,0.0,0.0,0.995259,0.0,1.0,0.004741,1.0,0.0,additive
S. aureus,iYS1720,murE,NE_STM2533,essential,non-essential,ess_ne,0.488455,0.0,0.488455,0.0,0.0,1.0,0.0,1.0,0.0,1.0,0.0,additive
S. aureus,iYS1720,murE,NE_STM4408,essential,non-essential,ess_ne,0.488455,0.0,0.488455,0.0,0.0,1.0,0.0,1.0,0.0,1.0,0.0,additive
S. aureus,iYS1720,murE,NE_AFW04739_AT1,essential,non-essential,ess_ne,0.488455,0.0,0.488455,0.0,0.0,1.0,0.0,1.0,0.0,1.0,0.0,additive
S. aureus,iYS1720,murE,NE_ADC54981_AT1,essential,non-essential,ess_ne,0.488455,0.0,0.488455,0.0,0.0,1.0,0.0,1.0,0.0,1.0,0.0,additive
S. aureus,iYS1720,murE,NE_STM2094,essential,non-essential,ess_ne,0.488455,0.0,0.488455,0.0,0.0,1.0,0.0,1.0,0.0,1.0,0.0,additive
S. aureus,iYS1720,murE,NE_STM3334,essential,non-essential,ess_ne,0.488455,0.0,0.488455,0.0,0.0,1.0,0.0,1.0,0.0,1.0,0.0,additive
S. aureus,iYS1720,murE,NE_STM1695,essential,non-essential,ess_ne,0.488455,0.0,0.488455,0.0,0.0,1.0,0.0,1.0,0.0,1.0,0.0,additive
S. aureus,iYS1720,murE,NE_STM3870,essential,non-essential,ess_ne,0.488455,0.0,0.118007,0.0,0.0,0.241593,0.0,1.0,0.758407,1.0,0.0,additive
S. aureus,iYS1720,murF,lpxA,essential,essential,ess_ess,0.488455,0.0,0.0,0.0,0.0,0.0,0.0,1.0,1.0,1.0,0.0,additive
S. aureus,iYS1720,murF,lpxB,essential,essential,ess_ess,0.488455,0.0,0.0,0.0,0.0,0.0,0.0,1.0,1.0,1.0,0.0,additive
S. aureus,iYS1720,murF,lpxC,essential,essential,ess_ess,0.488455,0.0,0.0,0.0,0.0,0.0,0.0,1.0,1.0,1.0,0.0,additive
S. aureus,iYS1720,murF,lpxD,essential,essential,ess_ess,0.488455,0.0,0.0,0.0,0.0,0.0,0.0,1.0,1.0,1.0,0.0,additive
S. aureus,iYS1720,murF,fabI,essential,essential,ess_ess,0.488455,0.0,0.0,0.0,0.0,0.0,0.0,1.0,1.0,1.0,0.0,additive
S. aureus,iYS1720,murF,fabH,essential,essential,ess_ess,0.488455,0.0,0.488455,0.0,0.0,1.0,0.0,1.0,0.0,1.0,0.0,additive
S. aureus,iYS1720,murF,accA,essential,essential,ess_ess,0.488455,0.0,0.0,0.0,0.0,0.0,0.0,1.0,1.0,1.0,0.0,additive
S. aureus,iYS1720,murF,folA,essential,essential,ess_ess,0.488455,0.0,0.0,0.0,0.0,0.0,0.0,1.0,1.0,1.0,0.0,additive
S. aureus,iYS1720,murF,folP,essential,essential,ess_ess,0.488455,0.0,0.0,0.0,0.0,0.0,0.0,1.0,1.0,1.0,0.0,additive
S. aureus,iYS1720,murF,dxr,essential,essential,ess_ess,0.488455,0.0,0.488455,0.0,0.0,1.0,0.0,1.0,-0.0,1.0,0.0,additive
S. aureus,iYS1720,murF,ispD,essential,essential,ess_ess,0.488455,0.0,0.488455,0.0,0.0,1.0,0.0,1.0,0.0,1.0,0.0,additive
S. aureus,iYS1720,murF,msbA,essential,essential,ess_ess,0.488455,0.0,0.0,0.0,0.0,0.0,0.0,1.0,1.0,1.0,0.0,additive
S. aureus,iYS1720,murF,NE_STM3136,essential,non-essential,ess_ne,0.488455,0.0,0.488455,0.0,0.0,1.0,0.0,1.0,0.0,1.0,0.0,additive
S. aureus,iYS1720,murF,NE_AFW04865_AT1,essential,non-essential,ess_ne,0.488455,0.0,0.488455,0.0,0.0,1.0,0.0,1.0,0.0,1.0,0.0,additive
S. aureus,iYS1720,murF,NE_STM2318,essential,non-essential,ess_ne,0.488455,0.0,0.416398,0.0,0.0,0.852481,0.0,1.0,0.147519,1.0,0.0,additive
S. aureus,iYS1720,murF,NE_EcDH1_3345,essential,non-essential,ess_ne,0.488455,0.0,0.488455,0.0,0.0,1.0,0.0,1.0,0.0,1.0,0.0,additive
S. aureus,iYS1720,murF,NE_STM2078,essential,non-essential,ess_ne,0.488455,0.0,0.0,0.0,0.0,0.0,0.0,1.0,1.0,1.0,0.0,additive
S. aureus,iYS1720,murF,NE_STM1517,essential,non-essential,ess_ne,0.488455,0.0,0.488455,0.0,0.0,1.0,0.0,1.0,0.0,1.0,0.0,additive
S. aureus,iYS1720,murF,NE_AFW04829_AT1,essential,non-essential,ess_ne,0.488455,0.0,0.488455,0.0,0.0,1.0,0.0,1.0,0.0,1.0,0.0,additive
S. aureus,iYS1720,murF,NE_STM3542,essential,non-essential,ess_ne,0.488455,0.0,0.488455,0.0,0.0,1.0,0.0,1.0,0.0,1.0,0.0,additive
S. aureus,iYS1720,murF,NE_STM3243,essential,non-essential,ess_ne,0.488455,0.0,0.488455,0.0,0.0,1.0,0.0,1.0,0.0,1.0,0.0,additive
S. aureus,iYS1720,murF,NE_STM3338,essential,non-essential,ess_ne,0.488455,0.0,0.488455,0.0,0.0,1.0,0.0,1.0,0.0,1.0,0.0,additive
S. aureus,iYS1720,murF,NE_STM4385,essential,non-essential,ess_ne,0.488455,0.0,0.488455,0.0,0.0,1.0,0.0,1.0,0.0,1.0,0.0,additive
S. aureus,iYS1720,murF,NE_STM1293,essential,non-essential,ess_ne,0.488455,0.0,0.488455,0.0,0.0,1.0,0.0,1.0,0.0,1.0,0.0,additive
S. aureus,iYS1720,murF,NE_STM1197,essential,non-essential,ess_ne,0.488455,0.0,0.0,0.0,0.0,0.0,0.0,1.0,1.0,1.0,0.0,additive
S. aureus,iYS1720,murF,NE_STM3354,essential,non-essential,ess_ne,0.488455,0.0,0.488455,0.0,0.0,1.0,0.0,1.0,0.0,1.0,0.0,additive
S. aureus,iYS1720,murF,NE_STM3339,essential,non-essential,ess_ne,0.488455,0.0,0.488455,0.0,0.0,1.0,0.0,1.0,0.0,1.0,0.0,additive
S. aureus,iYS1720,murF,NE_STM2298,essential,non-essential,ess_ne,0.488455,0.0,0.488455,0.0,0.0,1.0,0.0,1.0,0.0,1.0,0.0,additive
S. aureus,iYS1720,murF,NE_STM4130,essential,non-essential,ess_ne,0.488455,0.0,0.488455,0.0,0.0,1.0,0.0,1.0,0.0,1.0,0.0,additive
S. aureus,iYS1720,murF,NE_STM0958,essential,non-essential,ess_ne,0.488455,0.0,0.488455,0.0,0.0,1.0,0.0,1.0,0.0,1.0,0.0,additive
S. aureus,iYS1720,murF,NE_EcolC_0220,essential,non-essential,ess_ne,0.488455,0.0,0.488455,0.0,0.0,1.0,0.0,1.0,0.0,1.0,0.0,additive
S. aureus,iYS1720,murF,NE_STM2086,essential,non-essential,ess_ne,0.488455,0.0,0.488455,0.0,0.0,1.0,0.0,1.0,0.0,1.0,0.0,additive
S. aureus,iYS1720,murF,NE_STM4341,essential,non-essential,ess_ne,0.488455,0.0,0.488455,0.0,0.0,1.0,0.0,1.0,0.0,1.0,0.0,additive
S. aureus,iYS1720,murF,NE_STM0464,essential,non-essential,ess_ne,0.488455,0.0,0.486139,0.0,0.0,0.995259,0.0,1.0,0.004741,1.0,0.0,additive
S. aureus,iYS1720,murF,NE_STM2533,essential,non-essential,ess_ne,0.488455,0.0,0.488455,0.0,0.0,1.0,0.0,1.0,0.0,1.0,0.0,additive
S. aureus,iYS1720,murF,NE_STM4408,essential,non-essential,ess_ne,0.488455,0.0,0.488455,0.0,0.0,1.0,0.0,1.0,0.0,1.0,0.0,additive
S. aureus,iYS1720,murF,NE_AFW04739_AT1,essential,non-essential,ess_ne,0.488455,0.0,0.488455,0.0,0.0,1.0,0.0,1.0,0.0,1.0,0.0,additive
S. aureus,iYS1720,murF,NE_ADC54981_AT1,essential,non-essential,ess_ne,0.488455,0.0,0.488455,0.0,0.0,1.0,0.0,1.0,0.0,1.0,0.0,additive
S. aureus,iYS1720,murF,NE_STM2094,essential,non-essential,ess_ne,0.488455,0.0,0.488455,0.0,0.0,1.0,0.0,1.0,0.0,1.0,0.0,additive
S. aureus,iYS1720,murF,NE_STM3334,essential,non-essential,ess_ne,0.488455,0.0,0.488455,0.0,0.0,1.0,0.0,1.0,0.0,1.0,0.0,additive
S. aureus,iYS1720,murF,NE_STM1695,essential,non-essential,ess_ne,0.488455,0.0,0.488455,0.0,0.0,1.0,0.0,1.0,0.0,1.0,0.0,additive
S. aureus,iYS1720,murF,NE_STM3870,essential,non-essential,ess_ne,0.488455,0.0,0.118007,0.0,0.0,0.241593,0.0,1.0,0.758407,1.0,0.0,additive
S. aureus,iYS1720,lpxA,lpxB,essential,essential,ess_ess,0.488455,0.0,0.0,0.0,0.0,0.0,0.0,1.0,1.0,1.0,0.0,additive
S. aureus,iYS1720,lpxA,lpxC,essential,essential,ess_ess,0.488455,0.0,0.0,0.0,0.0,0.0,0.0,1.0,1.0,1.0,0.0,additive
S. aureus,iYS1720,lpxA,lpxD,essential,essential,ess_ess,0.488455,0.0,0.0,0.0,0.0,0.0,0.0,1.0,1.0,1.0,0.0,additive
S. aureus,iYS1720,lpxA,fabI,essential,essential,ess_ess,0.488455,0.0,0.0,0.0,0.0,0.0,0.0,1.0,1.0,1.0,0.0,additive
S. aureus,iYS1720,lpxA,fabH,essential,essential,ess_ess,0.488455,0.0,0.488455,0.0,0.0,1.0,0.0,1.0,0.0,1.0,0.0,additive
S. aureus,iYS1720,lpxA,accA,essential,essential,ess_ess,0.488455,0.0,0.0,0.0,0.0,0.0,0.0,1.0,1.0,1.0,0.0,additive
S. aureus,iYS1720,lpxA,folA,essential,essential,ess_ess,0.488455,0.0,0.0,0.0,0.0,0.0,0.0,1.0,1.0,1.0,0.0,additive
S. aureus,iYS1720,lpxA,folP,essential,essential,ess_ess,0.488455,0.0,0.0,0.0,0.0,0.0,0.0,1.0,1.0,1.0,0.0,additive
S. aureus,iYS1720,lpxA,dxr,essential,essential,ess_ess,0.488455,0.0,0.488455,0.0,0.0,1.0,0.0,1.0,-0.0,1.0,0.0,additive
S. aureus,iYS1720,lpxA,ispD,essential,essential,ess_ess,0.488455,0.0,0.488455,0.0,0.0,1.0,0.0,1.0,0.0,1.0,0.0,additive
S. aureus,iYS1720,lpxA,msbA,essential,essential,ess_ess,0.488455,0.0,0.0,0.0,0.0,0.0,0.0,1.0,1.0,1.0,0.0,additive
S. aureus,iYS1720,lpxA,NE_STM3136,essential,non-essential,ess_ne,0.488455,0.0,0.488455,0.0,0.0,1.0,0.0,1.0,0.0,1.0,0.0,additive
S. aureus,iYS1720,lpxA,NE_AFW04865_AT1,essential,non-essential,ess_ne,0.488455,0.0,0.488455,0.0,0.0,1.0,0.0,1.0,0.0,1.0,0.0,additive
S. aureus,iYS1720,lpxA,NE_STM2318,essential,non-essential,ess_ne,0.488455,0.0,0.416398,0.0,0.0,0.852481,0.0,1.0,0.147519,1.0,0.0,additive
S. aureus,iYS1720,lpxA,NE_EcDH1_3345,essential,non-essential,ess_ne,0.488455,0.0,0.488455,0.0,0.0,1.0,0.0,1.0,0.0,1.0,0.0,additive
S. aureus,iYS1720,lpxA,NE_STM2078,essential,non-essential,ess_ne,0.488455,0.0,0.0,0.0,0.0,0.0,0.0,1.0,1.0,1.0,0.0,additive
S. aureus,iYS1720,lpxA,NE_STM1517,essential,non-essential,ess_ne,0.488455,0.0,0.488455,0.0,0.0,1.0,0.0,1.0,0.0,1.0,0.0,additive
S. aureus,iYS1720,lpxA,NE_AFW04829_AT1,essential,non-essential,ess_ne,0.488455,0.0,0.488455,0.0,0.0,1.0,0.0,1.0,0.0,1.0,0.0,additive
S. aureus,iYS1720,lpxA,NE_STM3542,essential,non-essential,ess_ne,0.488455,0.0,0.488455,0.0,0.0,1.0,0.0,1.0,0.0,1.0,0.0,additive
S. aureus,iYS1720,lpxA,NE_STM3243,essential,non-essential,ess_ne,0.488455,0.0,0.488455,0.0,0.0,1.0,0.0,1.0,0.0,1.0,0.0,additive
S. aureus,iYS1720,lpxA,NE_STM3338,essential,non-essential,ess_ne,0.488455,0.0,0.488455,0.0,0.0,1.0,0.0,1.0,0.0,1.0,0.0,additive
S. aureus,iYS1720,lpxA,NE_STM4385,essential,non-essential,ess_ne,0.488455,0.0,0.488455,0.0,0.0,1.0,0.0,1.0,0.0,1.0,0.0,additive
S. aureus,iYS1720,lpxA,NE_STM1293,essential,non-essential,ess_ne,0.488455,0.0,0.488455,0.0,0.0,1.0,0.0,1.0,0.0,1.0,0.0,additive
S. aureus,iYS1720,lpxA,NE_STM1197,essential,non-essential,ess_ne,0.488455,0.0,0.0,0.0,0.0,0.0,0.0,1.0,1.0,1.0,0.0,additive
S. aureus,iYS1720,lpxA,NE_STM3354,essential,non-essential,ess_ne,0.488455,0.0,0.488455,0.0,0.0,1.0,0.0,1.0,0.0,1.0,0.0,additive
S. aureus,iYS1720,lpxA,NE_STM3339,essential,non-essential,ess_ne,0.488455,0.0,0.488455,0.0,0.0,1.0,0.0,1.0,0.0,1.0,0.0,additive
S. aureus,iYS1720,lpxA,NE_STM2298,essential,non-essential,ess_ne,0.488455,0.0,0.488455,0.0,0.0,1.0,0.0,1.0,0.0,1.0,0.0,additive
S. aureus,iYS1720,lpxA,NE_STM4130,essential,non-essential,ess_ne,0.488455,0.0,0.488455,0.0,0.0,1.0,0.0,1.0,0.0,1.0,0.0,additive
S. aureus,iYS1720,lpxA,NE_STM0958,essential,non-essential,ess_ne,0.488455,0.0,0.488455,0.0,0.0,1.0,0.0,1.0,0.0,1.0,0.0,additive
S. aureus,iYS1720,lpxA,NE_EcolC_0220,essential,non-essential,ess_ne,0.488455,0.0,0.488455,0.0,0.0,1.0,0.0,1.0,0.0,1.0,0.0,additive
S. aureus,iYS1720,lpxA,NE_STM2086,essential,non-essential,ess_ne,0.488455,0.0,0.488455,0.0,0.0,1.0,0.0,1.0,0.0,1.0,0.0,additive
S. aureus,iYS1720,lpxA,NE_STM4341,essential,non-essential,ess_ne,0.488455,0.0,0.488455,0.0,0.0,1.0,0.0,1.0,0.0,1.0,0.0,additive
S. aureus,iYS1720,lpxA,NE_STM0464,essential,non-essential,ess_ne,0.488455,0.0,0.486139,0.0,0.0,0.995259,0.0,1.0,0.004741,1.0,0.0,additive
S. aureus,iYS1720,lpxA,NE_STM2533,essential,non-essential,ess_ne,0.488455,0.0,0.488455,0.0,0.0,1.0,0.0,1.0,0.0,1.0,0.0,additive
S. aureus,iYS1720,lpxA,NE_STM4408,essential,non-essential,ess_ne,0.488455,0.0,0.488455,0.0,0.0,1.0,0.0,1.0,0.0,1.0,0.0,additive
S. aureus,iYS1720,lpxA,NE_AFW04739_AT1,essential,non-essential,ess_ne,0.488455,0.0,0.488455,0.0,0.0,1.0,0.0,1.0,0.0,1.0,0.0,additive
S. aureus,iYS1720,lpxA,NE_ADC54981_AT1,essential,non-essential,ess_ne,0.488455,0.0,0.488455,0.0,0.0,1.0,0.0,1.0,0.0,1.0,0.0,additive
S. aureus,iYS1720,lpxA,NE_STM2094,essential,non-essential,ess_ne,0.488455,0.0,0.488455,0.0,0.0,1.0,0.0,1.0,0.0,1.0,0.0,additive
S. aureus,iYS1720,lpxA,NE_STM3334,essential,non-essential,ess_ne,0.488455,0.0,0.488455,0.0,0.0,1.0,0.0,1.0,0.0,1.0,0.0,additive
S. aureus,iYS1720,lpxA,NE_STM1695,essential,non-essential,ess_ne,0.488455,0.0,0.488455,0.0,0.0,1.0,0.0,1.0,0.0,1.0,0.0,additive
S. aureus,iYS1720,lpxA,NE_STM3870,essential,non-essential,ess_ne,0.488455,0.0,0.118007,0.0,0.0,0.241593,0.0,1.0,0.758407,1.0,0.0,additive
S. aureus,iYS1720,lpxB,lpxC,essential,essential,ess_ess,0.488455,0.0,0.0,0.0,0.0,0.0,0.0,1.0,1.0,1.0,0.0,additive
S. aureus,iYS1720,lpxB,lpxD,essential,essential,ess_ess,0.488455,0.0,0.0,0.0,0.0,0.0,0.0,1.0,1.0,1.0,0.0,additive
S. aureus,iYS1720,lpxB,fabI,essential,essential,ess_ess,0.488455,0.0,0.0,0.0,0.0,0.0,0.0,1.0,1.0,1.0,0.0,additive
S. aureus,iYS1720,lpxB,fabH,essential,essential,ess_ess,0.488455,0.0,0.488455,0.0,0.0,1.0,0.0,1.0,0.0,1.0,0.0,additive
S. aureus,iYS1720,lpxB,accA,essential,essential,ess_ess,0.488455,0.0,0.0,0.0,0.0,0.0,0.0,1.0,1.0,1.0,0.0,additive
S. aureus,iYS1720,lpxB,folA,essential,essential,ess_ess,0.488455,0.0,0.0,0.0,0.0,0.0,0.0,1.0,1.0,1.0,0.0,additive
S. aureus,iYS1720,lpxB,folP,essential,essential,ess_ess,0.488455,0.0,0.0,0.0,0.0,0.0,0.0,1.0,1.0,1.0,0.0,additive
S. aureus,iYS1720,lpxB,dxr,essential,essential,ess_ess,0.488455,0.0,0.488455,0.0,0.0,1.0,0.0,1.0,-0.0,1.0,0.0,additive
S. aureus,iYS1720,lpxB,ispD,essential,essential,ess_ess,0.488455,0.0,0.488455,0.0,0.0,1.0,0.0,1.0,0.0,1.0,0.0,additive
S. aureus,iYS1720,lpxB,msbA,essential,essential,ess_ess,0.488455,0.0,0.0,0.0,0.0,0.0,0.0,1.0,1.0,1.0,0.0,additive
S. aureus,iYS1720,lpxB,NE_STM3136,essential,non-essential,ess_ne,0.488455,0.0,0.488455,0.0,0.0,1.0,0.0,1.0,0.0,1.0,0.0,additive
S. aureus,iYS1720,lpxB,NE_AFW04865_AT1,essential,non-essential,ess_ne,0.488455,0.0,0.488455,0.0,0.0,1.0,0.0,1.0,0.0,1.0,0.0,additive
S. aureus,iYS1720,lpxB,NE_STM2318,essential,non-essential,ess_ne,0.488455,0.0,0.416398,0.0,0.0,0.852481,0.0,1.0,0.147519,1.0,0.0,additive
S. aureus,iYS1720,lpxB,NE_EcDH1_3345,essential,non-essential,ess_ne,0.488455,0.0,0.488455,0.0,0.0,1.0,0.0,1.0,0.0,1.0,0.0,additive
S. aureus,iYS1720,lpxB,NE_STM2078,essential,non-essential,ess_ne,0.488455,0.0,0.0,0.0,0.0,0.0,0.0,1.0,1.0,1.0,0.0,additive
S. aureus,iYS1720,lpxB,NE_STM1517,essential,non-essential,ess_ne,0.488455,0.0,0.488455,0.0,0.0,1.0,0.0,1.0,0.0,1.0,0.0,additive
S. aureus,iYS1720,lpxB,NE_AFW04829_AT1,essential,non-essential,ess_ne,0.488455,0.0,0.488455,0.0,0.0,1.0,0.0,1.0,0.0,1.0,0.0,additive
S. aureus,iYS1720,lpxB,NE_STM3542,essential,non-essential,ess_ne,0.488455,0.0,0.488455,0.0,0.0,1.0,0.0,1.0,0.0,1.0,0.0,additive
S. aureus,iYS1720,lpxB,NE_STM3243,essential,non-essential,ess_ne,0.488455,0.0,0.488455,0.0,0.0,1.0,0.0,1.0,0.0,1.0,0.0,additive
S. aureus,iYS1720,lpxB,NE_STM3338,essential,non-essential,ess_ne,0.488455,0.0,0.488455,0.0,0.0,1.0,0.0,1.0,0.0,1.0,0.0,additive
S. aureus,iYS1720,lpxB,NE_STM4385,essential,non-essential,ess_ne,0.488455,0.0,0.488455,0.0,0.0,1.0,0.0,1.0,0.0,1.0,0.0,additive
S. aureus,iYS1720,lpxB,NE_STM1293,essential,non-essential,ess_ne,0.488455,0.0,0.488455,0.0,0.0,1.0,0.0,1.0,0.0,1.0,0.0,additive
S. aureus,iYS1720,lpxB,NE_STM1197,essential,non-essential,ess_ne,0.488455,0.0,0.0,0.0,0.0,0.0,0.0,1.0,1.0,1.0,0.0,additive
S. aureus,iYS1720,lpxB,NE_STM3354,essential,non-essential,ess_ne,0.488455,0.0,0.488455,0.0,0.0,1.0,0.0,1.0,0.0,1.0,0.0,additive
S. aureus,iYS1720,lpxB,NE_STM3339,essential,non-essential,ess_ne,0.488455,0.0,0.488455,0.0,0.0,1.0,0.0,1.0,0.0,1.0,0.0,additive
S. aureus,iYS1720,lpxB,NE_STM2298,essential,non-essential,ess_ne,0.488455,0.0,0.488455,0.0,0.0,1.0,0.0,1.0,0.0,1.0,0.0,additive
S. aureus,iYS1720,lpxB,NE_STM4130,essential,non-essential,ess_ne,0.488455,0.0,0.488455,0.0,0.0,1.0,0.0,1.0,0.0,1.0,0.0,additive
S. aureus,iYS1720,lpxB,NE_STM0958,essential,non-essential,ess_ne,0.488455,0.0,0.488455,0.0,0.0,1.0,0.0,1.0,0.0,1.0,0.0,additive
S. aureus,iYS1720,lpxB,NE_EcolC_0220,essential,non-essential,ess_ne,0.488455,0.0,0.488455,0.0,0.0,1.0,0.0,1.0,0.0,1.0,0.0,additive
S. aureus,iYS1720,lpxB,NE_STM2086,essential,non-essential,ess_ne,0.488455,0.0,0.488455,0.0,0.0,1.0,0.0,1.0,0.0,1.0,0.0,additive
S. aureus,iYS1720,lpxB,NE_STM4341,essential,non-essential,ess_ne,0.488455,0.0,0.488455,0.0,0.0,1.0,0.0,1.0,0.0,1.0,0.0,additive
S. aureus,iYS1720,lpxB,NE_STM0464,essential,non-essential,ess_ne,0.488455,0.0,0.486139,0.0,0.0,0.995259,0.0,1.0,0.004741,1.0,0.0,additive
S. aureus,iYS1720,lpxB,NE_STM2533,essential,non-essential,ess_ne,0.488455,0.0,0.488455,0.0,0.0,1.0,0.0,1.0,0.0,1.0,0.0,additive
S. aureus,iYS1720,lpxB,NE_STM4408,essential,non-essential,ess_ne,0.488455,0.0,0.488455,0.0,0.0,1.0,0.0,1.0,0.0,1.0,0.0,additive
S. aureus,iYS1720,lpxB,NE_AFW04739_AT1,essential,non-essential,ess_ne,0.488455,0.0,0.488455,0.0,0.0,1.0,0.0,1.0,0.0,1.0,0.0,additive
S. aureus,iYS1720,lpxB,NE_ADC54981_AT1,essential,non-essential,ess_ne,0.488455,0.0,0.488455,0.0,0.0,1.0,0.0,1.0,0.0,1.0,0.0,additive
S. aureus,iYS1720,lpxB,NE_STM2094,essential,non-essential,ess_ne,0.488455,0.0,0.488455,0.0,0.0,1.0,0.0,1.0,0.0,1.0,0.0,additive
S. aureus,iYS1720,lpxB,NE_STM3334,essential,non-essential,ess_ne,0.488455,0.0,0.488455,0.0,0.0,1.0,0.0,1.0,0.0,1.0,0.0,additive
S. aureus,iYS1720,lpxB,NE_STM1695,essential,non-essential,ess_ne,0.488455,0.0,0.488455,0.0,0.0,1.0,0.0,1.0,0.0,1.0,0.0,additive
S. aureus,iYS1720,lpxB,NE_STM3870,essential,non-essential,ess_ne,0.488455,0.0,0.118007,0.0,0.0,0.241593,0.0,1.0,0.758407,1.0,0.0,additive
S. aureus,iYS1720,lpxC,lpxD,essential,essential,ess_ess,0.488455,0.0,0.0,0.0,0.0,0.0,0.0,1.0,1.0,1.0,0.0,additive
S. aureus,iYS1720,lpxC,fabI,essential,essential,ess_ess,0.488455,0.0,0.0,0.0,0.0,0.0,0.0,1.0,1.0,1.0,0.0,additive
S. aureus,iYS1720,lpxC,fabH,essential,essential,ess_ess,0.488455,0.0,0.488455,0.0,0.0,1.0,0.0,1.0,0.0,1.0,0.0,additive
S. aureus,iYS1720,lpxC,accA,essential,essential,ess_ess,0.488455,0.0,0.0,0.0,0.0,0.0,0.0,1.0,1.0,1.0,0.0,additive
S. aureus,iYS1720,lpxC,folA,essential,essential,ess_ess,0.488455,0.0,0.0,0.0,0.0,0.0,0.0,1.0,1.0,1.0,0.0,additive
S. aureus,iYS1720,lpxC,folP,essential,essential,ess_ess,0.488455,0.0,0.0,0.0,0.0,0.0,0.0,1.0,1.0,1.0,0.0,additive
S. aureus,iYS1720,lpxC,dxr,essential,essential,ess_ess,0.488455,0.0,0.488455,0.0,0.0,1.0,0.0,1.0,-0.0,1.0,0.0,additive
S. aureus,iYS1720,lpxC,ispD,essential,essential,ess_ess,0.488455,0.0,0.488455,0.0,0.0,1.0,0.0,1.0,0.0,1.0,0.0,additive
S. aureus,iYS1720,lpxC,msbA,essential,essential,ess_ess,0.488455,0.0,0.0,0.0,0.0,0.0,0.0,1.0,1.0,1.0,0.0,additive
S. aureus,iYS1720,lpxC,NE_STM3136,essential,non-essential,ess_ne,0.488455,0.0,0.488455,0.0,0.0,1.0,0.0,1.0,0.0,1.0,0.0,additive
S. aureus,iYS1720,lpxC,NE_AFW04865_AT1,essential,non-essential,ess_ne,0.488455,0.0,0.488455,0.0,0.0,1.0,0.0,1.0,0.0,1.0,0.0,additive
S. aureus,iYS1720,lpxC,NE_STM2318,essential,non-essential,ess_ne,0.488455,0.0,0.416398,0.0,0.0,0.852481,0.0,1.0,0.147519,1.0,0.0,additive
S. aureus,iYS1720,lpxC,NE_EcDH1_3345,essential,non-essential,ess_ne,0.488455,0.0,0.488455,0.0,0.0,1.0,0.0,1.0,0.0,1.0,0.0,additive
S. aureus,iYS1720,lpxC,NE_STM2078,essential,non-essential,ess_ne,0.488455,0.0,0.0,0.0,0.0,0.0,0.0,1.0,1.0,1.0,0.0,additive
S. aureus,iYS1720,lpxC,NE_STM1517,essential,non-essential,ess_ne,0.488455,0.0,0.488455,0.0,0.0,1.0,0.0,1.0,0.0,1.0,0.0,additive
S. aureus,iYS1720,lpxC,NE_AFW04829_AT1,essential,non-essential,ess_ne,0.488455,0.0,0.488455,0.0,0.0,1.0,0.0,1.0,0.0,1.0,0.0,additive
S. aureus,iYS1720,lpxC,NE_STM3542,essential,non-essential,ess_ne,0.488455,0.0,0.488455,0.0,0.0,1.0,0.0,1.0,0.0,1.0,0.0,additive
S. aureus,iYS1720,lpxC,NE_STM3243,essential,non-essential,ess_ne,0.488455,0.0,0.488455,0.0,0.0,1.0,0.0,1.0,0.0,1.0,0.0,additive
S. aureus,iYS1720,lpxC,NE_STM3338,essential,non-essential,ess_ne,0.488455,0.0,0.488455,0.0,0.0,1.0,0.0,1.0,0.0,1.0,0.0,additive
S. aureus,iYS1720,lpxC,NE_STM4385,essential,non-essential,ess_ne,0.488455,0.0,0.488455,0.0,0.0,1.0,0.0,1.0,0.0,1.0,0.0,additive
S. aureus,iYS1720,lpxC,NE_STM1293,essential,non-essential,ess_ne,0.488455,0.0,0.488455,0.0,0.0,1.0,0.0,1.0,0.0,1.0,0.0,additive
S. aureus,iYS1720,lpxC,NE_STM1197,essential,non-essential,ess_ne,0.488455,0.0,0.0,0.0,0.0,0.0,0.0,1.0,1.0,1.0,0.0,additive
S. aureus,iYS1720,lpxC,NE_STM3354,essential,non-essential,ess_ne,0.488455,0.0,0.488455,0.0,0.0,1.0,0.0,1.0,0.0,1.0,0.0,additive
S. aureus,iYS1720,lpxC,NE_STM3339,essential,non-essential,ess_ne,0.488455,0.0,0.488455,0.0,0.0,1.0,0.0,1.0,0.0,1.0,0.0,additive
S. aureus,iYS1720,lpxC,NE_STM2298,essential,non-essential,ess_ne,0.488455,0.0,0.488455,0.0,0.0,1.0,0.0,1.0,0.0,1.0,0.0,additive
S. aureus,iYS1720,lpxC,NE_STM4130,essential,non-essential,ess_ne,0.488455,0.0,0.488455,0.0,0.0,1.0,0.0,1.0,0.0,1.0,0.0,additive
S. aureus,iYS1720,lpxC,NE_STM0958,essential,non-essential,ess_ne,0.488455,0.0,0.488455,0.0,0.0,1.0,0.0,1.0,0.0,1.0,0.0,additive
S. aureus,iYS1720,lpxC,NE_EcolC_0220,essential,non-essential,ess_ne,0.488455,0.0,0.488455,0.0,0.0,1.0,0.0,1.0,0.0,1.0,0.0,additive
S. aureus,iYS1720,lpxC,NE_STM2086,essential,non-essential,ess_ne,0.488455,0.0,0.488455,0.0,0.0,1.0,0.0,1.0,0.0,1.0,0.0,additive
S. aureus,iYS1720,lpxC,NE_STM4341,essential,non-essential,ess_ne,0.488455,0.0,0.488455,0.0,0.0,1.0,0.0,1.0,0.0,1.0,0.0,additive
S. aureus,iYS1720,lpxC,NE_STM0464,essential,non-essential,ess_ne,0.488455,0.0,0.486139,0.0,0.0,0.995259,0.0,1.0,0.004741,1.0,0.0,additive
S. aureus,iYS1720,lpxC,NE_STM2533,essential,non-essential,ess_ne,0.488455,0.0,0.488455,0.0,0.0,1.0,0.0,1.0,0.0,1.0,0.0,additive
S. aureus,iYS1720,lpxC,NE_STM4408,essential,non-essential,ess_ne,0.488455,0.0,0.488455,0.0,0.0,1.0,0.0,1.0,0.0,1.0,0.0,additive
S. aureus,iYS1720,lpxC,NE_AFW04739_AT1,essential,non-essential,ess_ne,0.488455,0.0,0.488455,0.0,0.0,1.0,0.0,1.0,0.0,1.0,0.0,additive
S. aureus,iYS1720,lpxC,NE_ADC54981_AT1,essential,non-essential,ess_ne,0.488455,0.0,0.488455,0.0,0.0,1.0,0.0,1.0,0.0,1.0,0.0,additive
S. aureus,iYS1720,lpxC,NE_STM2094,essential,non-essential,ess_ne,0.488455,0.0,0.488455,0.0,0.0,1.0,0.0,1.0,0.0,1.0,0.0,additive
S. aureus,iYS1720,lpxC,NE_STM3334,essential,non-essential,ess_ne,0.488455,0.0,0.488455,0.0,0.0,1.0,0.0,1.0,0.0,1.0,0.0,additive
S. aureus,iYS1720,lpxC,NE_STM1695,essential,non-essential,ess_ne,0.488455,0.0,0.488455,0.0,0.0,1.0,0.0,1.0,0.0,1.0,0.0,additive
S. aureus,iYS1720,lpxC,NE_STM3870,essential,non-essential,ess_ne,0.488455,0.0,0.118007,0.0,0.0,0.241593,0.0,1.0,0.758407,1.0,0.0,additive
S. aureus,iYS1720,lpxD,fabI,essential,essential,ess_ess,0.488455,0.0,0.0,0.0,0.0,0.0,0.0,1.0,1.0,1.0,0.0,additive
S. aureus,iYS1720,lpxD,fabH,essential,essential,ess_ess,0.488455,0.0,0.488455,0.0,0.0,1.0,0.0,1.0,0.0,1.0,0.0,additive
S. aureus,iYS1720,lpxD,accA,essential,essential,ess_ess,0.488455,0.0,0.0,0.0,0.0,0.0,0.0,1.0,1.0,1.0,0.0,additive
S. aureus,iYS1720,lpxD,folA,essential,essential,ess_ess,0.488455,0.0,0.0,0.0,0.0,0.0,0.0,1.0,1.0,1.0,0.0,additive
S. aureus,iYS1720,lpxD,folP,essential,essential,ess_ess,0.488455,0.0,0.0,0.0,0.0,0.0,0.0,1.0,1.0,1.0,0.0,additive
S. aureus,iYS1720,lpxD,dxr,essential,essential,ess_ess,0.488455,0.0,0.488455,0.0,0.0,1.0,0.0,1.0,-0.0,1.0,0.0,additive
S. aureus,iYS1720,lpxD,ispD,essential,essential,ess_ess,0.488455,0.0,0.488455,0.0,0.0,1.0,0.0,1.0,0.0,1.0,0.0,additive
S. aureus,iYS1720,lpxD,msbA,essential,essential,ess_ess,0.488455,0.0,0.0,0.0,0.0,0.0,0.0,1.0,1.0,1.0,0.0,additive
S. aureus,iYS1720,lpxD,NE_STM3136,essential,non-essential,ess_ne,0.488455,0.0,0.488455,0.0,0.0,1.0,0.0,1.0,0.0,1.0,0.0,additive
S. aureus,iYS1720,lpxD,NE_AFW04865_AT1,essential,non-essential,ess_ne,0.488455,0.0,0.488455,0.0,0.0,1.0,0.0,1.0,0.0,1.0,0.0,additive
S. aureus,iYS1720,lpxD,NE_STM2318,essential,non-essential,ess_ne,0.488455,0.0,0.416398,0.0,0.0,0.852481,0.0,1.0,0.147519,1.0,0.0,additive
S. aureus,iYS1720,lpxD,NE_EcDH1_3345,essential,non-essential,ess_ne,0.488455,0.0,0.488455,0.0,0.0,1.0,0.0,1.0,0.0,1.0,0.0,additive
S. aureus,iYS1720,lpxD,NE_STM2078,essential,non-essential,ess_ne,0.488455,0.0,0.0,0.0,0.0,0.0,0.0,1.0,1.0,1.0,0.0,additive
S. aureus,iYS1720,lpxD,NE_STM1517,essential,non-essential,ess_ne,0.488455,0.0,0.488455,0.0,0.0,1.0,0.0,1.0,0.0,1.0,0.0,additive
S. aureus,iYS1720,lpxD,NE_AFW04829_AT1,essential,non-essential,ess_ne,0.488455,0.0,0.488455,0.0,0.0,1.0,0.0,1.0,0.0,1.0,0.0,additive
S. aureus,iYS1720,lpxD,NE_STM3542,essential,non-essential,ess_ne,0.488455,0.0,0.488455,0.0,0.0,1.0,0.0,1.0,0.0,1.0,0.0,additive
S. aureus,iYS1720,lpxD,NE_STM3243,essential,non-essential,ess_ne,0.488455,0.0,0.488455,0.0,0.0,1.0,0.0,1.0,0.0,1.0,0.0,additive
S. aureus,iYS1720,lpxD,NE_STM3338,essential,non-essential,ess_ne,0.488455,0.0,0.488455,0.0,0.0,1.0,0.0,1.0,0.0,1.0,0.0,additive
S. aureus,iYS1720,lpxD,NE_STM4385,essential,non-essential,ess_ne,0.488455,0.0,0.488455,0.0,0.0,1.0,0.0,1.0,0.0,1.0,0.0,additive
S. aureus,iYS1720,lpxD,NE_STM1293,essential,non-essential,ess_ne,0.488455,0.0,0.488455,0.0,0.0,1.0,0.0,1.0,0.0,1.0,0.0,additive
S. aureus,iYS1720,lpxD,NE_STM1197,essential,non-essential,ess_ne,0.488455,0.0,0.0,0.0,0.0,0.0,0.0,1.0,1.0,1.0,0.0,additive
S. aureus,iYS1720,lpxD,NE_STM3354,essential,non-essential,ess_ne,0.488455,0.0,0.488455,0.0,0.0,1.0,0.0,1.0,0.0,1.0,0.0,additive
S. aureus,iYS1720,lpxD,NE_STM3339,essential,non-essential,ess_ne,0.488455,0.0,0.488455,0.0,0.0,1.0,0.0,1.0,0.0,1.0,0.0,additive
S. aureus,iYS1720,lpxD,NE_STM2298,essential,non-essential,ess_ne,0.488455,0.0,0.488455,0.0,0.0,1.0,0.0,1.0,0.0,1.0,0.0,additive
S. aureus,iYS1720,lpxD,NE_STM4130,essential,non-essential,ess_ne,0.488455,0.0,0.488455,0.0,0.0,1.0,0.0,1.0,0.0,1.0,0.0,additive
S. aureus,iYS1720,lpxD,NE_STM0958,essential,non-essential,ess_ne,0.488455,0.0,0.488455,0.0,0.0,1.0,0.0,1.0,0.0,1.0,0.0,additive
S. aureus,iYS1720,lpxD,NE_EcolC_0220,essential,non-essential,ess_ne,0.488455,0.0,0.488455,0.0,0.0,1.0,0.0,1.0,0.0,1.0,0.0,additive
S. aureus,iYS1720,lpxD,NE_STM2086,essential,non-essential,ess_ne,0.488455,0.0,0.488455,0.0,0.0,1.0,0.0,1.0,0.0,1.0,0.0,additive
S. aureus,iYS1720,lpxD,NE_STM4341,essential,non-essential,ess_ne,0.488455,0.0,0.488455,0.0,0.0,1.0,0.0,1.0,0.0,1.0,0.0,additive
S. aureus,iYS1720,lpxD,NE_STM0464,essential,non-essential,ess_ne,0.488455,0.0,0.486139,0.0,0.0,0.995259,0.0,1.0,0.004741,1.0,0.0,additive
S. aureus,iYS1720,lpxD,NE_STM2533,essential,non-essential,ess_ne,0.488455,0.0,0.488455,0.0,0.0,1.0,0.0,1.0,0.0,1.0,0.0,additive
S. aureus,iYS1720,lpxD,NE_STM4408,essential,non-essential,ess_ne,0.488455,0.0,0.488455,0.0,0.0,1.0,0.0,1.0,0.0,1.0,0.0,additive
S. aureus,iYS1720,lpxD,NE_AFW04739_AT1,essential,non-essential,ess_ne,0.488455,0.0,0.488455,0.0,0.0,1.0,0.0,1.0,0.0,1.0,0.0,additive
S. aureus,iYS1720,lpxD,NE_ADC54981_AT1,essential,non-essential,ess_ne,0.488455,0.0,0.488455,0.0,0.0,1.0,0.0,1.0,0.0,1.0,0.0,additive
S. aureus,iYS1720,lpxD,NE_STM2094,essential,non-essential,ess_ne,0.488455,0.0,0.488455,0.0,0.0,1.0,0.0,1.0,0.0,1.0,0.0,additive
S. aureus,iYS1720,lpxD,NE_STM3334,essential,non-essential,ess_ne,0.488455,0.0,0.488455,0.0,0.0,1.0,0.0,1.0,0.0,1.0,0.0,additive
S. aureus,iYS1720,lpxD,NE_STM1695,essential,non-essential,ess_ne,0.488455,0.0,0.488455,0.0,0.0,1.0,0.0,1.0,0.0,1.0,0.0,additive
S. aureus,iYS1720,lpxD,NE_STM3870,essential,non-essential,ess_ne,0.488455,0.0,0.118007,0.0,0.0,0.241593,0.0,1.0,0.758407,1.0,0.0,additive
S. aureus,iYS1720,fabI,fabH,essential,essential,ess_ess,0.488455,0.0,0.488455,0.0,0.0,1.0,0.0,1.0,0.0,1.0,0.0,additive
S. aureus,iYS1720,fabI,accA,essential,essential,ess_ess,0.488455,0.0,0.0,0.0,0.0,0.0,0.0,1.0,1.0,1.0,0.0,additive
S. aureus,iYS1720,fabI,folA,essential,essential,ess_ess,0.488455,0.0,0.0,0.0,0.0,0.0,0.0,1.0,1.0,1.0,0.0,additive
S. aureus,iYS1720,fabI,folP,essential,essential,ess_ess,0.488455,0.0,0.0,0.0,0.0,0.0,0.0,1.0,1.0,1.0,0.0,additive
S. aureus,iYS1720,fabI,dxr,essential,essential,ess_ess,0.488455,0.0,0.488455,0.0,0.0,1.0,0.0,1.0,-0.0,1.0,0.0,additive
S. aureus,iYS1720,fabI,ispD,essential,essential,ess_ess,0.488455,0.0,0.488455,0.0,0.0,1.0,0.0,1.0,0.0,1.0,0.0,additive
S. aureus,iYS1720,fabI,msbA,essential,essential,ess_ess,0.488455,0.0,0.0,0.0,0.0,0.0,0.0,1.0,1.0,1.0,0.0,additive
S. aureus,iYS1720,fabI,NE_STM3136,essential,non-essential,ess_ne,0.488455,0.0,0.488455,0.0,0.0,1.0,0.0,1.0,0.0,1.0,0.0,additive
S. aureus,iYS1720,fabI,NE_AFW04865_AT1,essential,non-essential,ess_ne,0.488455,0.0,0.488455,0.0,0.0,1.0,0.0,1.0,0.0,1.0,0.0,additive
S. aureus,iYS1720,fabI,NE_STM2318,essential,non-essential,ess_ne,0.488455,0.0,0.416398,0.0,0.0,0.852481,0.0,1.0,0.147519,1.0,0.0,additive
S. aureus,iYS1720,fabI,NE_EcDH1_3345,essential,non-essential,ess_ne,0.488455,0.0,0.488455,0.0,0.0,1.0,0.0,1.0,0.0,1.0,0.0,additive
S. aureus,iYS1720,fabI,NE_STM2078,essential,non-essential,ess_ne,0.488455,0.0,0.0,0.0,0.0,0.0,0.0,1.0,1.0,1.0,0.0,additive
S. aureus,iYS1720,fabI,NE_STM1517,essential,non-essential,ess_ne,0.488455,0.0,0.488455,0.0,0.0,1.0,0.0,1.0,0.0,1.0,0.0,additive
S. aureus,iYS1720,fabI,NE_AFW04829_AT1,essential,non-essential,ess_ne,0.488455,0.0,0.488455,0.0,0.0,1.0,0.0,1.0,0.0,1.0,0.0,additive
S. aureus,iYS1720,fabI,NE_STM3542,essential,non-essential,ess_ne,0.488455,0.0,0.488455,0.0,0.0,1.0,0.0,1.0,0.0,1.0,0.0,additive
S. aureus,iYS1720,fabI,NE_STM3243,essential,non-essential,ess_ne,0.488455,0.0,0.488455,0.0,0.0,1.0,0.0,1.0,0.0,1.0,0.0,additive
S. aureus,iYS1720,fabI,NE_STM3338,essential,non-essential,ess_ne,0.488455,0.0,0.488455,0.0,0.0,1.0,0.0,1.0,0.0,1.0,0.0,additive
S. aureus,iYS1720,fabI,NE_STM4385,essential,non-essential,ess_ne,0.488455,0.0,0.488455,0.0,0.0,1.0,0.0,1.0,0.0,1.0,0.0,additive
S. aureus,iYS1720,fabI,NE_STM1293,essential,non-essential,ess_ne,0.488455,0.0,0.488455,0.0,0.0,1.0,0.0,1.0,0.0,1.0,0.0,additive
S. aureus,iYS1720,fabI,NE_STM1197,essential,non-essential,ess_ne,0.488455,0.0,0.0,0.0,0.0,0.0,0.0,1.0,1.0,1.0,0.0,additive
S. aureus,iYS1720,fabI,NE_STM3354,essential,non-essential,ess_ne,0.488455,0.0,0.488455,0.0,0.0,1.0,0.0,1.0,0.0,1.0,0.0,additive
S. aureus,iYS1720,fabI,NE_STM3339,essential,non-essential,ess_ne,0.488455,0.0,0.488455,0.0,0.0,1.0,0.0,1.0,0.0,1.0,0.0,additive
S. aureus,iYS1720,fabI,NE_STM2298,essential,non-essential,ess_ne,0.488455,0.0,0.488455,0.0,0.0,1.0,0.0,1.0,0.0,1.0,0.0,additive
S. aureus,iYS1720,fabI,NE_STM4130,essential,non-essential,ess_ne,0.488455,0.0,0.488455,0.0,0.0,1.0,0.0,1.0,0.0,1.0,0.0,additive
S. aureus,iYS1720,fabI,NE_STM0958,essential,non-essential,ess_ne,0.488455,0.0,0.488455,0.0,0.0,1.0,0.0,1.0,0.0,1.0,0.0,additive
S. aureus,iYS1720,fabI,NE_EcolC_0220,essential,non-essential,ess_ne,0.488455,0.0,0.488455,0.0,0.0,1.0,0.0,1.0,0.0,1.0,0.0,additive
S. aureus,iYS1720,fabI,NE_STM2086,essential,non-essential,ess_ne,0.488455,0.0,0.488455,0.0,0.0,1.0,0.0,1.0,0.0,1.0,0.0,additive
S. aureus,iYS1720,fabI,NE_STM4341,essential,non-essential,ess_ne,0.488455,0.0,0.488455,0.0,0.0,1.0,0.0,1.0,0.0,1.0,0.0,additive
S. aureus,iYS1720,fabI,NE_STM0464,essential,non-essential,ess_ne,0.488455,0.0,0.486139,0.0,0.0,0.995259,0.0,1.0,0.004741,1.0,0.0,additive
S. aureus,iYS1720,fabI,NE_STM2533,essential,non-essential,ess_ne,0.488455,0.0,0.488455,0.0,0.0,1.0,0.0,1.0,0.0,1.0,0.0,additive
S. aureus,iYS1720,fabI,NE_STM4408,essential,non-essential,ess_ne,0.488455,0.0,0.488455,0.0,0.0,1.0,0.0,1.0,0.0,1.0,0.0,additive
S. aureus,iYS1720,fabI,NE_AFW04739_AT1,essential,non-essential,ess_ne,0.488455,0.0,0.488455,0.0,0.0,1.0,0.0,1.0,0.0,1.0,0.0,additive
S. aureus,iYS1720,fabI,NE_ADC54981_AT1,essential,non-essential,ess_ne,0.488455,0.0,0.488455,0.0,0.0,1.0,0.0,1.0,0.0,1.0,0.0,additive
S. aureus,iYS1720,fabI,NE_STM2094,essential,non-essential,ess_ne,0.488455,0.0,0.488455,0.0,0.0,1.0,0.0,1.0,0.0,1.0,0.0,additive
S. aureus,iYS1720,fabI,NE_STM3334,essential,non-essential,ess_ne,0.488455,0.0,0.488455,0.0,0.0,1.0,0.0,1.0,0.0,1.0,0.0,additive
S. aureus,iYS1720,fabI,NE_STM1695,essential,non-essential,ess_ne,0.488455,0.0,0.488455,0.0,0.0,1.0,0.0,1.0,0.0,1.0,0.0,additive
S. aureus,iYS1720,fabI,NE_STM3870,essential,non-essential,ess_ne,0.488455,0.0,0.118007,0.0,0.0,0.241593,0.0,1.0,0.758407,1.0,0.0,additive
S. aureus,iYS1720,fabH,accA,essential,essential,ess_ess,0.488455,0.488455,0.0,0.0,1.0,0.0,0.0,0.0,1.0,1.0,0.0,additive
S. aureus,iYS1720,fabH,folA,essential,essential,ess_ess,0.488455,0.488455,0.0,0.0,1.0,0.0,0.0,0.0,1.0,1.0,0.0,additive
S. aureus,iYS1720,fabH,folP,essential,essential,ess_ess,0.488455,0.488455,0.0,0.0,1.0,0.0,0.0,0.0,1.0,1.0,0.0,additive
S. aureus,iYS1720,fabH,dxr,essential,essential,ess_ess,0.488455,0.488455,0.488455,0.488455,1.0,1.0,1.0,0.0,-0.0,0.0,0.0,additive
S. aureus,iYS1720,fabH,ispD,essential,essential,ess_ess,0.488455,0.488455,0.488455,0.488455,1.0,1.0,1.0,0.0,0.0,0.0,0.0,additive
S. aureus,iYS1720,fabH,msbA,essential,essential,ess_ess,0.488455,0.488455,0.0,0.0,1.0,0.0,0.0,0.0,1.0,1.0,0.0,additive
S. aureus,iYS1720,fabH,NE_STM3136,essential,non-essential,ess_ne,0.488455,0.488455,0.488455,0.488455,1.0,1.0,1.0,0.0,0.0,-0.0,-0.0,additive
S. aureus,iYS1720,fabH,NE_AFW04865_AT1,essential,non-essential,ess_ne,0.488455,0.488455,0.488455,0.488455,1.0,1.0,1.0,0.0,0.0,0.0,-0.0,additive
S. aureus,iYS1720,fabH,NE_STM2318,essential,non-essential,ess_ne,0.488455,0.488455,0.416398,0.416398,1.0,0.852481,0.852481,0.0,0.147519,0.147519,-0.0,additive
S. aureus,iYS1720,fabH,NE_EcDH1_3345,essential,non-essential,ess_ne,0.488455,0.488455,0.488455,0.488455,1.0,1.0,1.0,0.0,0.0,0.0,-0.0,additive
S. aureus,iYS1720,fabH,NE_STM2078,essential,non-essential,ess_ne,0.488455,0.488455,0.0,0.0,1.0,0.0,0.0,0.0,1.0,1.0,0.0,additive
S. aureus,iYS1720,fabH,NE_STM1517,essential,non-essential,ess_ne,0.488455,0.488455,0.488455,0.488455,1.0,1.0,1.0,0.0,0.0,0.0,-0.0,additive
S. aureus,iYS1720,fabH,NE_AFW04829_AT1,essential,non-essential,ess_ne,0.488455,0.488455,0.488455,0.488455,1.0,1.0,1.0,0.0,0.0,0.0,-0.0,additive
S. aureus,iYS1720,fabH,NE_STM3542,essential,non-essential,ess_ne,0.488455,0.488455,0.488455,0.488455,1.0,1.0,1.0,0.0,0.0,0.0,-0.0,additive
S. aureus,iYS1720,fabH,NE_STM3243,essential,non-essential,ess_ne,0.488455,0.488455,0.488455,0.488455,1.0,1.0,1.0,0.0,0.0,0.0,-0.0,additive
S. aureus,iYS1720,fabH,NE_STM3338,essential,non-essential,ess_ne,0.488455,0.488455,0.488455,0.488455,1.0,1.0,1.0,0.0,0.0,0.0,-0.0,additive
S. aureus,iYS1720,fabH,NE_STM4385,essential,non-essential,ess_ne,0.488455,0.488455,0.488455,0.488455,1.0,1.0,1.0,0.0,0.0,0.0,-0.0,additive
S. aureus,iYS1720,fabH,NE_STM1293,essential,non-essential,ess_ne,0.488455,0.488455,0.488455,0.488455,1.0,1.0,1.0,0.0,0.0,0.0,-0.0,additive
S. aureus,iYS1720,fabH,NE_STM1197,essential,non-essential,ess_ne,0.488455,0.488455,0.0,0.0,1.0,0.0,0.0,0.0,1.0,1.0,0.0,additive
S. aureus,iYS1720,fabH,NE_STM3354,essential,non-essential,ess_ne,0.488455,0.488455,0.488455,0.488455,1.0,1.0,1.0,0.0,0.0,0.0,-0.0,additive
S. aureus,iYS1720,fabH,NE_STM3339,essential,non-essential,ess_ne,0.488455,0.488455,0.488455,0.488455,1.0,1.0,1.0,0.0,0.0,0.0,-0.0,additive
S. aureus,iYS1720,fabH,NE_STM2298,essential,non-essential,ess_ne,0.488455,0.488455,0.488455,0.488455,1.0,1.0,1.0,0.0,0.0,0.0,-0.0,additive
S. aureus,iYS1720,fabH,NE_STM4130,essential,non-essential,ess_ne,0.488455,0.488455,0.488455,0.488455,1.0,1.0,1.0,0.0,0.0,0.0,-0.0,additive
S. aureus,iYS1720,fabH,NE_STM0958,essential,non-essential,ess_ne,0.488455,0.488455,0.488455,0.488455,1.0,1.0,1.0,0.0,0.0,0.0,-0.0,additive
S. aureus,iYS1720,fabH,NE_EcolC_0220,essential,non-essential,ess_ne,0.488455,0.488455,0.488455,0.488455,1.0,1.0,1.0,0.0,0.0,0.0,-0.0,additive
S. aureus,iYS1720,fabH,NE_STM2086,essential,non-essential,ess_ne,0.488455,0.488455,0.488455,0.488455,1.0,1.0,1.0,0.0,0.0,0.0,-0.0,additive
S. aureus,iYS1720,fabH,NE_STM4341,essential,non-essential,ess_ne,0.488455,0.488455,0.488455,0.488455,1.0,1.0,1.0,0.0,0.0,0.0,-0.0,additive
S. aureus,iYS1720,fabH,NE_STM0464,essential,non-essential,ess_ne,0.488455,0.488455,0.486139,0.485661,1.0,0.995259,0.994281,0.0,0.004741,0.005719,0.000979,additive
S. aureus,iYS1720,fabH,NE_STM2533,essential,non-essential,ess_ne,0.488455,0.488455,0.488455,0.488455,1.0,1.0,1.0,0.0,0.0,0.0,-0.0,additive
S. aureus,iYS1720,fabH,NE_STM4408,essential,non-essential,ess_ne,0.488455,0.488455,0.488455,0.488455,1.0,1.0,1.0,0.0,0.0,0.0,0.0,additive
S. aureus,iYS1720,fabH,NE_AFW04739_AT1,essential,non-essential,ess_ne,0.488455,0.488455,0.488455,0.488455,1.0,1.0,1.0,0.0,0.0,0.0,0.0,additive
S. aureus,iYS1720,fabH,NE_ADC54981_AT1,essential,non-essential,ess_ne,0.488455,0.488455,0.488455,0.488455,1.0,1.0,1.0,0.0,0.0,0.0,0.0,additive
S. aureus,iYS1720,fabH,NE_STM2094,essential,non-essential,ess_ne,0.488455,0.488455,0.488455,0.488455,1.0,1.0,1.0,0.0,0.0,0.0,0.0,additive
S. aureus,iYS1720,fabH,NE_STM3334,essential,non-essential,ess_ne,0.488455,0.488455,0.488455,0.488455,1.0,1.0,1.0,0.0,0.0,0.0,0.0,additive
S. aureus,iYS1720,fabH,NE_STM1695,essential,non-essential,ess_ne,0.488455,0.488455,0.488455,0.488455,1.0,1.0,1.0,0.0,0.0,0.0,0.0,additive
S. aureus,iYS1720,fabH,NE_STM3870,essential,non-essential,ess_ne,0.488455,0.488455,0.118007,0.118007,1.0,0.241593,0.241593,0.0,0.758407,0.758407,-0.0,additive
S. aureus,iYS1720,accA,folA,essential,essential,ess_ess,0.488455,0.0,0.0,0.0,0.0,0.0,0.0,1.0,1.0,1.0,-0.0,additive
S. aureus,iYS1720,accA,folP,essential,essential,ess_ess,0.488455,0.0,0.0,-0.0,0.0,0.0,-0.0,1.0,1.0,1.0,0.0,additive
S. aureus,iYS1720,accA,dxr,essential,essential,ess_ess,0.488455,0.0,0.488455,0.0,0.0,1.0,0.0,1.0,-0.0,1.0,-0.0,additive
S. aureus,iYS1720,accA,ispD,essential,essential,ess_ess,0.488455,0.0,0.488455,0.0,0.0,1.0,0.0,1.0,0.0,1.0,0.0,additive
S. aureus,iYS1720,accA,msbA,essential,essential,ess_ess,0.488455,0.0,0.0,0.0,0.0,0.0,0.0,1.0,1.0,1.0,0.0,additive
S. aureus,iYS1720,accA,NE_STM3136,essential,non-essential,ess_ne,0.488455,0.0,0.488455,0.0,0.0,1.0,0.0,1.0,0.0,1.0,0.0,additive
S. aureus,iYS1720,accA,NE_AFW04865_AT1,essential,non-essential,ess_ne,0.488455,0.0,0.488455,0.0,0.0,1.0,0.0,1.0,0.0,1.0,0.0,additive
S. aureus,iYS1720,accA,NE_STM2318,essential,non-essential,ess_ne,0.488455,0.0,0.416398,0.0,0.0,0.852481,0.0,1.0,0.147519,1.0,0.0,additive
S. aureus,iYS1720,accA,NE_EcDH1_3345,essential,non-essential,ess_ne,0.488455,0.0,0.488455,0.0,0.0,1.0,0.0,1.0,0.0,1.0,0.0,additive
S. aureus,iYS1720,accA,NE_STM2078,essential,non-essential,ess_ne,0.488455,0.0,0.0,0.0,0.0,0.0,0.0,1.0,1.0,1.0,0.0,additive
S. aureus,iYS1720,accA,NE_STM1517,essential,non-essential,ess_ne,0.488455,0.0,0.488455,0.0,0.0,1.0,0.0,1.0,0.0,1.0,0.0,additive
S. aureus,iYS1720,accA,NE_AFW04829_AT1,essential,non-essential,ess_ne,0.488455,0.0,0.488455,0.0,0.0,1.0,0.0,1.0,0.0,1.0,0.0,additive
S. aureus,iYS1720,accA,NE_STM3542,essential,non-essential,ess_ne,0.488455,0.0,0.488455,0.0,0.0,1.0,0.0,1.0,0.0,1.0,0.0,additive
S. aureus,iYS1720,accA,NE_STM3243,essential,non-essential,ess_ne,0.488455,0.0,0.488455,0.0,0.0,1.0,0.0,1.0,0.0,1.0,0.0,additive
S. aureus,iYS1720,accA,NE_STM3338,essential,non-essential,ess_ne,0.488455,0.0,0.488455,0.0,0.0,1.0,0.0,1.0,0.0,1.0,0.0,additive
S. aureus,iYS1720,accA,NE_STM4385,essential,non-essential,ess_ne,0.488455,0.0,0.488455,0.0,0.0,1.0,0.0,1.0,0.0,1.0,0.0,additive
S. aureus,iYS1720,accA,NE_STM1293,essential,non-essential,ess_ne,0.488455,0.0,0.488455,0.0,0.0,1.0,0.0,1.0,0.0,1.0,0.0,additive
S. aureus,iYS1720,accA,NE_STM1197,essential,non-essential,ess_ne,0.488455,0.0,0.0,0.0,0.0,0.0,0.0,1.0,1.0,1.0,0.0,additive
S. aureus,iYS1720,accA,NE_STM3354,essential,non-essential,ess_ne,0.488455,0.0,0.488455,0.0,0.0,1.0,0.0,1.0,0.0,1.0,0.0,additive
S. aureus,iYS1720,accA,NE_STM3339,essential,non-essential,ess_ne,0.488455,0.0,0.488455,0.0,0.0,1.0,0.0,1.0,0.0,1.0,0.0,additive
S. aureus,iYS1720,accA,NE_STM2298,essential,non-essential,ess_ne,0.488455,0.0,0.488455,0.0,0.0,1.0,0.0,1.0,0.0,1.0,0.0,additive
S. aureus,iYS1720,accA,NE_STM4130,essential,non-essential,ess_ne,0.488455,0.0,0.488455,0.0,0.0,1.0,0.0,1.0,0.0,1.0,0.0,additive
S. aureus,iYS1720,accA,NE_STM0958,essential,non-essential,ess_ne,0.488455,0.0,0.488455,0.0,0.0,1.0,0.0,1.0,0.0,1.0,0.0,additive
S. aureus,iYS1720,accA,NE_EcolC_0220,essential,non-essential,ess_ne,0.488455,0.0,0.488455,0.0,0.0,1.0,0.0,1.0,0.0,1.0,0.0,additive
S. aureus,iYS1720,accA,NE_STM2086,essential,non-essential,ess_ne,0.488455,0.0,0.488455,0.0,0.0,1.0,0.0,1.0,0.0,1.0,0.0,additive
S. aureus,iYS1720,accA,NE_STM4341,essential,non-essential,ess_ne,0.488455,0.0,0.488455,0.0,0.0,1.0,0.0,1.0,0.0,1.0,0.0,additive
S. aureus,iYS1720,accA,NE_STM0464,essential,non-essential,ess_ne,0.488455,0.0,0.486139,0.0,0.0,0.995259,0.0,1.0,0.004741,1.0,0.0,additive
S. aureus,iYS1720,accA,NE_STM2533,essential,non-essential,ess_ne,0.488455,0.0,0.488455,0.0,0.0,1.0,0.0,1.0,0.0,1.0,0.0,additive
S. aureus,iYS1720,accA,NE_STM4408,essential,non-essential,ess_ne,0.488455,0.0,0.488455,0.0,0.0,1.0,0.0,1.0,0.0,1.0,0.0,additive
S. aureus,iYS1720,accA,NE_AFW04739_AT1,essential,non-essential,ess_ne,0.488455,0.0,0.488455,0.0,0.0,1.0,0.0,1.0,0.0,1.0,0.0,additive
S. aureus,iYS1720,accA,NE_ADC54981_AT1,essential,non-essential,ess_ne,0.488455,0.0,0.488455,0.0,0.0,1.0,0.0,1.0,0.0,1.0,0.0,additive
S. aureus,iYS1720,accA,NE_STM2094,essential,non-essential,ess_ne,0.488455,0.0,0.488455,0.0,0.0,1.0,0.0,1.0,0.0,1.0,0.0,additive
S. aureus,iYS1720,accA,NE_STM3334,essential,non-essential,ess_ne,0.488455,0.0,0.488455,0.0,0.0,1.0,0.0,1.0,0.0,1.0,0.0,additive
S. aureus,iYS1720,accA,NE_STM1695,essential,non-essential,ess_ne,0.488455,0.0,0.488455,0.0,0.0,1.0,0.0,1.0,0.0,1.0,0.0,additive
S. aureus,iYS1720,accA,NE_STM3870,essential,non-essential,ess_ne,0.488455,0.0,0.118007,0.0,0.0,0.241593,0.0,1.0,0.758407,1.0,0.0,additive
S. aureus,iYS1720,folA,folP,essential,essential,ess_ess,0.488455,0.0,0.0,0.0,0.0,0.0,0.0,1.0,1.0,1.0,0.0,additive
S. aureus,iYS1720,folA,dxr,essential,essential,ess_ess,0.488455,0.0,0.488455,-0.0,0.0,1.0,-0.0,1.0,-0.0,1.0,0.0,additive
S. aureus,iYS1720,folA,ispD,essential,essential,ess_ess,0.488455,0.0,0.488455,-0.0,0.0,1.0,-0.0,1.0,0.0,1.0,0.0,additive
S. aureus,iYS1720,folA,msbA,essential,essential,ess_ess,0.488455,0.0,0.0,-0.0,0.0,0.0,-0.0,1.0,1.0,1.0,0.0,additive
S. aureus,iYS1720,folA,NE_STM3136,essential,non-essential,ess_ne,0.488455,0.0,0.488455,-0.0,0.0,1.0,-0.0,1.0,0.0,1.0,0.0,additive
S. aureus,iYS1720,folA,NE_AFW04865_AT1,essential,non-essential,ess_ne,0.488455,0.0,0.488455,-0.0,0.0,1.0,-0.0,1.0,0.0,1.0,0.0,additive
S. aureus,iYS1720,folA,NE_STM2318,essential,non-essential,ess_ne,0.488455,0.0,0.416398,-0.0,0.0,0.852481,-0.0,1.0,0.147519,1.0,0.0,additive
S. aureus,iYS1720,folA,NE_EcDH1_3345,essential,non-essential,ess_ne,0.488455,0.0,0.488455,-0.0,0.0,1.0,-0.0,1.0,0.0,1.0,0.0,additive
S. aureus,iYS1720,folA,NE_STM2078,essential,non-essential,ess_ne,0.488455,0.0,0.0,-0.0,0.0,0.0,-0.0,1.0,1.0,1.0,0.0,additive
S. aureus,iYS1720,folA,NE_STM1517,essential,non-essential,ess_ne,0.488455,0.0,0.488455,-0.0,0.0,1.0,-0.0,1.0,0.0,1.0,0.0,additive
S. aureus,iYS1720,folA,NE_AFW04829_AT1,essential,non-essential,ess_ne,0.488455,0.0,0.488455,-0.0,0.0,1.0,-0.0,1.0,0.0,1.0,0.0,additive
S. aureus,iYS1720,folA,NE_STM3542,essential,non-essential,ess_ne,0.488455,0.0,0.488455,-0.0,0.0,1.0,-0.0,1.0,0.0,1.0,0.0,additive
S. aureus,iYS1720,folA,NE_STM3243,essential,non-essential,ess_ne,0.488455,0.0,0.488455,-0.0,0.0,1.0,-0.0,1.0,0.0,1.0,0.0,additive
S. aureus,iYS1720,folA,NE_STM3338,essential,non-essential,ess_ne,0.488455,0.0,0.488455,-0.0,0.0,1.0,-0.0,1.0,0.0,1.0,0.0,additive
S. aureus,iYS1720,folA,NE_STM4385,essential,non-essential,ess_ne,0.488455,0.0,0.488455,-0.0,0.0,1.0,-0.0,1.0,0.0,1.0,0.0,additive
S. aureus,iYS1720,folA,NE_STM1293,essential,non-essential,ess_ne,0.488455,0.0,0.488455,-0.0,0.0,1.0,-0.0,1.0,0.0,1.0,0.0,additive
S. aureus,iYS1720,folA,NE_STM1197,essential,non-essential,ess_ne,0.488455,0.0,0.0,-0.0,0.0,0.0,-0.0,1.0,1.0,1.0,0.0,additive
S. aureus,iYS1720,folA,NE_STM3354,essential,non-essential,ess_ne,0.488455,0.0,0.488455,-0.0,0.0,1.0,-0.0,1.0,0.0,1.0,0.0,additive
S. aureus,iYS1720,folA,NE_STM3339,essential,non-essential,ess_ne,0.488455,0.0,0.488455,-0.0,0.0,1.0,-0.0,1.0,0.0,1.0,0.0,additive
S. aureus,iYS1720,folA,NE_STM2298,essential,non-essential,ess_ne,0.488455,0.0,0.488455,-0.0,0.0,1.0,-0.0,1.0,0.0,1.0,0.0,additive
S. aureus,iYS1720,folA,NE_STM4130,essential,non-essential,ess_ne,0.488455,0.0,0.488455,-0.0,0.0,1.0,-0.0,1.0,0.0,1.0,0.0,additive
S. aureus,iYS1720,folA,NE_STM0958,essential,non-essential,ess_ne,0.488455,0.0,0.488455,-0.0,0.0,1.0,-0.0,1.0,0.0,1.0,0.0,additive
S. aureus,iYS1720,folA,NE_EcolC_0220,essential,non-essential,ess_ne,0.488455,0.0,0.488455,-0.0,0.0,1.0,-0.0,1.0,0.0,1.0,0.0,additive
S. aureus,iYS1720,folA,NE_STM2086,essential,non-essential,ess_ne,0.488455,0.0,0.488455,-0.0,0.0,1.0,-0.0,1.0,0.0,1.0,0.0,additive
S. aureus,iYS1720,folA,NE_STM4341,essential,non-essential,ess_ne,0.488455,0.0,0.488455,-0.0,0.0,1.0,-0.0,1.0,0.0,1.0,0.0,additive
S. aureus,iYS1720,folA,NE_STM0464,essential,non-essential,ess_ne,0.488455,0.0,0.486139,-0.0,0.0,0.995259,-0.0,1.0,0.004741,1.0,0.0,additive
S. aureus,iYS1720,folA,NE_STM2533,essential,non-essential,ess_ne,0.488455,0.0,0.488455,-0.0,0.0,1.0,-0.0,1.0,0.0,1.0,0.0,additive
S. aureus,iYS1720,folA,NE_STM4408,essential,non-essential,ess_ne,0.488455,0.0,0.488455,-0.0,0.0,1.0,-0.0,1.0,0.0,1.0,0.0,additive
S. aureus,iYS1720,folA,NE_AFW04739_AT1,essential,non-essential,ess_ne,0.488455,0.0,0.488455,-0.0,0.0,1.0,-0.0,1.0,0.0,1.0,0.0,additive
S. aureus,iYS1720,folA,NE_ADC54981_AT1,essential,non-essential,ess_ne,0.488455,0.0,0.488455,-0.0,0.0,1.0,-0.0,1.0,0.0,1.0,0.0,additive
S. aureus,iYS1720,folA,NE_STM2094,essential,non-essential,ess_ne,0.488455,0.0,0.488455,-0.0,0.0,1.0,-0.0,1.0,0.0,1.0,0.0,additive
S. aureus,iYS1720,folA,NE_STM3334,essential,non-essential,ess_ne,0.488455,0.0,0.488455,-0.0,0.0,1.0,-0.0,1.0,0.0,1.0,0.0,additive
S. aureus,iYS1720,folA,NE_STM1695,essential,non-essential,ess_ne,0.488455,0.0,0.488455,-0.0,0.0,1.0,-0.0,1.0,0.0,1.0,0.0,additive
S. aureus,iYS1720,folA,NE_STM3870,essential,non-essential,ess_ne,0.488455,0.0,0.118007,-0.0,0.0,0.241593,-0.0,1.0,0.758407,1.0,0.0,additive
S. aureus,iYS1720,folP,dxr,essential,essential,ess_ess,0.488455,0.0,0.488455,-0.0,0.0,1.0,-0.0,1.0,-0.0,1.0,0.0,additive
S. aureus,iYS1720,folP,ispD,essential,essential,ess_ess,0.488455,0.0,0.488455,0.0,0.0,1.0,0.0,1.0,0.0,1.0,0.0,additive
S. aureus,iYS1720,folP,msbA,essential,essential,ess_ess,0.488455,0.0,0.0,0.0,0.0,0.0,0.0,1.0,1.0,1.0,0.0,additive
S. aureus,iYS1720,folP,NE_STM3136,essential,non-essential,ess_ne,0.488455,0.0,0.488455,0.0,0.0,1.0,0.0,1.0,0.0,1.0,0.0,additive
S. aureus,iYS1720,folP,NE_AFW04865_AT1,essential,non-essential,ess_ne,0.488455,0.0,0.488455,0.0,0.0,1.0,0.0,1.0,0.0,1.0,0.0,additive
S. aureus,iYS1720,folP,NE_STM2318,essential,non-essential,ess_ne,0.488455,0.0,0.416398,0.0,0.0,0.852481,0.0,1.0,0.147519,1.0,0.0,additive
S. aureus,iYS1720,folP,NE_EcDH1_3345,essential,non-essential,ess_ne,0.488455,0.0,0.488455,0.0,0.0,1.0,0.0,1.0,0.0,1.0,0.0,additive
S. aureus,iYS1720,folP,NE_STM2078,essential,non-essential,ess_ne,0.488455,0.0,0.0,0.0,0.0,0.0,0.0,1.0,1.0,1.0,0.0,additive
S. aureus,iYS1720,folP,NE_STM1517,essential,non-essential,ess_ne,0.488455,0.0,0.488455,0.0,0.0,1.0,0.0,1.0,0.0,1.0,0.0,additive
S. aureus,iYS1720,folP,NE_AFW04829_AT1,essential,non-essential,ess_ne,0.488455,0.0,0.488455,0.0,0.0,1.0,0.0,1.0,0.0,1.0,0.0,additive
S. aureus,iYS1720,folP,NE_STM3542,essential,non-essential,ess_ne,0.488455,0.0,0.488455,0.0,0.0,1.0,0.0,1.0,0.0,1.0,0.0,additive
S. aureus,iYS1720,folP,NE_STM3243,essential,non-essential,ess_ne,0.488455,0.0,0.488455,0.0,0.0,1.0,0.0,1.0,0.0,1.0,0.0,additive
S. aureus,iYS1720,folP,NE_STM3338,essential,non-essential,ess_ne,0.488455,0.0,0.488455,0.0,0.0,1.0,0.0,1.0,0.0,1.0,0.0,additive
S. aureus,iYS1720,folP,NE_STM4385,essential,non-essential,ess_ne,0.488455,0.0,0.488455,0.0,0.0,1.0,0.0,1.0,0.0,1.0,0.0,additive
S. aureus,iYS1720,folP,NE_STM1293,essential,non-essential,ess_ne,0.488455,0.0,0.488455,0.0,0.0,1.0,0.0,1.0,0.0,1.0,0.0,additive
S. aureus,iYS1720,folP,NE_STM1197,essential,non-essential,ess_ne,0.488455,0.0,0.0,0.0,0.0,0.0,0.0,1.0,1.0,1.0,0.0,additive
S. aureus,iYS1720,folP,NE_STM3354,essential,non-essential,ess_ne,0.488455,0.0,0.488455,0.0,0.0,1.0,0.0,1.0,0.0,1.0,0.0,additive
S. aureus,iYS1720,folP,NE_STM3339,essential,non-essential,ess_ne,0.488455,0.0,0.488455,0.0,0.0,1.0,0.0,1.0,0.0,1.0,0.0,additive
S. aureus,iYS1720,folP,NE_STM2298,essential,non-essential,ess_ne,0.488455,0.0,0.488455,0.0,0.0,1.0,0.0,1.0,0.0,1.0,0.0,additive
S. aureus,iYS1720,folP,NE_STM4130,essential,non-essential,ess_ne,0.488455,0.0,0.488455,0.0,0.0,1.0,0.0,1.0,0.0,1.0,0.0,additive
S. aureus,iYS1720,folP,NE_STM0958,essential,non-essential,ess_ne,0.488455,0.0,0.488455,0.0,0.0,1.0,0.0,1.0,0.0,1.0,0.0,additive
S. aureus,iYS1720,folP,NE_EcolC_0220,essential,non-essential,ess_ne,0.488455,0.0,0.488455,0.0,0.0,1.0,0.0,1.0,0.0,1.0,0.0,additive
S. aureus,iYS1720,folP,NE_STM2086,essential,non-essential,ess_ne,0.488455,0.0,0.488455,0.0,0.0,1.0,0.0,1.0,0.0,1.0,0.0,additive
S. aureus,iYS1720,folP,NE_STM4341,essential,non-essential,ess_ne,0.488455,0.0,0.488455,0.0,0.0,1.0,0.0,1.0,0.0,1.0,0.0,additive
S. aureus,iYS1720,folP,NE_STM0464,essential,non-essential,ess_ne,0.488455,0.0,0.486139,0.0,0.0,0.995259,0.0,1.0,0.004741,1.0,0.0,additive
S. aureus,iYS1720,folP,NE_STM2533,essential,non-essential,ess_ne,0.488455,0.0,0.488455,0.0,0.0,1.0,0.0,1.0,0.0,1.0,0.0,additive
S. aureus,iYS1720,folP,NE_STM4408,essential,non-essential,ess_ne,0.488455,0.0,0.488455,0.0,0.0,1.0,0.0,1.0,0.0,1.0,0.0,additive
S. aureus,iYS1720,folP,NE_AFW04739_AT1,essential,non-essential,ess_ne,0.488455,0.0,0.488455,0.0,0.0,1.0,0.0,1.0,0.0,1.0,0.0,additive
S. aureus,iYS1720,folP,NE_ADC54981_AT1,essential,non-essential,ess_ne,0.488455,0.0,0.488455,0.0,0.0,1.0,0.0,1.0,0.0,1.0,0.0,additive
S. aureus,iYS1720,folP,NE_STM2094,essential,non-essential,ess_ne,0.488455,0.0,0.488455,0.0,0.0,1.0,0.0,1.0,0.0,1.0,0.0,additive
S. aureus,iYS1720,folP,NE_STM3334,essential,non-essential,ess_ne,0.488455,0.0,0.488455,0.0,0.0,1.0,0.0,1.0,0.0,1.0,0.0,additive
S. aureus,iYS1720,folP,NE_STM1695,essential,non-essential,ess_ne,0.488455,0.0,0.488455,0.0,0.0,1.0,0.0,1.0,0.0,1.0,0.0,additive
S. aureus,iYS1720,folP,NE_STM3870,essential,non-essential,ess_ne,0.488455,0.0,0.118007,0.0,0.0,0.241593,0.0,1.0,0.758407,1.0,0.0,additive
S. aureus,iYS1720,dxr,ispD,essential,essential,ess_ess,0.488455,0.488455,0.488455,0.488455,1.0,1.0,1.0,-0.0,0.0,0.0,0.0,additive
S. aureus,iYS1720,dxr,msbA,essential,essential,ess_ess,0.488455,0.488455,0.0,-0.0,1.0,0.0,-0.0,-0.0,1.0,1.0,0.0,additive
S. aureus,iYS1720,dxr,NE_STM3136,essential,non-essential,ess_ne,0.488455,0.488455,0.488455,0.488455,1.0,1.0,1.0,-0.0,0.0,0.0,0.0,additive
S. aureus,iYS1720,dxr,NE_AFW04865_AT1,essential,non-essential,ess_ne,0.488455,0.488455,0.488455,0.488455,1.0,1.0,1.0,-0.0,0.0,0.0,0.0,additive
S. aureus,iYS1720,dxr,NE_STM2318,essential,non-essential,ess_ne,0.488455,0.488455,0.416398,0.416398,1.0,0.852481,0.852481,-0.0,0.147519,0.147519,-0.0,additive
S. aureus,iYS1720,dxr,NE_EcDH1_3345,essential,non-essential,ess_ne,0.488455,0.488455,0.488455,0.488455,1.0,1.0,1.0,-0.0,0.0,0.0,0.0,additive
S. aureus,iYS1720,dxr,NE_STM2078,essential,non-essential,ess_ne,0.488455,0.488455,0.0,-0.0,1.0,0.0,-0.0,-0.0,1.0,1.0,0.0,additive
S. aureus,iYS1720,dxr,NE_STM1517,essential,non-essential,ess_ne,0.488455,0.488455,0.488455,0.488455,1.0,1.0,1.0,-0.0,0.0,0.0,-0.0,additive
S. aureus,iYS1720,dxr,NE_AFW04829_AT1,essential,non-essential,ess_ne,0.488455,0.488455,0.488455,0.488455,1.0,1.0,1.0,-0.0,0.0,0.0,0.0,additive
S. aureus,iYS1720,dxr,NE_STM3542,essential,non-essential,ess_ne,0.488455,0.488455,0.488455,0.488455,1.0,1.0,1.0,-0.0,0.0,0.0,0.0,additive
S. aureus,iYS1720,dxr,NE_STM3243,essential,non-essential,ess_ne,0.488455,0.488455,0.488455,0.488455,1.0,1.0,1.0,-0.0,0.0,0.0,0.0,additive
S. aureus,iYS1720,dxr,NE_STM3338,essential,non-essential,ess_ne,0.488455,0.488455,0.488455,0.488455,1.0,1.0,1.0,-0.0,0.0,0.0,0.0,additive
S. aureus,iYS1720,dxr,NE_STM4385,essential,non-essential,ess_ne,0.488455,0.488455,0.488455,0.488455,1.0,1.0,1.0,-0.0,0.0,0.0,0.0,additive
S. aureus,iYS1720,dxr,NE_STM1293,essential,non-essential,ess_ne,0.488455,0.488455,0.488455,0.488455,1.0,1.0,1.0,-0.0,0.0,0.0,0.0,additive
S. aureus,iYS1720,dxr,NE_STM1197,essential,non-essential,ess_ne,0.488455,0.488455,0.0,-0.0,1.0,0.0,-0.0,-0.0,1.0,1.0,0.0,additive
S. aureus,iYS1720,dxr,NE_STM3354,essential,non-essential,ess_ne,0.488455,0.488455,0.488455,0.488455,1.0,1.0,1.0,-0.0,0.0,0.0,-0.0,additive
S. aureus,iYS1720,dxr,NE_STM3339,essential,non-essential,ess_ne,0.488455,0.488455,0.488455,0.488455,1.0,1.0,1.0,-0.0,0.0,0.0,-0.0,additive
S. aureus,iYS1720,dxr,NE_STM2298,essential,non-essential,ess_ne,0.488455,0.488455,0.488455,0.488455,1.0,1.0,1.0,-0.0,0.0,0.0,-0.0,additive
S. aureus,iYS1720,dxr,NE_STM4130,essential,non-essential,ess_ne,0.488455,0.488455,0.488455,0.488455,1.0,1.0,1.0,-0.0,0.0,0.0,-0.0,additive
S. aureus,iYS1720,dxr,NE_STM0958,essential,non-essential,ess_ne,0.488455,0.488455,0.488455,0.488455,1.0,1.0,1.0,-0.0,0.0,0.0,-0.0,additive
S. aureus,iYS1720,dxr,NE_EcolC_0220,essential,non-essential,ess_ne,0.488455,0.488455,0.488455,0.488455,1.0,1.0,1.0,-0.0,0.0,0.0,-0.0,additive
S. aureus,iYS1720,dxr,NE_STM2086,essential,non-essential,ess_ne,0.488455,0.488455,0.488455,0.488455,1.0,1.0,1.0,-0.0,0.0,0.0,-0.0,additive
S. aureus,iYS1720,dxr,NE_STM4341,essential,non-essential,ess_ne,0.488455,0.488455,0.488455,0.488455,1.0,1.0,1.0,-0.0,0.0,0.0,-0.0,additive
S. aureus,iYS1720,dxr,NE_STM0464,essential,non-essential,ess_ne,0.488455,0.488455,0.486139,0.486139,1.0,0.995259,0.995259,-0.0,0.004741,0.004741,0.0,additive
S. aureus,iYS1720,dxr,NE_STM2533,essential,non-essential,ess_ne,0.488455,0.488455,0.488455,0.488455,1.0,1.0,1.0,-0.0,0.0,0.0,-0.0,additive
S. aureus,iYS1720,dxr,NE_STM4408,essential,non-essential,ess_ne,0.488455,0.488455,0.488455,0.488455,1.0,1.0,1.0,-0.0,0.0,0.0,0.0,additive
S. aureus,iYS1720,dxr,NE_AFW04739_AT1,essential,non-essential,ess_ne,0.488455,0.488455,0.488455,0.488455,1.0,1.0,1.0,-0.0,0.0,0.0,0.0,additive
S. aureus,iYS1720,dxr,NE_ADC54981_AT1,essential,non-essential,ess_ne,0.488455,0.488455,0.488455,0.488455,1.0,1.0,1.0,-0.0,0.0,0.0,0.0,additive
S. aureus,iYS1720,dxr,NE_STM2094,essential,non-essential,ess_ne,0.488455,0.488455,0.488455,0.488455,1.0,1.0,1.0,-0.0,0.0,0.0,0.0,additive
S. aureus,iYS1720,dxr,NE_STM3334,essential,non-essential,ess_ne,0.488455,0.488455,0.488455,0.488455,1.0,1.0,1.0,-0.0,0.0,0.0,0.0,additive
S. aureus,iYS1720,dxr,NE_STM1695,essential,non-essential,ess_ne,0.488455,0.488455,0.488455,0.488455,1.0,1.0,1.0,-0.0,0.0,0.0,0.0,additive
S. aureus,iYS1720,dxr,NE_STM3870,essential,non-essential,ess_ne,0.488455,0.488455,0.118007,0.118007,1.0,0.241593,0.241593,-0.0,0.758407,0.758407,-0.0,additive
S. aureus,iYS1720,ispD,msbA,essential,essential,ess_ess,0.488455,0.488455,0.0,-0.0,1.0,0.0,-0.0,0.0,1.0,1.0,0.0,additive
S. aureus,iYS1720,ispD,NE_STM3136,essential,non-essential,ess_ne,0.488455,0.488455,0.488455,0.488455,1.0,1.0,1.0,0.0,0.0,0.0,-0.0,additive
S. aureus,iYS1720,ispD,NE_AFW04865_AT1,essential,non-essential,ess_ne,0.488455,0.488455,0.488455,0.488455,1.0,1.0,1.0,0.0,0.0,0.0,-0.0,additive
S. aureus,iYS1720,ispD,NE_STM2318,essential,non-essential,ess_ne,0.488455,0.488455,0.416398,0.416398,1.0,0.852481,0.852481,0.0,0.147519,0.147519,-0.0,additive
S. aureus,iYS1720,ispD,NE_EcDH1_3345,essential,non-essential,ess_ne,0.488455,0.488455,0.488455,0.488455,1.0,1.0,1.0,0.0,0.0,0.0,0.0,additive
S. aureus,iYS1720,ispD,NE_STM2078,essential,non-essential,ess_ne,0.488455,0.488455,0.0,0.0,1.0,0.0,0.0,0.0,1.0,1.0,0.0,additive
S. aureus,iYS1720,ispD,NE_STM1517,essential,non-essential,ess_ne,0.488455,0.488455,0.488455,0.488455,1.0,1.0,1.0,0.0,0.0,0.0,-0.0,additive
S. aureus,iYS1720,ispD,NE_AFW04829_AT1,essential,non-essential,ess_ne,0.488455,0.488455,0.488455,0.488455,1.0,1.0,1.0,0.0,0.0,0.0,-0.0,additive
S. aureus,iYS1720,ispD,NE_STM3542,essential,non-essential,ess_ne,0.488455,0.488455,0.488455,0.488455,1.0,1.0,1.0,0.0,0.0,0.0,-0.0,additive
S. aureus,iYS1720,ispD,NE_STM3243,essential,non-essential,ess_ne,0.488455,0.488455,0.488455,0.488455,1.0,1.0,1.0,0.0,0.0,0.0,-0.0,additive
S. aureus,iYS1720,ispD,NE_STM3338,essential,non-essential,ess_ne,0.488455,0.488455,0.488455,0.488455,1.0,1.0,1.0,0.0,0.0,0.0,-0.0,additive
S. aureus,iYS1720,ispD,NE_STM4385,essential,non-essential,ess_ne,0.488455,0.488455,0.488455,0.488455,1.0,1.0,1.0,0.0,0.0,0.0,-0.0,additive
S. aureus,iYS1720,ispD,NE_STM1293,essential,non-essential,ess_ne,0.488455,0.488455,0.488455,0.488455,1.0,1.0,1.0,0.0,0.0,0.0,-0.0,additive
S. aureus,iYS1720,ispD,NE_STM1197,essential,non-essential,ess_ne,0.488455,0.488455,0.0,0.0,1.0,0.0,0.0,0.0,1.0,1.0,0.0,additive
S. aureus,iYS1720,ispD,NE_STM3354,essential,non-essential,ess_ne,0.488455,0.488455,0.488455,0.488455,1.0,1.0,1.0,0.0,0.0,0.0,-0.0,additive
S. aureus,iYS1720,ispD,NE_STM3339,essential,non-essential,ess_ne,0.488455,0.488455,0.488455,0.488455,1.0,1.0,1.0,0.0,0.0,0.0,-0.0,additive
S. aureus,iYS1720,ispD,NE_STM2298,essential,non-essential,ess_ne,0.488455,0.488455,0.488455,0.488455,1.0,1.0,1.0,0.0,0.0,0.0,-0.0,additive
S. aureus,iYS1720,ispD,NE_STM4130,essential,non-essential,ess_ne,0.488455,0.488455,0.488455,0.488455,1.0,1.0,1.0,0.0,0.0,0.0,-0.0,additive
S. aureus,iYS1720,ispD,NE_STM0958,essential,non-essential,ess_ne,0.488455,0.488455,0.488455,0.488455,1.0,1.0,1.0,0.0,0.0,0.0,-0.0,additive
S. aureus,iYS1720,ispD,NE_EcolC_0220,essential,non-essential,ess_ne,0.488455,0.488455,0.488455,0.488455,1.0,1.0,1.0,0.0,0.0,0.0,-0.0,additive
S. aureus,iYS1720,ispD,NE_STM2086,essential,non-essential,ess_ne,0.488455,0.488455,0.488455,0.488455,1.0,1.0,1.0,0.0,0.0,0.0,-0.0,additive
S. aureus,iYS1720,ispD,NE_STM4341,essential,non-essential,ess_ne,0.488455,0.488455,0.488455,0.488455,1.0,1.0,1.0,0.0,0.0,0.0,-0.0,additive
S. aureus,iYS1720,ispD,NE_STM0464,essential,non-essential,ess_ne,0.488455,0.488455,0.486139,0.486139,1.0,0.995259,0.995259,0.0,0.004741,0.004741,-0.0,additive
S. aureus,iYS1720,ispD,NE_STM2533,essential,non-essential,ess_ne,0.488455,0.488455,0.488455,0.488455,1.0,1.0,1.0,0.0,0.0,0.0,-0.0,additive
S. aureus,iYS1720,ispD,NE_STM4408,essential,non-essential,ess_ne,0.488455,0.488455,0.488455,0.488455,1.0,1.0,1.0,0.0,0.0,0.0,0.0,additive
S. aureus,iYS1720,ispD,NE_AFW04739_AT1,essential,non-essential,ess_ne,0.488455,0.488455,0.488455,0.488455,1.0,1.0,1.0,0.0,0.0,0.0,0.0,additive
S. aureus,iYS1720,ispD,NE_ADC54981_AT1,essential,non-essential,ess_ne,0.488455,0.488455,0.488455,0.488455,1.0,1.0,1.0,0.0,0.0,0.0,0.0,additive
S. aureus,iYS1720,ispD,NE_STM2094,essential,non-essential,ess_ne,0.488455,0.488455,0.488455,0.488455,1.0,1.0,1.0,0.0,0.0,0.0,0.0,additive
S. aureus,iYS1720,ispD,NE_STM3334,essential,non-essential,ess_ne,0.488455,0.488455,0.488455,0.488455,1.0,1.0,1.0,0.0,0.0,0.0,0.0,additive
S. aureus,iYS1720,ispD,NE_STM1695,essential,non-essential,ess_ne,0.488455,0.488455,0.488455,0.488455,1.0,1.0,1.0,0.0,0.0,0.0,0.0,additive
S. aureus,iYS1720,ispD,NE_STM3870,essential,non-essential,ess_ne,0.488455,0.488455,0.118007,0.118007,1.0,0.241593,0.241593,0.0,0.758407,0.758407,-0.0,additive
S. aureus,iYS1720,msbA,NE_STM3136,essential,non-essential,ess_ne,0.488455,0.0,0.488455,0.0,0.0,1.0,0.0,1.0,0.0,1.0,0.0,additive
S. aureus,iYS1720,msbA,NE_AFW04865_AT1,essential,non-essential,ess_ne,0.488455,0.0,0.488455,0.0,0.0,1.0,0.0,1.0,0.0,1.0,0.0,additive
S. aureus,iYS1720,msbA,NE_STM2318,essential,non-essential,ess_ne,0.488455,0.0,0.416398,0.0,0.0,0.852481,0.0,1.0,0.147519,1.0,0.0,additive
S. aureus,iYS1720,msbA,NE_EcDH1_3345,essential,non-essential,ess_ne,0.488455,0.0,0.488455,0.0,0.0,1.0,0.0,1.0,0.0,1.0,0.0,additive
S. aureus,iYS1720,msbA,NE_STM2078,essential,non-essential,ess_ne,0.488455,0.0,0.0,0.0,0.0,0.0,0.0,1.0,1.0,1.0,0.0,additive
S. aureus,iYS1720,msbA,NE_STM1517,essential,non-essential,ess_ne,0.488455,0.0,0.488455,0.0,0.0,1.0,0.0,1.0,0.0,1.0,0.0,additive
S. aureus,iYS1720,msbA,NE_AFW04829_AT1,essential,non-essential,ess_ne,0.488455,0.0,0.488455,0.0,0.0,1.0,0.0,1.0,0.0,1.0,0.0,additive
S. aureus,iYS1720,msbA,NE_STM3542,essential,non-essential,ess_ne,0.488455,0.0,0.488455,0.0,0.0,1.0,0.0,1.0,0.0,1.0,0.0,additive
S. aureus,iYS1720,msbA,NE_STM3243,essential,non-essential,ess_ne,0.488455,0.0,0.488455,0.0,0.0,1.0,0.0,1.0,0.0,1.0,0.0,additive
S. aureus,iYS1720,msbA,NE_STM3338,essential,non-essential,ess_ne,0.488455,0.0,0.488455,0.0,0.0,1.0,0.0,1.0,0.0,1.0,0.0,additive
S. aureus,iYS1720,msbA,NE_STM4385,essential,non-essential,ess_ne,0.488455,0.0,0.488455,0.0,0.0,1.0,0.0,1.0,0.0,1.0,0.0,additive
S. aureus,iYS1720,msbA,NE_STM1293,essential,non-essential,ess_ne,0.488455,0.0,0.488455,0.0,0.0,1.0,0.0,1.0,0.0,1.0,0.0,additive
S. aureus,iYS1720,msbA,NE_STM1197,essential,non-essential,ess_ne,0.488455,0.0,0.0,0.0,0.0,0.0,0.0,1.0,1.0,1.0,0.0,additive
S. aureus,iYS1720,msbA,NE_STM3354,essential,non-essential,ess_ne,0.488455,0.0,0.488455,0.0,0.0,1.0,0.0,1.0,0.0,1.0,0.0,additive
S. aureus,iYS1720,msbA,NE_STM3339,essential,non-essential,ess_ne,0.488455,0.0,0.488455,0.0,0.0,1.0,0.0,1.0,0.0,1.0,0.0,additive
S. aureus,iYS1720,msbA,NE_STM2298,essential,non-essential,ess_ne,0.488455,0.0,0.488455,0.0,0.0,1.0,0.0,1.0,0.0,1.0,0.0,additive
S. aureus,iYS1720,msbA,NE_STM4130,essential,non-essential,ess_ne,0.488455,0.0,0.488455,0.0,0.0,1.0,0.0,1.0,0.0,1.0,0.0,additive
S. aureus,iYS1720,msbA,NE_STM0958,essential,non-essential,ess_ne,0.488455,0.0,0.488455,0.0,0.0,1.0,0.0,1.0,0.0,1.0,0.0,additive
S. aureus,iYS1720,msbA,NE_EcolC_0220,essential,non-essential,ess_ne,0.488455,0.0,0.488455,0.0,0.0,1.0,0.0,1.0,0.0,1.0,0.0,additive
S. aureus,iYS1720,msbA,NE_STM2086,essential,non-essential,ess_ne,0.488455,0.0,0.488455,0.0,0.0,1.0,0.0,1.0,0.0,1.0,0.0,additive
S. aureus,iYS1720,msbA,NE_STM4341,essential,non-essential,ess_ne,0.488455,0.0,0.488455,0.0,0.0,1.0,0.0,1.0,0.0,1.0,0.0,additive
S. aureus,iYS1720,msbA,NE_STM0464,essential,non-essential,ess_ne,0.488455,0.0,0.486139,0.0,0.0,0.995259,0.0,1.0,0.004741,1.0,0.0,additive
S. aureus,iYS1720,msbA,NE_STM2533,essential,non-essential,ess_ne,0.488455,0.0,0.488455,0.0,0.0,1.0,0.0,1.0,0.0,1.0,0.0,additive
S. aureus,iYS1720,msbA,NE_STM4408,essential,non-essential,ess_ne,0.488455,0.0,0.488455,0.0,0.0,1.0,0.0,1.0,0.0,1.0,0.0,additive
S. aureus,iYS1720,msbA,NE_AFW04739_AT1,essential,non-essential,ess_ne,0.488455,0.0,0.488455,0.0,0.0,1.0,0.0,1.0,0.0,1.0,0.0,additive
S. aureus,iYS1720,msbA,NE_ADC54981_AT1,essential,non-essential,ess_ne,0.488455,0.0,0.488455,0.0,0.0,1.0,0.0,1.0,0.0,1.0,0.0,additive
S. aureus,iYS1720,msbA,NE_STM2094,essential,non-essential,ess_ne,0.488455,0.0,0.488455,0.0,0.0,1.0,0.0,1.0,0.0,1.0,0.0,additive
S. aureus,iYS1720,msbA,NE_STM3334,essential,non-essential,ess_ne,0.488455,0.0,0.488455,0.0,0.0,1.0,0.0,1.0,0.0,1.0,0.0,additive
S. aureus,iYS1720,msbA,NE_STM1695,essential,non-essential,ess_ne,0.488455,0.0,0.488455,0.0,0.0,1.0,0.0,1.0,0.0,1.0,0.0,additive
S. aureus,iYS1720,msbA,NE_STM3870,essential,non-essential,ess_ne,0.488455,0.0,0.118007,0.0,0.0,0.241593,0.0,1.0,0.758407,1.0,0.0,additive
S. aureus,iYS1720,NE_STM3136,NE_AFW04865_AT1,non-essential,non-essential,ne_ne,0.488455,0.488455,0.488455,0.488455,1.0,1.0,1.0,0.0,0.0,0.0,-0.0,additive
S. aureus,iYS1720,NE_STM3136,NE_STM2318,non-essential,non-essential,ne_ne,0.488455,0.488455,0.416398,0.416398,1.0,0.852481,0.852481,0.0,0.147519,0.147519,-0.0,additive
S. aureus,iYS1720,NE_STM3136,NE_EcDH1_3345,non-essential,non-essential,ne_ne,0.488455,0.488455,0.488455,0.488455,1.0,1.0,1.0,0.0,0.0,0.0,-0.0,additive
S. aureus,iYS1720,NE_STM3136,NE_STM2078,non-essential,non-essential,ne_ne,0.488455,0.488455,0.0,0.0,1.0,0.0,0.0,0.0,1.0,1.0,0.0,additive
S. aureus,iYS1720,NE_STM3136,NE_STM1517,non-essential,non-essential,ne_ne,0.488455,0.488455,0.488455,0.488455,1.0,1.0,1.0,0.0,0.0,0.0,-0.0,additive
S. aureus,iYS1720,NE_STM3136,NE_AFW04829_AT1,non-essential,non-essential,ne_ne,0.488455,0.488455,0.488455,0.488455,1.0,1.0,1.0,0.0,0.0,0.0,-0.0,additive
S. aureus,iYS1720,NE_STM3136,NE_STM3542,non-essential,non-essential,ne_ne,0.488455,0.488455,0.488455,0.488455,1.0,1.0,1.0,0.0,0.0,0.0,-0.0,additive
S. aureus,iYS1720,NE_STM3136,NE_STM3243,non-essential,non-essential,ne_ne,0.488455,0.488455,0.488455,0.488455,1.0,1.0,1.0,0.0,0.0,0.0,-0.0,additive
S. aureus,iYS1720,NE_STM3136,NE_STM3338,non-essential,non-essential,ne_ne,0.488455,0.488455,0.488455,0.488455,1.0,1.0,1.0,0.0,0.0,0.0,-0.0,additive
S. aureus,iYS1720,NE_STM3136,NE_STM4385,non-essential,non-essential,ne_ne,0.488455,0.488455,0.488455,0.488455,1.0,1.0,1.0,0.0,0.0,0.0,-0.0,additive
S. aureus,iYS1720,NE_STM3136,NE_STM1293,non-essential,non-essential,ne_ne,0.488455,0.488455,0.488455,0.488455,1.0,1.0,1.0,0.0,0.0,0.0,-0.0,additive
S. aureus,iYS1720,NE_STM3136,NE_STM1197,non-essential,non-essential,ne_ne,0.488455,0.488455,0.0,0.0,1.0,0.0,0.0,0.0,1.0,1.0,0.0,additive
S. aureus,iYS1720,NE_STM3136,NE_STM3354,non-essential,non-essential,ne_ne,0.488455,0.488455,0.488455,0.488455,1.0,1.0,1.0,0.0,0.0,0.0,-0.0,additive
S. aureus,iYS1720,NE_STM3136,NE_STM3339,non-essential,non-essential,ne_ne,0.488455,0.488455,0.488455,0.488455,1.0,1.0,1.0,0.0,0.0,0.0,-0.0,additive
S. aureus,iYS1720,NE_STM3136,NE_STM2298,non-essential,non-essential,ne_ne,0.488455,0.488455,0.488455,0.488455,1.0,1.0,1.0,0.0,0.0,0.0,-0.0,additive
S. aureus,iYS1720,NE_STM3136,NE_STM4130,non-essential,non-essential,ne_ne,0.488455,0.488455,0.488455,0.488455,1.0,1.0,1.0,0.0,0.0,0.0,-0.0,additive
S. aureus,iYS1720,NE_STM3136,NE_STM0958,non-essential,non-essential,ne_ne,0.488455,0.488455,0.488455,0.488455,1.0,1.0,1.0,0.0,0.0,0.0,-0.0,additive
S. aureus,iYS1720,NE_STM3136,NE_EcolC_0220,non-essential,non-essential,ne_ne,0.488455,0.488455,0.488455,0.488455,1.0,1.0,1.0,0.0,0.0,0.0,-0.0,additive
S. aureus,iYS1720,NE_STM3136,NE_STM2086,non-essential,non-essential,ne_ne,0.488455,0.488455,0.488455,0.488455,1.0,1.0,1.0,0.0,0.0,0.0,-0.0,additive
S. aureus,iYS1720,NE_STM3136,NE_STM4341,non-essential,non-essential,ne_ne,0.488455,0.488455,0.488455,0.488455,1.0,1.0,1.0,0.0,0.0,0.0,-0.0,additive
S. aureus,iYS1720,NE_STM3136,NE_STM0464,non-essential,non-essential,ne_ne,0.488455,0.488455,0.486139,0.486139,1.0,0.995259,0.995259,0.0,0.004741,0.004741,-0.0,additive
S. aureus,iYS1720,NE_STM3136,NE_STM2533,non-essential,non-essential,ne_ne,0.488455,0.488455,0.488455,0.488455,1.0,1.0,1.0,0.0,0.0,0.0,-0.0,additive
S. aureus,iYS1720,NE_STM3136,NE_STM4408,non-essential,non-essential,ne_ne,0.488455,0.488455,0.488455,0.488455,1.0,1.0,1.0,0.0,0.0,0.0,-0.0,additive
S. aureus,iYS1720,NE_STM3136,NE_AFW04739_AT1,non-essential,non-essential,ne_ne,0.488455,0.488455,0.488455,0.488455,1.0,1.0,1.0,0.0,0.0,0.0,-0.0,additive
S. aureus,iYS1720,NE_STM3136,NE_ADC54981_AT1,non-essential,non-essential,ne_ne,0.488455,0.488455,0.488455,0.488455,1.0,1.0,1.0,0.0,0.0,0.0,-0.0,additive
S. aureus,iYS1720,NE_STM3136,NE_STM2094,non-essential,non-essential,ne_ne,0.488455,0.488455,0.488455,0.488455,1.0,1.0,1.0,0.0,0.0,0.0,-0.0,additive
S. aureus,iYS1720,NE_STM3136,NE_STM3334,non-essential,non-essential,ne_ne,0.488455,0.488455,0.488455,0.488455,1.0,1.0,1.0,0.0,0.0,0.0,-0.0,additive
S. aureus,iYS1720,NE_STM3136,NE_STM1695,non-essential,non-essential,ne_ne,0.488455,0.488455,0.488455,0.488455,1.0,1.0,1.0,0.0,0.0,0.0,-0.0,additive
S. aureus,iYS1720,NE_STM3136,NE_STM3870,non-essential,non-essential,ne_ne,0.488455,0.488455,0.118007,0.118007,1.0,0.241593,0.241593,0.0,0.758407,0.758407,-0.0,additive
S. aureus,iYS1720,NE_AFW04865_AT1,NE_STM2318,non-essential,non-essential,ne_ne,0.488455,0.488455,0.416398,0.416398,1.0,0.852481,0.852481,0.0,0.147519,0.147519,-0.0,additive
S. aureus,iYS1720,NE_AFW04865_AT1,NE_EcDH1_3345,non-essential,non-essential,ne_ne,0.488455,0.488455,0.488455,0.488455,1.0,1.0,1.0,0.0,0.0,0.0,-0.0,additive
S. aureus,iYS1720,NE_AFW04865_AT1,NE_STM2078,non-essential,non-essential,ne_ne,0.488455,0.488455,0.0,0.0,1.0,0.0,0.0,0.0,1.0,1.0,-0.0,additive
S. aureus,iYS1720,NE_AFW04865_AT1,NE_STM1517,non-essential,non-essential,ne_ne,0.488455,0.488455,0.488455,0.488455,1.0,1.0,1.0,0.0,0.0,0.0,-0.0,additive
S. aureus,iYS1720,NE_AFW04865_AT1,NE_AFW04829_AT1,non-essential,non-essential,ne_ne,0.488455,0.488455,0.488455,0.488455,1.0,1.0,1.0,0.0,0.0,0.0,-0.0,additive
S. aureus,iYS1720,NE_AFW04865_AT1,NE_STM3542,non-essential,non-essential,ne_ne,0.488455,0.488455,0.488455,0.488455,1.0,1.0,1.0,0.0,0.0,0.0,-0.0,additive
S. aureus,iYS1720,NE_AFW04865_AT1,NE_STM3243,non-essential,non-essential,ne_ne,0.488455,0.488455,0.488455,0.488455,1.0,1.0,1.0,0.0,0.0,0.0,-0.0,additive
S. aureus,iYS1720,NE_AFW04865_AT1,NE_STM3338,non-essential,non-essential,ne_ne,0.488455,0.488455,0.488455,0.488455,1.0,1.0,1.0,0.0,0.0,0.0,-0.0,additive
S. aureus,iYS1720,NE_AFW04865_AT1,NE_STM4385,non-essential,non-essential,ne_ne,0.488455,0.488455,0.488455,0.488455,1.0,1.0,1.0,0.0,0.0,0.0,-0.0,additive
S. aureus,iYS1720,NE_AFW04865_AT1,NE_STM1293,non-essential,non-essential,ne_ne,0.488455,0.488455,0.488455,0.488455,1.0,1.0,1.0,0.0,0.0,0.0,-0.0,additive
S. aureus,iYS1720,NE_AFW04865_AT1,NE_STM1197,non-essential,non-essential,ne_ne,0.488455,0.488455,0.0,0.0,1.0,0.0,0.0,0.0,1.0,1.0,0.0,additive
S. aureus,iYS1720,NE_AFW04865_AT1,NE_STM3354,non-essential,non-essential,ne_ne,0.488455,0.488455,0.488455,0.488455,1.0,1.0,1.0,0.0,0.0,0.0,-0.0,additive
S. aureus,iYS1720,NE_AFW04865_AT1,NE_STM3339,non-essential,non-essential,ne_ne,0.488455,0.488455,0.488455,0.488455,1.0,1.0,1.0,0.0,0.0,0.0,-0.0,additive
S. aureus,iYS1720,NE_AFW04865_AT1,NE_STM2298,non-essential,non-essential,ne_ne,0.488455,0.488455,0.488455,0.488455,1.0,1.0,1.0,0.0,0.0,0.0,-0.0,additive
S. aureus,iYS1720,NE_AFW04865_AT1,NE_STM4130,non-essential,non-essential,ne_ne,0.488455,0.488455,0.488455,0.488455,1.0,1.0,1.0,0.0,0.0,0.0,-0.0,additive
S. aureus,iYS1720,NE_AFW04865_AT1,NE_STM0958,non-essential,non-essential,ne_ne,0.488455,0.488455,0.488455,0.488455,1.0,1.0,1.0,0.0,0.0,0.0,-0.0,additive
S. aureus,iYS1720,NE_AFW04865_AT1,NE_EcolC_0220,non-essential,non-essential,ne_ne,0.488455,0.488455,0.488455,0.488455,1.0,1.0,1.0,0.0,0.0,0.0,-0.0,additive
S. aureus,iYS1720,NE_AFW04865_AT1,NE_STM2086,non-essential,non-essential,ne_ne,0.488455,0.488455,0.488455,0.488455,1.0,1.0,1.0,0.0,0.0,0.0,-0.0,additive
S. aureus,iYS1720,NE_AFW04865_AT1,NE_STM4341,non-essential,non-essential,ne_ne,0.488455,0.488455,0.488455,0.488455,1.0,1.0,1.0,0.0,0.0,0.0,-0.0,additive
S. aureus,iYS1720,NE_AFW04865_AT1,NE_STM0464,non-essential,non-essential,ne_ne,0.488455,0.488455,0.486139,0.486139,1.0,0.995259,0.995259,0.0,0.004741,0.004741,-0.0,additive
S. aureus,iYS1720,NE_AFW04865_AT1,NE_STM2533,non-essential,non-essential,ne_ne,0.488455,0.488455,0.488455,0.488455,1.0,1.0,1.0,0.0,0.0,0.0,-0.0,additive
S. aureus,iYS1720,NE_AFW04865_AT1,NE_STM4408,non-essential,non-essential,ne_ne,0.488455,0.488455,0.488455,0.488455,1.0,1.0,1.0,0.0,0.0,0.0,0.0,additive
S. aureus,iYS1720,NE_AFW04865_AT1,NE_AFW04739_AT1,non-essential,non-essential,ne_ne,0.488455,0.488455,0.488455,0.488455,1.0,1.0,1.0,0.0,0.0,0.0,0.0,additive
S. aureus,iYS1720,NE_AFW04865_AT1,NE_ADC54981_AT1,non-essential,non-essential,ne_ne,0.488455,0.488455,0.488455,0.488455,1.0,1.0,1.0,0.0,0.0,0.0,0.0,additive
S. aureus,iYS1720,NE_AFW04865_AT1,NE_STM2094,non-essential,non-essential,ne_ne,0.488455,0.488455,0.488455,0.488455,1.0,1.0,1.0,0.0,0.0,0.0,0.0,additive
S. aureus,iYS1720,NE_AFW04865_AT1,NE_STM3334,non-essential,non-essential,ne_ne,0.488455,0.488455,0.488455,0.488455,1.0,1.0,1.0,0.0,0.0,0.0,0.0,additive
S. aureus,iYS1720,NE_AFW04865_AT1,NE_STM1695,non-essential,non-essential,ne_ne,0.488455,0.488455,0.488455,0.488455,1.0,1.0,1.0,0.0,0.0,0.0,0.0,additive
S. aureus,iYS1720,NE_AFW04865_AT1,NE_STM3870,non-essential,non-essential,ne_ne,0.488455,0.488455,0.118007,0.118007,1.0,0.241593,0.241593,0.0,0.758407,0.758407,-0.0,additive
S. aureus,iYS1720,NE_STM2318,NE_EcDH1_3345,non-essential,non-essential,ne_ne,0.488455,0.416398,0.488455,0.416398,0.852481,1.0,0.852481,0.147519,0.0,0.147519,-0.0,additive
S. aureus,iYS1720,NE_STM2318,NE_STM2078,non-essential,non-essential,ne_ne,0.488455,0.416398,0.0,-0.0,0.852481,0.0,-0.0,0.147519,1.0,1.0,0.0,additive
S. aureus,iYS1720,NE_STM2318,NE_STM1517,non-essential,non-essential,ne_ne,0.488455,0.416398,0.488455,0.416398,0.852481,1.0,0.852481,0.147519,0.0,0.147519,-0.0,additive
S. aureus,iYS1720,NE_STM2318,NE_AFW04829_AT1,non-essential,non-essential,ne_ne,0.488455,0.416398,0.488455,0.416398,0.852481,1.0,0.852481,0.147519,0.0,0.147519,-0.0,additive
S. aureus,iYS1720,NE_STM2318,NE_STM3542,non-essential,non-essential,ne_ne,0.488455,0.416398,0.488455,0.416398,0.852481,1.0,0.852481,0.147519,0.0,0.147519,-0.0,additive
S. aureus,iYS1720,NE_STM2318,NE_STM3243,non-essential,non-essential,ne_ne,0.488455,0.416398,0.488455,0.416398,0.852481,1.0,0.852481,0.147519,0.0,0.147519,-0.0,additive
S. aureus,iYS1720,NE_STM2318,NE_STM3338,non-essential,non-essential,ne_ne,0.488455,0.416398,0.488455,0.416398,0.852481,1.0,0.852481,0.147519,0.0,0.147519,-0.0,additive
S. aureus,iYS1720,NE_STM2318,NE_STM4385,non-essential,non-essential,ne_ne,0.488455,0.416398,0.488455,0.416398,0.852481,1.0,0.852481,0.147519,0.0,0.147519,-0.0,additive
S. aureus,iYS1720,NE_STM2318,NE_STM1293,non-essential,non-essential,ne_ne,0.488455,0.416398,0.488455,0.416398,0.852481,1.0,0.852481,0.147519,0.0,0.147519,-0.0,additive
S. aureus,iYS1720,NE_STM2318,NE_STM1197,non-essential,non-essential,ne_ne,0.488455,0.416398,0.0,-0.0,0.852481,0.0,-0.0,0.147519,1.0,1.0,0.0,additive
S. aureus,iYS1720,NE_STM2318,NE_STM3354,non-essential,non-essential,ne_ne,0.488455,0.416398,0.488455,0.416398,0.852481,1.0,0.852481,0.147519,0.0,0.147519,-0.0,additive
S. aureus,iYS1720,NE_STM2318,NE_STM3339,non-essential,non-essential,ne_ne,0.488455,0.416398,0.488455,0.416398,0.852481,1.0,0.852481,0.147519,0.0,0.147519,-0.0,additive
S. aureus,iYS1720,NE_STM2318,NE_STM2298,non-essential,non-essential,ne_ne,0.488455,0.416398,0.488455,0.416398,0.852481,1.0,0.852481,0.147519,0.0,0.147519,-0.0,additive
S. aureus,iYS1720,NE_STM2318,NE_STM4130,non-essential,non-essential,ne_ne,0.488455,0.416398,0.488455,0.416398,0.852481,1.0,0.852481,0.147519,0.0,0.147519,-0.0,additive
S. aureus,iYS1720,NE_STM2318,NE_STM0958,non-essential,non-essential,ne_ne,0.488455,0.416398,0.488455,0.416398,0.852481,1.0,0.852481,0.147519,0.0,0.147519,-0.0,additive
S. aureus,iYS1720,NE_STM2318,NE_EcolC_0220,non-essential,non-essential,ne_ne,0.488455,0.416398,0.488455,0.416398,0.852481,1.0,0.852481,0.147519,0.0,0.147519,-0.0,additive
S. aureus,iYS1720,NE_STM2318,NE_STM2086,non-essential,non-essential,ne_ne,0.488455,0.416398,0.488455,0.416398,0.852481,1.0,0.852481,0.147519,0.0,0.147519,-0.0,additive
S. aureus,iYS1720,NE_STM2318,NE_STM4341,non-essential,non-essential,ne_ne,0.488455,0.416398,0.488455,0.416398,0.852481,1.0,0.852481,0.147519,0.0,0.147519,-0.0,additive
S. aureus,iYS1720,NE_STM2318,NE_STM0464,non-essential,non-essential,ne_ne,0.488455,0.416398,0.486139,0.413924,0.852481,0.995259,0.847415,0.147519,0.004741,0.152585,0.001025,additive
S. aureus,iYS1720,NE_STM2318,NE_STM2533,non-essential,non-essential,ne_ne,0.488455,0.416398,0.488455,0.416398,0.852481,1.0,0.852481,0.147519,0.0,0.147519,-0.0,additive
S. aureus,iYS1720,NE_STM2318,NE_STM4408,non-essential,non-essential,ne_ne,0.488455,0.416398,0.488455,0.416398,0.852481,1.0,0.852481,0.147519,0.0,0.147519,-0.0,additive
S. aureus,iYS1720,NE_STM2318,NE_AFW04739_AT1,non-essential,non-essential,ne_ne,0.488455,0.416398,0.488455,0.416398,0.852481,1.0,0.852481,0.147519,0.0,0.147519,-0.0,additive
S. aureus,iYS1720,NE_STM2318,NE_ADC54981_AT1,non-essential,non-essential,ne_ne,0.488455,0.416398,0.488455,0.416398,0.852481,1.0,0.852481,0.147519,0.0,0.147519,-0.0,additive
S. aureus,iYS1720,NE_STM2318,NE_STM2094,non-essential,non-essential,ne_ne,0.488455,0.416398,0.488455,0.416398,0.852481,1.0,0.852481,0.147519,0.0,0.147519,-0.0,additive
S. aureus,iYS1720,NE_STM2318,NE_STM3334,non-essential,non-essential,ne_ne,0.488455,0.416398,0.488455,0.416398,0.852481,1.0,0.852481,0.147519,0.0,0.147519,-0.0,additive
S. aureus,iYS1720,NE_STM2318,NE_STM1695,non-essential,non-essential,ne_ne,0.488455,0.416398,0.488455,0.416398,0.852481,1.0,0.852481,0.147519,0.0,0.147519,-0.0,additive
S. aureus,iYS1720,NE_STM2318,NE_STM3870,non-essential,non-essential,ne_ne,0.488455,0.416398,0.118007,0.118007,0.852481,0.241593,0.241593,0.147519,0.758407,0.758407,-0.03564,additive
S. aureus,iYS1720,NE_EcDH1_3345,NE_STM2078,non-essential,non-essential,ne_ne,0.488455,0.488455,0.0,0.0,1.0,0.0,0.0,0.0,1.0,1.0,-0.0,additive
S. aureus,iYS1720,NE_EcDH1_3345,NE_STM1517,non-essential,non-essential,ne_ne,0.488455,0.488455,0.488455,0.488455,1.0,1.0,1.0,0.0,0.0,0.0,-0.0,additive
S. aureus,iYS1720,NE_EcDH1_3345,NE_AFW04829_AT1,non-essential,non-essential,ne_ne,0.488455,0.488455,0.488455,0.488455,1.0,1.0,1.0,0.0,0.0,0.0,-0.0,additive
S. aureus,iYS1720,NE_EcDH1_3345,NE_STM3542,non-essential,non-essential,ne_ne,0.488455,0.488455,0.488455,0.488455,1.0,1.0,1.0,0.0,0.0,0.0,-0.0,additive
S. aureus,iYS1720,NE_EcDH1_3345,NE_STM3243,non-essential,non-essential,ne_ne,0.488455,0.488455,0.488455,0.488455,1.0,1.0,1.0,0.0,0.0,0.0,-0.0,additive
S. aureus,iYS1720,NE_EcDH1_3345,NE_STM3338,non-essential,non-essential,ne_ne,0.488455,0.488455,0.488455,0.488455,1.0,1.0,1.0,0.0,0.0,0.0,-0.0,additive
S. aureus,iYS1720,NE_EcDH1_3345,NE_STM4385,non-essential,non-essential,ne_ne,0.488455,0.488455,0.488455,0.488455,1.0,1.0,1.0,0.0,0.0,0.0,-0.0,additive
S. aureus,iYS1720,NE_EcDH1_3345,NE_STM1293,non-essential,non-essential,ne_ne,0.488455,0.488455,0.488455,0.488455,1.0,1.0,1.0,0.0,0.0,0.0,-0.0,additive
S. aureus,iYS1720,NE_EcDH1_3345,NE_STM1197,non-essential,non-essential,ne_ne,0.488455,0.488455,0.0,0.0,1.0,0.0,0.0,0.0,1.0,1.0,0.0,additive
S. aureus,iYS1720,NE_EcDH1_3345,NE_STM3354,non-essential,non-essential,ne_ne,0.488455,0.488455,0.488455,0.488455,1.0,1.0,1.0,0.0,0.0,0.0,-0.0,additive
S. aureus,iYS1720,NE_EcDH1_3345,NE_STM3339,non-essential,non-essential,ne_ne,0.488455,0.488455,0.488455,0.488455,1.0,1.0,1.0,0.0,0.0,0.0,-0.0,additive
S. aureus,iYS1720,NE_EcDH1_3345,NE_STM2298,non-essential,non-essential,ne_ne,0.488455,0.488455,0.488455,0.488455,1.0,1.0,1.0,0.0,0.0,0.0,-0.0,additive
S. aureus,iYS1720,NE_EcDH1_3345,NE_STM4130,non-essential,non-essential,ne_ne,0.488455,0.488455,0.488455,0.488455,1.0,1.0,1.0,0.0,0.0,0.0,-0.0,additive
S. aureus,iYS1720,NE_EcDH1_3345,NE_STM0958,non-essential,non-essential,ne_ne,0.488455,0.488455,0.488455,0.488455,1.0,1.0,1.0,0.0,0.0,0.0,-0.0,additive
S. aureus,iYS1720,NE_EcDH1_3345,NE_EcolC_0220,non-essential,non-essential,ne_ne,0.488455,0.488455,0.488455,0.488455,1.0,1.0,1.0,0.0,0.0,0.0,-0.0,additive
S. aureus,iYS1720,NE_EcDH1_3345,NE_STM2086,non-essential,non-essential,ne_ne,0.488455,0.488455,0.488455,0.488455,1.0,1.0,1.0,0.0,0.0,0.0,-0.0,additive
S. aureus,iYS1720,NE_EcDH1_3345,NE_STM4341,non-essential,non-essential,ne_ne,0.488455,0.488455,0.488455,0.488455,1.0,1.0,1.0,0.0,0.0,0.0,-0.0,additive
S. aureus,iYS1720,NE_EcDH1_3345,NE_STM0464,non-essential,non-essential,ne_ne,0.488455,0.488455,0.486139,0.486139,1.0,0.995259,0.995259,0.0,0.004741,0.004741,-0.0,additive
S. aureus,iYS1720,NE_EcDH1_3345,NE_STM2533,non-essential,non-essential,ne_ne,0.488455,0.488455,0.488455,0.488455,1.0,1.0,1.0,0.0,0.0,0.0,-0.0,additive
S. aureus,iYS1720,NE_EcDH1_3345,NE_STM4408,non-essential,non-essential,ne_ne,0.488455,0.488455,0.488455,0.488455,1.0,1.0,1.0,0.0,0.0,0.0,-0.0,additive
S. aureus,iYS1720,NE_EcDH1_3345,NE_AFW04739_AT1,non-essential,non-essential,ne_ne,0.488455,0.488455,0.488455,0.488455,1.0,1.0,1.0,0.0,0.0,0.0,-0.0,additive
S. aureus,iYS1720,NE_EcDH1_3345,NE_ADC54981_AT1,non-essential,non-essential,ne_ne,0.488455,0.488455,0.488455,0.488455,1.0,1.0,1.0,0.0,0.0,0.0,-0.0,additive
S. aureus,iYS1720,NE_EcDH1_3345,NE_STM2094,non-essential,non-essential,ne_ne,0.488455,0.488455,0.488455,0.488455,1.0,1.0,1.0,0.0,0.0,0.0,-0.0,additive
S. aureus,iYS1720,NE_EcDH1_3345,NE_STM3334,non-essential,non-essential,ne_ne,0.488455,0.488455,0.488455,0.488455,1.0,1.0,1.0,0.0,0.0,0.0,-0.0,additive
S. aureus,iYS1720,NE_EcDH1_3345,NE_STM1695,non-essential,non-essential,ne_ne,0.488455,0.488455,0.488455,0.488455,1.0,1.0,1.0,0.0,0.0,0.0,-0.0,additive
S. aureus,iYS1720,NE_EcDH1_3345,NE_STM3870,non-essential,non-essential,ne_ne,0.488455,0.488455,0.118007,0.118007,1.0,0.241593,0.241593,0.0,0.758407,0.758407,-0.0,additive
S. aureus,iYS1720,NE_STM2078,NE_STM1517,non-essential,non-essential,ne_ne,0.488455,0.0,0.488455,-0.0,0.0,1.0,-0.0,1.0,0.0,1.0,0.0,additive
S. aureus,iYS1720,NE_STM2078,NE_AFW04829_AT1,non-essential,non-essential,ne_ne,0.488455,0.0,0.488455,0.0,0.0,1.0,0.0,1.0,0.0,1.0,0.0,additive
S. aureus,iYS1720,NE_STM2078,NE_STM3542,non-essential,non-essential,ne_ne,0.488455,0.0,0.488455,0.0,0.0,1.0,0.0,1.0,0.0,1.0,0.0,additive
S. aureus,iYS1720,NE_STM2078,NE_STM3243,non-essential,non-essential,ne_ne,0.488455,0.0,0.488455,0.0,0.0,1.0,0.0,1.0,0.0,1.0,0.0,additive
S. aureus,iYS1720,NE_STM2078,NE_STM3338,non-essential,non-essential,ne_ne,0.488455,0.0,0.488455,0.0,0.0,1.0,0.0,1.0,0.0,1.0,0.0,additive
S. aureus,iYS1720,NE_STM2078,NE_STM4385,non-essential,non-essential,ne_ne,0.488455,0.0,0.488455,0.0,0.0,1.0,0.0,1.0,0.0,1.0,0.0,additive
S. aureus,iYS1720,NE_STM2078,NE_STM1293,non-essential,non-essential,ne_ne,0.488455,0.0,0.488455,0.0,0.0,1.0,0.0,1.0,0.0,1.0,0.0,additive
S. aureus,iYS1720,NE_STM2078,NE_STM1197,non-essential,non-essential,ne_ne,0.488455,0.0,0.0,0.0,0.0,0.0,0.0,1.0,1.0,1.0,0.0,additive
S. aureus,iYS1720,NE_STM2078,NE_STM3354,non-essential,non-essential,ne_ne,0.488455,0.0,0.488455,0.0,0.0,1.0,0.0,1.0,0.0,1.0,0.0,additive
S. aureus,iYS1720,NE_STM2078,NE_STM3339,non-essential,non-essential,ne_ne,0.488455,0.0,0.488455,0.0,0.0,1.0,0.0,1.0,0.0,1.0,0.0,additive
S. aureus,iYS1720,NE_STM2078,NE_STM2298,non-essential,non-essential,ne_ne,0.488455,0.0,0.488455,0.0,0.0,1.0,0.0,1.0,0.0,1.0,0.0,additive
S. aureus,iYS1720,NE_STM2078,NE_STM4130,non-essential,non-essential,ne_ne,0.488455,0.0,0.488455,0.0,0.0,1.0,0.0,1.0,0.0,1.0,0.0,additive
S. aureus,iYS1720,NE_STM2078,NE_STM0958,non-essential,non-essential,ne_ne,0.488455,0.0,0.488455,0.0,0.0,1.0,0.0,1.0,0.0,1.0,0.0,additive
S. aureus,iYS1720,NE_STM2078,NE_EcolC_0220,non-essential,non-essential,ne_ne,0.488455,0.0,0.488455,0.0,0.0,1.0,0.0,1.0,0.0,1.0,0.0,additive
S. aureus,iYS1720,NE_STM2078,NE_STM2086,non-essential,non-essential,ne_ne,0.488455,0.0,0.488455,0.0,0.0,1.0,0.0,1.0,0.0,1.0,0.0,additive
S. aureus,iYS1720,NE_STM2078,NE_STM4341,non-essential,non-essential,ne_ne,0.488455,0.0,0.488455,0.0,0.0,1.0,0.0,1.0,0.0,1.0,0.0,additive
S. aureus,iYS1720,NE_STM2078,NE_STM0464,non-essential,non-essential,ne_ne,0.488455,0.0,0.486139,0.0,0.0,0.995259,0.0,1.0,0.004741,1.0,0.0,additive
S. aureus,iYS1720,NE_STM2078,NE_STM2533,non-essential,non-essential,ne_ne,0.488455,0.0,0.488455,0.0,0.0,1.0,0.0,1.0,0.0,1.0,0.0,additive
S. aureus,iYS1720,NE_STM2078,NE_STM4408,non-essential,non-essential,ne_ne,0.488455,0.0,0.488455,0.0,0.0,1.0,0.0,1.0,0.0,1.0,0.0,additive
S. aureus,iYS1720,NE_STM2078,NE_AFW04739_AT1,non-essential,non-essential,ne_ne,0.488455,0.0,0.488455,0.0,0.0,1.0,0.0,1.0,0.0,1.0,0.0,additive
S. aureus,iYS1720,NE_STM2078,NE_ADC54981_AT1,non-essential,non-essential,ne_ne,0.488455,0.0,0.488455,0.0,0.0,1.0,0.0,1.0,0.0,1.0,0.0,additive
S. aureus,iYS1720,NE_STM2078,NE_STM2094,non-essential,non-essential,ne_ne,0.488455,0.0,0.488455,0.0,0.0,1.0,0.0,1.0,0.0,1.0,0.0,additive
S. aureus,iYS1720,NE_STM2078,NE_STM3334,non-essential,non-essential,ne_ne,0.488455,0.0,0.488455,0.0,0.0,1.0,0.0,1.0,0.0,1.0,0.0,additive
S. aureus,iYS1720,NE_STM2078,NE_STM1695,non-essential,non-essential,ne_ne,0.488455,0.0,0.488455,0.0,0.0,1.0,0.0,1.0,0.0,1.0,0.0,additive
S. aureus,iYS1720,NE_STM2078,NE_STM3870,non-essential,non-essential,ne_ne,0.488455,0.0,0.118007,0.0,0.0,0.241593,0.0,1.0,0.758407,1.0,0.0,additive
S. aureus,iYS1720,NE_STM1517,NE_AFW04829_AT1,non-essential,non-essential,ne_ne,0.488455,0.488455,0.488455,0.488455,1.0,1.0,1.0,0.0,0.0,0.0,-0.0,additive
S. aureus,iYS1720,NE_STM1517,NE_STM3542,non-essential,non-essential,ne_ne,0.488455,0.488455,0.488455,0.488455,1.0,1.0,1.0,0.0,0.0,0.0,-0.0,additive
S. aureus,iYS1720,NE_STM1517,NE_STM3243,non-essential,non-essential,ne_ne,0.488455,0.488455,0.488455,0.488455,1.0,1.0,1.0,0.0,0.0,0.0,-0.0,additive
S. aureus,iYS1720,NE_STM1517,NE_STM3338,non-essential,non-essential,ne_ne,0.488455,0.488455,0.488455,0.488455,1.0,1.0,1.0,0.0,0.0,0.0,-0.0,additive
S. aureus,iYS1720,NE_STM1517,NE_STM4385,non-essential,non-essential,ne_ne,0.488455,0.488455,0.488455,0.488455,1.0,1.0,1.0,0.0,0.0,0.0,-0.0,additive
S. aureus,iYS1720,NE_STM1517,NE_STM1293,non-essential,non-essential,ne_ne,0.488455,0.488455,0.488455,0.488455,1.0,1.0,1.0,0.0,0.0,0.0,-0.0,additive
S. aureus,iYS1720,NE_STM1517,NE_STM1197,non-essential,non-essential,ne_ne,0.488455,0.488455,0.0,0.0,1.0,0.0,0.0,0.0,1.0,1.0,0.0,additive
S. aureus,iYS1720,NE_STM1517,NE_STM3354,non-essential,non-essential,ne_ne,0.488455,0.488455,0.488455,0.488455,1.0,1.0,1.0,0.0,0.0,0.0,-0.0,additive
S. aureus,iYS1720,NE_STM1517,NE_STM3339,non-essential,non-essential,ne_ne,0.488455,0.488455,0.488455,0.488455,1.0,1.0,1.0,0.0,0.0,0.0,-0.0,additive
S. aureus,iYS1720,NE_STM1517,NE_STM2298,non-essential,non-essential,ne_ne,0.488455,0.488455,0.488455,0.488455,1.0,1.0,1.0,0.0,0.0,0.0,-0.0,additive
S. aureus,iYS1720,NE_STM1517,NE_STM4130,non-essential,non-essential,ne_ne,0.488455,0.488455,0.488455,0.488455,1.0,1.0,1.0,0.0,0.0,0.0,-0.0,additive
S. aureus,iYS1720,NE_STM1517,NE_STM0958,non-essential,non-essential,ne_ne,0.488455,0.488455,0.488455,0.488455,1.0,1.0,1.0,0.0,0.0,0.0,-0.0,additive
S. aureus,iYS1720,NE_STM1517,NE_EcolC_0220,non-essential,non-essential,ne_ne,0.488455,0.488455,0.488455,0.488455,1.0,1.0,1.0,0.0,0.0,0.0,-0.0,additive
S. aureus,iYS1720,NE_STM1517,NE_STM2086,non-essential,non-essential,ne_ne,0.488455,0.488455,0.488455,0.488455,1.0,1.0,1.0,0.0,0.0,0.0,-0.0,additive
S. aureus,iYS1720,NE_STM1517,NE_STM4341,non-essential,non-essential,ne_ne,0.488455,0.488455,0.488455,0.488455,1.0,1.0,1.0,0.0,0.0,0.0,-0.0,additive
S. aureus,iYS1720,NE_STM1517,NE_STM0464,non-essential,non-essential,ne_ne,0.488455,0.488455,0.486139,0.486139,1.0,0.995259,0.995259,0.0,0.004741,0.004741,-0.0,additive
S. aureus,iYS1720,NE_STM1517,NE_STM2533,non-essential,non-essential,ne_ne,0.488455,0.488455,0.488455,0.488455,1.0,1.0,1.0,0.0,0.0,0.0,-0.0,additive
S. aureus,iYS1720,NE_STM1517,NE_STM4408,non-essential,non-essential,ne_ne,0.488455,0.488455,0.488455,0.488455,1.0,1.0,1.0,0.0,0.0,0.0,-0.0,additive
S. aureus,iYS1720,NE_STM1517,NE_AFW04739_AT1,non-essential,non-essential,ne_ne,0.488455,0.488455,0.488455,0.488455,1.0,1.0,1.0,0.0,0.0,0.0,-0.0,additive
S. aureus,iYS1720,NE_STM1517,NE_ADC54981_AT1,non-essential,non-essential,ne_ne,0.488455,0.488455,0.488455,0.488455,1.0,1.0,1.0,0.0,0.0,0.0,-0.0,additive
S. aureus,iYS1720,NE_STM1517,NE_STM2094,non-essential,non-essential,ne_ne,0.488455,0.488455,0.488455,0.488455,1.0,1.0,1.0,0.0,0.0,0.0,-0.0,additive
S. aureus,iYS1720,NE_STM1517,NE_STM3334,non-essential,non-essential,ne_ne,0.488455,0.488455,0.488455,0.488455,1.0,1.0,1.0,0.0,0.0,0.0,-0.0,additive
S. aureus,iYS1720,NE_STM1517,NE_STM1695,non-essential,non-essential,ne_ne,0.488455,0.488455,0.488455,0.488455,1.0,1.0,1.0,0.0,0.0,0.0,-0.0,additive
S. aureus,iYS1720,NE_STM1517,NE_STM3870,non-essential,non-essential,ne_ne,0.488455,0.488455,0.118007,0.118007,1.0,0.241593,0.241593,0.0,0.758407,0.758407,-0.0,additive
S. aureus,iYS1720,NE_AFW04829_AT1,NE_STM3542,non-essential,non-essential,ne_ne,0.488455,0.488455,0.488455,0.488455,1.0,1.0,1.0,0.0,0.0,0.0,-0.0,additive
S. aureus,iYS1720,NE_AFW04829_AT1,NE_STM3243,non-essential,non-essential,ne_ne,0.488455,0.488455,0.488455,0.488455,1.0,1.0,1.0,0.0,0.0,0.0,0.0,additive
S. aureus,iYS1720,NE_AFW04829_AT1,NE_STM3338,non-essential,non-essential,ne_ne,0.488455,0.488455,0.488455,0.488455,1.0,1.0,1.0,0.0,0.0,0.0,0.0,additive
S. aureus,iYS1720,NE_AFW04829_AT1,NE_STM4385,non-essential,non-essential,ne_ne,0.488455,0.488455,0.488455,0.488455,1.0,1.0,1.0,0.0,0.0,0.0,0.0,additive
S. aureus,iYS1720,NE_AFW04829_AT1,NE_STM1293,non-essential,non-essential,ne_ne,0.488455,0.488455,0.488455,0.488455,1.0,1.0,1.0,0.0,0.0,0.0,0.0,additive
S. aureus,iYS1720,NE_AFW04829_AT1,NE_STM1197,non-essential,non-essential,ne_ne,0.488455,0.488455,0.0,-0.0,1.0,0.0,-0.0,0.0,1.0,1.0,0.0,additive
S. aureus,iYS1720,NE_AFW04829_AT1,NE_STM3354,non-essential,non-essential,ne_ne,0.488455,0.488455,0.488455,0.488455,1.0,1.0,1.0,0.0,0.0,0.0,-0.0,additive
S. aureus,iYS1720,NE_AFW04829_AT1,NE_STM3339,non-essential,non-essential,ne_ne,0.488455,0.488455,0.488455,0.488455,1.0,1.0,1.0,0.0,0.0,0.0,-0.0,additive
S. aureus,iYS1720,NE_AFW04829_AT1,NE_STM2298,non-essential,non-essential,ne_ne,0.488455,0.488455,0.488455,0.488455,1.0,1.0,1.0,0.0,0.0,0.0,-0.0,additive
S. aureus,iYS1720,NE_AFW04829_AT1,NE_STM4130,non-essential,non-essential,ne_ne,0.488455,0.488455,0.488455,0.488455,1.0,1.0,1.0,0.0,0.0,0.0,-0.0,additive
S. aureus,iYS1720,NE_AFW04829_AT1,NE_STM0958,non-essential,non-essential,ne_ne,0.488455,0.488455,0.488455,0.488455,1.0,1.0,1.0,0.0,0.0,0.0,-0.0,additive
S. aureus,iYS1720,NE_AFW04829_AT1,NE_EcolC_0220,non-essential,non-essential,ne_ne,0.488455,0.488455,0.488455,0.488455,1.0,1.0,1.0,0.0,0.0,0.0,0.0,additive
S. aureus,iYS1720,NE_AFW04829_AT1,NE_STM2086,non-essential,non-essential,ne_ne,0.488455,0.488455,0.488455,0.488455,1.0,1.0,1.0,0.0,0.0,0.0,0.0,additive
S. aureus,iYS1720,NE_AFW04829_AT1,NE_STM4341,non-essential,non-essential,ne_ne,0.488455,0.488455,0.488455,0.488455,1.0,1.0,1.0,0.0,0.0,-0.0,-0.0,additive
S. aureus,iYS1720,NE_AFW04829_AT1,NE_STM0464,non-essential,non-essential,ne_ne,0.488455,0.488455,0.486139,0.486139,1.0,0.995259,0.995259,0.0,0.004741,0.004741,-0.0,additive
S. aureus,iYS1720,NE_AFW04829_AT1,NE_STM2533,non-essential,non-essential,ne_ne,0.488455,0.488455,0.488455,0.488455,1.0,1.0,1.0,0.0,0.0,-0.0,-0.0,additive
S. aureus,iYS1720,NE_AFW04829_AT1,NE_STM4408,non-essential,non-essential,ne_ne,0.488455,0.488455,0.488455,0.488455,1.0,1.0,1.0,0.0,0.0,0.0,0.0,additive
S. aureus,iYS1720,NE_AFW04829_AT1,NE_AFW04739_AT1,non-essential,non-essential,ne_ne,0.488455,0.488455,0.488455,0.488455,1.0,1.0,1.0,0.0,0.0,0.0,0.0,additive
S. aureus,iYS1720,NE_AFW04829_AT1,NE_ADC54981_AT1,non-essential,non-essential,ne_ne,0.488455,0.488455,0.488455,0.488455,1.0,1.0,1.0,0.0,0.0,0.0,0.0,additive
S. aureus,iYS1720,NE_AFW04829_AT1,NE_STM2094,non-essential,non-essential,ne_ne,0.488455,0.488455,0.488455,0.488455,1.0,1.0,1.0,0.0,0.0,0.0,0.0,additive
S. aureus,iYS1720,NE_AFW04829_AT1,NE_STM3334,non-essential,non-essential,ne_ne,0.488455,0.488455,0.488455,0.488455,1.0,1.0,1.0,0.0,0.0,0.0,0.0,additive
S. aureus,iYS1720,NE_AFW04829_AT1,NE_STM1695,non-essential,non-essential,ne_ne,0.488455,0.488455,0.488455,0.488455,1.0,1.0,1.0,0.0,0.0,0.0,0.0,additive
S. aureus,iYS1720,NE_AFW04829_AT1,NE_STM3870,non-essential,non-essential,ne_ne,0.488455,0.488455,0.118007,0.118007,1.0,0.241593,0.241593,0.0,0.758407,0.758407,-0.0,additive
S. aureus,iYS1720,NE_STM3542,NE_STM3243,non-essential,non-essential,ne_ne,0.488455,0.488455,0.488455,0.488455,1.0,1.0,1.0,0.0,0.0,0.0,-0.0,additive
S. aureus,iYS1720,NE_STM3542,NE_STM3338,non-essential,non-essential,ne_ne,0.488455,0.488455,0.488455,0.488455,1.0,1.0,1.0,0.0,0.0,0.0,-0.0,additive
S. aureus,iYS1720,NE_STM3542,NE_STM4385,non-essential,non-essential,ne_ne,0.488455,0.488455,0.488455,0.488455,1.0,1.0,1.0,0.0,0.0,0.0,-0.0,additive
S. aureus,iYS1720,NE_STM3542,NE_STM1293,non-essential,non-essential,ne_ne,0.488455,0.488455,0.488455,0.488455,1.0,1.0,1.0,0.0,0.0,0.0,-0.0,additive
S. aureus,iYS1720,NE_STM3542,NE_STM1197,non-essential,non-essential,ne_ne,0.488455,0.488455,0.0,0.0,1.0,0.0,0.0,0.0,1.0,1.0,0.0,additive
S. aureus,iYS1720,NE_STM3542,NE_STM3354,non-essential,non-essential,ne_ne,0.488455,0.488455,0.488455,0.488455,1.0,1.0,1.0,0.0,0.0,0.0,-0.0,additive
S. aureus,iYS1720,NE_STM3542,NE_STM3339,non-essential,non-essential,ne_ne,0.488455,0.488455,0.488455,0.488455,1.0,1.0,1.0,0.0,0.0,0.0,-0.0,additive
S. aureus,iYS1720,NE_STM3542,NE_STM2298,non-essential,non-essential,ne_ne,0.488455,0.488455,0.488455,0.488455,1.0,1.0,1.0,0.0,0.0,0.0,-0.0,additive
S. aureus,iYS1720,NE_STM3542,NE_STM4130,non-essential,non-essential,ne_ne,0.488455,0.488455,0.488455,0.488455,1.0,1.0,1.0,0.0,0.0,0.0,-0.0,additive
S. aureus,iYS1720,NE_STM3542,NE_STM0958,non-essential,non-essential,ne_ne,0.488455,0.488455,0.488455,0.488455,1.0,1.0,1.0,0.0,0.0,0.0,-0.0,additive
S. aureus,iYS1720,NE_STM3542,NE_EcolC_0220,non-essential,non-essential,ne_ne,0.488455,0.488455,0.488455,0.488455,1.0,1.0,1.0,0.0,0.0,0.0,-0.0,additive
S. aureus,iYS1720,NE_STM3542,NE_STM2086,non-essential,non-essential,ne_ne,0.488455,0.488455,0.488455,0.488455,1.0,1.0,1.0,0.0,0.0,0.0,-0.0,additive
S. aureus,iYS1720,NE_STM3542,NE_STM4341,non-essential,non-essential,ne_ne,0.488455,0.488455,0.488455,0.488455,1.0,1.0,1.0,0.0,0.0,0.0,-0.0,additive
S. aureus,iYS1720,NE_STM3542,NE_STM0464,non-essential,non-essential,ne_ne,0.488455,0.488455,0.486139,0.486139,1.0,0.995259,0.995259,0.0,0.004741,0.004741,-0.0,additive
S. aureus,iYS1720,NE_STM3542,NE_STM2533,non-essential,non-essential,ne_ne,0.488455,0.488455,0.488455,0.488455,1.0,1.0,1.0,0.0,0.0,0.0,-0.0,additive
S. aureus,iYS1720,NE_STM3542,NE_STM4408,non-essential,non-essential,ne_ne,0.488455,0.488455,0.488455,0.488455,1.0,1.0,1.0,0.0,0.0,0.0,-0.0,additive
S. aureus,iYS1720,NE_STM3542,NE_AFW04739_AT1,non-essential,non-essential,ne_ne,0.488455,0.488455,0.488455,0.488455,1.0,1.0,1.0,0.0,0.0,0.0,-0.0,additive
S. aureus,iYS1720,NE_STM3542,NE_ADC54981_AT1,non-essential,non-essential,ne_ne,0.488455,0.488455,0.488455,0.488455,1.0,1.0,1.0,0.0,0.0,0.0,-0.0,additive
S. aureus,iYS1720,NE_STM3542,NE_STM2094,non-essential,non-essential,ne_ne,0.488455,0.488455,0.488455,0.488455,1.0,1.0,1.0,0.0,0.0,0.0,-0.0,additive
S. aureus,iYS1720,NE_STM3542,NE_STM3334,non-essential,non-essential,ne_ne,0.488455,0.488455,0.488455,0.488455,1.0,1.0,1.0,0.0,0.0,0.0,-0.0,additive
S. aureus,iYS1720,NE_STM3542,NE_STM1695,non-essential,non-essential,ne_ne,0.488455,0.488455,0.488455,0.488455,1.0,1.0,1.0,0.0,0.0,0.0,-0.0,additive
S. aureus,iYS1720,NE_STM3542,NE_STM3870,non-essential,non-essential,ne_ne,0.488455,0.488455,0.118007,0.118007,1.0,0.241593,0.241593,0.0,0.758407,0.758407,-0.0,additive
S. aureus,iYS1720,NE_STM3243,NE_STM3338,non-essential,non-essential,ne_ne,0.488455,0.488455,0.488455,0.488455,1.0,1.0,1.0,0.0,0.0,0.0,0.0,additive
S. aureus,iYS1720,NE_STM3243,NE_STM4385,non-essential,non-essential,ne_ne,0.488455,0.488455,0.488455,0.488455,1.0,1.0,1.0,0.0,0.0,0.0,-0.0,additive
S. aureus,iYS1720,NE_STM3243,NE_STM1293,non-essential,non-essential,ne_ne,0.488455,0.488455,0.488455,0.488455,1.0,1.0,1.0,0.0,0.0,0.0,-0.0,additive
S. aureus,iYS1720,NE_STM3243,NE_STM1197,non-essential,non-essential,ne_ne,0.488455,0.488455,0.0,0.0,1.0,0.0,0.0,0.0,1.0,1.0,0.0,additive
S. aureus,iYS1720,NE_STM3243,NE_STM3354,non-essential,non-essential,ne_ne,0.488455,0.488455,0.488455,0.488455,1.0,1.0,1.0,0.0,0.0,0.0,-0.0,additive
S. aureus,iYS1720,NE_STM3243,NE_STM3339,non-essential,non-essential,ne_ne,0.488455,0.488455,0.488455,0.488455,1.0,1.0,1.0,0.0,0.0,0.0,-0.0,additive
S. aureus,iYS1720,NE_STM3243,NE_STM2298,non-essential,non-essential,ne_ne,0.488455,0.488455,0.488455,0.488455,1.0,1.0,1.0,0.0,0.0,0.0,-0.0,additive
S. aureus,iYS1720,NE_STM3243,NE_STM4130,non-essential,non-essential,ne_ne,0.488455,0.488455,0.488455,0.488455,1.0,1.0,1.0,0.0,0.0,0.0,-0.0,additive
S. aureus,iYS1720,NE_STM3243,NE_STM0958,non-essential,non-essential,ne_ne,0.488455,0.488455,0.488455,0.488455,1.0,1.0,1.0,0.0,0.0,0.0,-0.0,additive
S. aureus,iYS1720,NE_STM3243,NE_EcolC_0220,non-essential,non-essential,ne_ne,0.488455,0.488455,0.488455,0.488455,1.0,1.0,1.0,0.0,0.0,0.0,-0.0,additive
S. aureus,iYS1720,NE_STM3243,NE_STM2086,non-essential,non-essential,ne_ne,0.488455,0.488455,0.488455,0.488455,1.0,1.0,1.0,0.0,0.0,0.0,-0.0,additive
S. aureus,iYS1720,NE_STM3243,NE_STM4341,non-essential,non-essential,ne_ne,0.488455,0.488455,0.488455,0.488455,1.0,1.0,1.0,0.0,0.0,0.0,-0.0,additive
S. aureus,iYS1720,NE_STM3243,NE_STM0464,non-essential,non-essential,ne_ne,0.488455,0.488455,0.486139,0.486139,1.0,0.995259,0.995259,0.0,0.004741,0.004741,-0.0,additive
S. aureus,iYS1720,NE_STM3243,NE_STM2533,non-essential,non-essential,ne_ne,0.488455,0.488455,0.488455,0.488455,1.0,1.0,1.0,0.0,0.0,0.0,-0.0,additive
S. aureus,iYS1720,NE_STM3243,NE_STM4408,non-essential,non-essential,ne_ne,0.488455,0.488455,0.488455,0.488455,1.0,1.0,1.0,0.0,0.0,0.0,0.0,additive
S. aureus,iYS1720,NE_STM3243,NE_AFW04739_AT1,non-essential,non-essential,ne_ne,0.488455,0.488455,0.488455,0.488455,1.0,1.0,1.0,0.0,0.0,0.0,0.0,additive
S. aureus,iYS1720,NE_STM3243,NE_ADC54981_AT1,non-essential,non-essential,ne_ne,0.488455,0.488455,0.488455,0.488455,1.0,1.0,1.0,0.0,0.0,0.0,0.0,additive
S. aureus,iYS1720,NE_STM3243,NE_STM2094,non-essential,non-essential,ne_ne,0.488455,0.488455,0.488455,0.488455,1.0,1.0,1.0,0.0,0.0,0.0,0.0,additive
S. aureus,iYS1720,NE_STM3243,NE_STM3334,non-essential,non-essential,ne_ne,0.488455,0.488455,0.488455,0.488455,1.0,1.0,1.0,0.0,0.0,0.0,0.0,additive
S. aureus,iYS1720,NE_STM3243,NE_STM1695,non-essential,non-essential,ne_ne,0.488455,0.488455,0.488455,0.488455,1.0,1.0,1.0,0.0,0.0,0.0,0.0,additive
S. aureus,iYS1720,NE_STM3243,NE_STM3870,non-essential,non-essential,ne_ne,0.488455,0.488455,0.118007,0.118007,1.0,0.241593,0.241593,0.0,0.758407,0.758407,-0.0,additive
S. aureus,iYS1720,NE_STM3338,NE_STM4385,non-essential,non-essential,ne_ne,0.488455,0.488455,0.488455,0.488455,1.0,1.0,1.0,0.0,0.0,0.0,-0.0,additive
S. aureus,iYS1720,NE_STM3338,NE_STM1293,non-essential,non-essential,ne_ne,0.488455,0.488455,0.488455,0.488455,1.0,1.0,1.0,0.0,0.0,0.0,-0.0,additive
S. aureus,iYS1720,NE_STM3338,NE_STM1197,non-essential,non-essential,ne_ne,0.488455,0.488455,0.0,0.0,1.0,0.0,0.0,0.0,1.0,1.0,0.0,additive
S. aureus,iYS1720,NE_STM3338,NE_STM3354,non-essential,non-essential,ne_ne,0.488455,0.488455,0.488455,0.488455,1.0,1.0,1.0,0.0,0.0,0.0,-0.0,additive
S. aureus,iYS1720,NE_STM3338,NE_STM3339,non-essential,non-essential,ne_ne,0.488455,0.488455,0.488455,0.488455,1.0,1.0,1.0,0.0,0.0,0.0,-0.0,additive
S. aureus,iYS1720,NE_STM3338,NE_STM2298,non-essential,non-essential,ne_ne,0.488455,0.488455,0.488455,0.488455,1.0,1.0,1.0,0.0,0.0,0.0,-0.0,additive
S. aureus,iYS1720,NE_STM3338,NE_STM4130,non-essential,non-essential,ne_ne,0.488455,0.488455,0.488455,0.488455,1.0,1.0,1.0,0.0,0.0,0.0,-0.0,additive
S. aureus,iYS1720,NE_STM3338,NE_STM0958,non-essential,non-essential,ne_ne,0.488455,0.488455,0.488455,0.488455,1.0,1.0,1.0,0.0,0.0,0.0,-0.0,additive
S. aureus,iYS1720,NE_STM3338,NE_EcolC_0220,non-essential,non-essential,ne_ne,0.488455,0.488455,0.488455,0.488455,1.0,1.0,1.0,0.0,0.0,0.0,-0.0,additive
S. aureus,iYS1720,NE_STM3338,NE_STM2086,non-essential,non-essential,ne_ne,0.488455,0.488455,0.488455,0.488455,1.0,1.0,1.0,0.0,0.0,0.0,-0.0,additive
S. aureus,iYS1720,NE_STM3338,NE_STM4341,non-essential,non-essential,ne_ne,0.488455,0.488455,0.488455,0.488455,1.0,1.0,1.0,0.0,0.0,0.0,-0.0,additive
S. aureus,iYS1720,NE_STM3338,NE_STM0464,non-essential,non-essential,ne_ne,0.488455,0.488455,0.486139,0.486139,1.0,0.995259,0.995259,0.0,0.004741,0.004741,-0.0,additive
S. aureus,iYS1720,NE_STM3338,NE_STM2533,non-essential,non-essential,ne_ne,0.488455,0.488455,0.488455,0.488455,1.0,1.0,1.0,0.0,0.0,0.0,-0.0,additive
S. aureus,iYS1720,NE_STM3338,NE_STM4408,non-essential,non-essential,ne_ne,0.488455,0.488455,0.488455,0.488455,1.0,1.0,1.0,0.0,0.0,0.0,0.0,additive
S. aureus,iYS1720,NE_STM3338,NE_AFW04739_AT1,non-essential,non-essential,ne_ne,0.488455,0.488455,0.488455,0.488455,1.0,1.0,1.0,0.0,0.0,0.0,0.0,additive
S. aureus,iYS1720,NE_STM3338,NE_ADC54981_AT1,non-essential,non-essential,ne_ne,0.488455,0.488455,0.488455,0.488455,1.0,1.0,1.0,0.0,0.0,0.0,0.0,additive
S. aureus,iYS1720,NE_STM3338,NE_STM2094,non-essential,non-essential,ne_ne,0.488455,0.488455,0.488455,0.488455,1.0,1.0,1.0,0.0,0.0,0.0,0.0,additive
S. aureus,iYS1720,NE_STM3338,NE_STM3334,non-essential,non-essential,ne_ne,0.488455,0.488455,0.488455,0.488455,1.0,1.0,1.0,0.0,0.0,0.0,0.0,additive
S. aureus,iYS1720,NE_STM3338,NE_STM1695,non-essential,non-essential,ne_ne,0.488455,0.488455,0.488455,0.488455,1.0,1.0,1.0,0.0,0.0,0.0,0.0,additive
S. aureus,iYS1720,NE_STM3338,NE_STM3870,non-essential,non-essential,ne_ne,0.488455,0.488455,0.118007,0.118007,1.0,0.241593,0.241593,0.0,0.758407,0.758407,-0.0,additive
S. aureus,iYS1720,NE_STM4385,NE_STM1293,non-essential,non-essential,ne_ne,0.488455,0.488455,0.488455,0.488455,1.0,1.0,1.0,0.0,0.0,-0.0,-0.0,additive
S. aureus,iYS1720,NE_STM4385,NE_STM1197,non-essential,non-essential,ne_ne,0.488455,0.488455,0.0,-0.0,1.0,0.0,-0.0,0.0,1.0,1.0,0.0,additive
S. aureus,iYS1720,NE_STM4385,NE_STM3354,non-essential,non-essential,ne_ne,0.488455,0.488455,0.488455,0.488455,1.0,1.0,1.0,0.0,0.0,0.0,-0.0,additive
S. aureus,iYS1720,NE_STM4385,NE_STM3339,non-essential,non-essential,ne_ne,0.488455,0.488455,0.488455,0.488455,1.0,1.0,1.0,0.0,0.0,0.0,-0.0,additive
S. aureus,iYS1720,NE_STM4385,NE_STM2298,non-essential,non-essential,ne_ne,0.488455,0.488455,0.488455,0.488455,1.0,1.0,1.0,0.0,0.0,0.0,-0.0,additive
S. aureus,iYS1720,NE_STM4385,NE_STM4130,non-essential,non-essential,ne_ne,0.488455,0.488455,0.488455,0.488455,1.0,1.0,1.0,0.0,0.0,0.0,-0.0,additive
S. aureus,iYS1720,NE_STM4385,NE_STM0958,non-essential,non-essential,ne_ne,0.488455,0.488455,0.488455,0.488455,1.0,1.0,1.0,0.0,0.0,0.0,-0.0,additive
S. aureus,iYS1720,NE_STM4385,NE_EcolC_0220,non-essential,non-essential,ne_ne,0.488455,0.488455,0.488455,0.488455,1.0,1.0,1.0,0.0,0.0,0.0,-0.0,additive
S. aureus,iYS1720,NE_STM4385,NE_STM2086,non-essential,non-essential,ne_ne,0.488455,0.488455,0.488455,0.488455,1.0,1.0,1.0,0.0,0.0,0.0,-0.0,additive
S. aureus,iYS1720,NE_STM4385,NE_STM4341,non-essential,non-essential,ne_ne,0.488455,0.488455,0.488455,0.488455,1.0,1.0,1.0,0.0,0.0,0.0,-0.0,additive
S. aureus,iYS1720,NE_STM4385,NE_STM0464,non-essential,non-essential,ne_ne,0.488455,0.488455,0.486139,0.486139,1.0,0.995259,0.995259,0.0,0.004741,0.004741,-0.0,additive
S. aureus,iYS1720,NE_STM4385,NE_STM2533,non-essential,non-essential,ne_ne,0.488455,0.488455,0.488455,0.488455,1.0,1.0,1.0,0.0,0.0,0.0,-0.0,additive
S. aureus,iYS1720,NE_STM4385,NE_STM4408,non-essential,non-essential,ne_ne,0.488455,0.488455,0.488455,0.488455,1.0,1.0,1.0,0.0,0.0,0.0,-0.0,additive
S. aureus,iYS1720,NE_STM4385,NE_AFW04739_AT1,non-essential,non-essential,ne_ne,0.488455,0.488455,0.488455,0.488455,1.0,1.0,1.0,0.0,0.0,0.0,-0.0,additive
S. aureus,iYS1720,NE_STM4385,NE_ADC54981_AT1,non-essential,non-essential,ne_ne,0.488455,0.488455,0.488455,0.488455,1.0,1.0,1.0,0.0,0.0,0.0,-0.0,additive
S. aureus,iYS1720,NE_STM4385,NE_STM2094,non-essential,non-essential,ne_ne,0.488455,0.488455,0.488455,0.488455,1.0,1.0,1.0,0.0,0.0,0.0,-0.0,additive
S. aureus,iYS1720,NE_STM4385,NE_STM3334,non-essential,non-essential,ne_ne,0.488455,0.488455,0.488455,0.488455,1.0,1.0,1.0,0.0,0.0,0.0,-0.0,additive
S. aureus,iYS1720,NE_STM4385,NE_STM1695,non-essential,non-essential,ne_ne,0.488455,0.488455,0.488455,0.488455,1.0,1.0,1.0,0.0,0.0,0.0,-0.0,additive
S. aureus,iYS1720,NE_STM4385,NE_STM3870,non-essential,non-essential,ne_ne,0.488455,0.488455,0.118007,0.118007,1.0,0.241593,0.241593,0.0,0.758407,0.758407,0.0,additive
S. aureus,iYS1720,NE_STM1293,NE_STM1197,non-essential,non-essential,ne_ne,0.488455,0.488455,0.0,-0.0,1.0,0.0,-0.0,0.0,1.0,1.0,0.0,additive
S. aureus,iYS1720,NE_STM1293,NE_STM3354,non-essential,non-essential,ne_ne,0.488455,0.488455,0.488455,0.488455,1.0,1.0,1.0,0.0,0.0,0.0,-0.0,additive
S. aureus,iYS1720,NE_STM1293,NE_STM3339,non-essential,non-essential,ne_ne,0.488455,0.488455,0.488455,0.488455,1.0,1.0,1.0,0.0,0.0,0.0,-0.0,additive
S. aureus,iYS1720,NE_STM1293,NE_STM2298,non-essential,non-essential,ne_ne,0.488455,0.488455,0.488455,0.488455,1.0,1.0,1.0,0.0,0.0,0.0,-0.0,additive
S. aureus,iYS1720,NE_STM1293,NE_STM4130,non-essential,non-essential,ne_ne,0.488455,0.488455,0.488455,0.488455,1.0,1.0,1.0,0.0,0.0,0.0,-0.0,additive
S. aureus,iYS1720,NE_STM1293,NE_STM0958,non-essential,non-essential,ne_ne,0.488455,0.488455,0.488455,0.488455,1.0,1.0,1.0,0.0,0.0,0.0,-0.0,additive
S. aureus,iYS1720,NE_STM1293,NE_EcolC_0220,non-essential,non-essential,ne_ne,0.488455,0.488455,0.488455,0.488455,1.0,1.0,1.0,0.0,0.0,0.0,-0.0,additive
S. aureus,iYS1720,NE_STM1293,NE_STM2086,non-essential,non-essential,ne_ne,0.488455,0.488455,0.488455,0.488455,1.0,1.0,1.0,0.0,0.0,0.0,-0.0,additive
S. aureus,iYS1720,NE_STM1293,NE_STM4341,non-essential,non-essential,ne_ne,0.488455,0.488455,0.488455,0.488455,1.0,1.0,1.0,0.0,0.0,0.0,-0.0,additive
S. aureus,iYS1720,NE_STM1293,NE_STM0464,non-essential,non-essential,ne_ne,0.488455,0.488455,0.486139,0.486139,1.0,0.995259,0.995259,0.0,0.004741,0.004741,-0.0,additive
S. aureus,iYS1720,NE_STM1293,NE_STM2533,non-essential,non-essential,ne_ne,0.488455,0.488455,0.488455,0.488455,1.0,1.0,1.0,0.0,0.0,0.0,-0.0,additive
S. aureus,iYS1720,NE_STM1293,NE_STM4408,non-essential,non-essential,ne_ne,0.488455,0.488455,0.488455,0.488455,1.0,1.0,1.0,0.0,0.0,0.0,-0.0,additive
S. aureus,iYS1720,NE_STM1293,NE_AFW04739_AT1,non-essential,non-essential,ne_ne,0.488455,0.488455,0.488455,0.488455,1.0,1.0,1.0,0.0,0.0,0.0,-0.0,additive
S. aureus,iYS1720,NE_STM1293,NE_ADC54981_AT1,non-essential,non-essential,ne_ne,0.488455,0.488455,0.488455,0.488455,1.0,1.0,1.0,0.0,0.0,0.0,-0.0,additive
S. aureus,iYS1720,NE_STM1293,NE_STM2094,non-essential,non-essential,ne_ne,0.488455,0.488455,0.488455,0.488455,1.0,1.0,1.0,0.0,0.0,0.0,-0.0,additive
S. aureus,iYS1720,NE_STM1293,NE_STM3334,non-essential,non-essential,ne_ne,0.488455,0.488455,0.488455,0.488455,1.0,1.0,1.0,0.0,0.0,0.0,-0.0,additive
S. aureus,iYS1720,NE_STM1293,NE_STM1695,non-essential,non-essential,ne_ne,0.488455,0.488455,0.488455,0.488455,1.0,1.0,1.0,0.0,0.0,0.0,-0.0,additive
S. aureus,iYS1720,NE_STM1293,NE_STM3870,non-essential,non-essential,ne_ne,0.488455,0.488455,0.118007,0.118007,1.0,0.241593,0.241593,0.0,0.758407,0.758407,-0.0,additive
S. aureus,iYS1720,NE_STM1197,NE_STM3354,non-essential,non-essential,ne_ne,0.488455,0.0,0.488455,-0.0,0.0,1.0,-0.0,1.0,0.0,1.0,0.0,additive
S. aureus,iYS1720,NE_STM1197,NE_STM3339,non-essential,non-essential,ne_ne,0.488455,0.0,0.488455,0.0,0.0,1.0,0.0,1.0,0.0,1.0,0.0,additive
S. aureus,iYS1720,NE_STM1197,NE_STM2298,non-essential,non-essential,ne_ne,0.488455,0.0,0.488455,0.0,0.0,1.0,0.0,1.0,0.0,1.0,0.0,additive
S. aureus,iYS1720,NE_STM1197,NE_STM4130,non-essential,non-essential,ne_ne,0.488455,0.0,0.488455,0.0,0.0,1.0,0.0,1.0,0.0,1.0,0.0,additive
S. aureus,iYS1720,NE_STM1197,NE_STM0958,non-essential,non-essential,ne_ne,0.488455,0.0,0.488455,0.0,0.0,1.0,0.0,1.0,0.0,1.0,0.0,additive
S. aureus,iYS1720,NE_STM1197,NE_EcolC_0220,non-essential,non-essential,ne_ne,0.488455,0.0,0.488455,0.0,0.0,1.0,0.0,1.0,0.0,1.0,0.0,additive
S. aureus,iYS1720,NE_STM1197,NE_STM2086,non-essential,non-essential,ne_ne,0.488455,0.0,0.488455,0.0,0.0,1.0,0.0,1.0,0.0,1.0,0.0,additive
S. aureus,iYS1720,NE_STM1197,NE_STM4341,non-essential,non-essential,ne_ne,0.488455,0.0,0.488455,0.0,0.0,1.0,0.0,1.0,0.0,1.0,0.0,additive
S. aureus,iYS1720,NE_STM1197,NE_STM0464,non-essential,non-essential,ne_ne,0.488455,0.0,0.486139,0.0,0.0,0.995259,0.0,1.0,0.004741,1.0,0.0,additive
S. aureus,iYS1720,NE_STM1197,NE_STM2533,non-essential,non-essential,ne_ne,0.488455,0.0,0.488455,0.0,0.0,1.0,0.0,1.0,0.0,1.0,0.0,additive
S. aureus,iYS1720,NE_STM1197,NE_STM4408,non-essential,non-essential,ne_ne,0.488455,0.0,0.488455,0.0,0.0,1.0,0.0,1.0,0.0,1.0,0.0,additive
S. aureus,iYS1720,NE_STM1197,NE_AFW04739_AT1,non-essential,non-essential,ne_ne,0.488455,0.0,0.488455,0.0,0.0,1.0,0.0,1.0,0.0,1.0,0.0,additive
S. aureus,iYS1720,NE_STM1197,NE_ADC54981_AT1,non-essential,non-essential,ne_ne,0.488455,0.0,0.488455,0.0,0.0,1.0,0.0,1.0,0.0,1.0,0.0,additive
S. aureus,iYS1720,NE_STM1197,NE_STM2094,non-essential,non-essential,ne_ne,0.488455,0.0,0.488455,0.0,0.0,1.0,0.0,1.0,0.0,1.0,0.0,additive
S. aureus,iYS1720,NE_STM1197,NE_STM3334,non-essential,non-essential,ne_ne,0.488455,0.0,0.488455,0.0,0.0,1.0,0.0,1.0,0.0,1.0,0.0,additive
S. aureus,iYS1720,NE_STM1197,NE_STM1695,non-essential,non-essential,ne_ne,0.488455,0.0,0.488455,0.0,0.0,1.0,0.0,1.0,0.0,1.0,0.0,additive
S. aureus,iYS1720,NE_STM1197,NE_STM3870,non-essential,non-essential,ne_ne,0.488455,0.0,0.118007,0.0,0.0,0.241593,0.0,1.0,0.758407,1.0,0.0,additive
S. aureus,iYS1720,NE_STM3354,NE_STM3339,non-essential,non-essential,ne_ne,0.488455,0.488455,0.488455,0.488455,1.0,1.0,1.0,0.0,0.0,0.0,-0.0,additive
S. aureus,iYS1720,NE_STM3354,NE_STM2298,non-essential,non-essential,ne_ne,0.488455,0.488455,0.488455,0.488455,1.0,1.0,1.0,0.0,0.0,0.0,-0.0,additive
S. aureus,iYS1720,NE_STM3354,NE_STM4130,non-essential,non-essential,ne_ne,0.488455,0.488455,0.488455,0.488455,1.0,1.0,1.0,0.0,0.0,0.0,-0.0,additive
S. aureus,iYS1720,NE_STM3354,NE_STM0958,non-essential,non-essential,ne_ne,0.488455,0.488455,0.488455,0.488455,1.0,1.0,1.0,0.0,0.0,0.0,-0.0,additive
S. aureus,iYS1720,NE_STM3354,NE_EcolC_0220,non-essential,non-essential,ne_ne,0.488455,0.488455,0.488455,0.488455,1.0,1.0,1.0,0.0,0.0,0.0,-0.0,additive
S. aureus,iYS1720,NE_STM3354,NE_STM2086,non-essential,non-essential,ne_ne,0.488455,0.488455,0.488455,0.488455,1.0,1.0,1.0,0.0,0.0,0.0,-0.0,additive
S. aureus,iYS1720,NE_STM3354,NE_STM4341,non-essential,non-essential,ne_ne,0.488455,0.488455,0.488455,0.488455,1.0,1.0,1.0,0.0,0.0,0.0,-0.0,additive
S. aureus,iYS1720,NE_STM3354,NE_STM0464,non-essential,non-essential,ne_ne,0.488455,0.488455,0.486139,0.486139,1.0,0.995259,0.995259,0.0,0.004741,0.004741,-0.0,additive
S. aureus,iYS1720,NE_STM3354,NE_STM2533,non-essential,non-essential,ne_ne,0.488455,0.488455,0.488455,0.488455,1.0,1.0,1.0,0.0,0.0,0.0,-0.0,additive
S. aureus,iYS1720,NE_STM3354,NE_STM4408,non-essential,non-essential,ne_ne,0.488455,0.488455,0.488455,0.488455,1.0,1.0,1.0,0.0,0.0,0.0,0.0,additive
S. aureus,iYS1720,NE_STM3354,NE_AFW04739_AT1,non-essential,non-essential,ne_ne,0.488455,0.488455,0.488455,0.488455,1.0,1.0,1.0,0.0,0.0,0.0,0.0,additive
S. aureus,iYS1720,NE_STM3354,NE_ADC54981_AT1,non-essential,non-essential,ne_ne,0.488455,0.488455,0.488455,0.488455,1.0,1.0,1.0,0.0,0.0,0.0,0.0,additive
S. aureus,iYS1720,NE_STM3354,NE_STM2094,non-essential,non-essential,ne_ne,0.488455,0.488455,0.488455,0.488455,1.0,1.0,1.0,0.0,0.0,0.0,0.0,additive
S. aureus,iYS1720,NE_STM3354,NE_STM3334,non-essential,non-essential,ne_ne,0.488455,0.488455,0.488455,0.488455,1.0,1.0,1.0,0.0,0.0,0.0,0.0,additive
S. aureus,iYS1720,NE_STM3354,NE_STM1695,non-essential,non-essential,ne_ne,0.488455,0.488455,0.488455,0.488455,1.0,1.0,1.0,0.0,0.0,0.0,0.0,additive
S. aureus,iYS1720,NE_STM3354,NE_STM3870,non-essential,non-essential,ne_ne,0.488455,0.488455,0.118007,0.118007,1.0,0.241593,0.241593,0.0,0.758407,0.758407,-0.0,additive
S. aureus,iYS1720,NE_STM3339,NE_STM2298,non-essential,non-essential,ne_ne,0.488455,0.488455,0.488455,0.488455,1.0,1.0,1.0,0.0,0.0,-0.0,-0.0,additive
S. aureus,iYS1720,NE_STM3339,NE_STM4130,non-essential,non-essential,ne_ne,0.488455,0.488455,0.488455,0.488455,1.0,1.0,1.0,0.0,0.0,0.0,-0.0,additive
S. aureus,iYS1720,NE_STM3339,NE_STM0958,non-essential,non-essential,ne_ne,0.488455,0.488455,0.488455,0.488455,1.0,1.0,1.0,0.0,0.0,0.0,-0.0,additive
S. aureus,iYS1720,NE_STM3339,NE_EcolC_0220,non-essential,non-essential,ne_ne,0.488455,0.488455,0.488455,0.488455,1.0,1.0,1.0,0.0,0.0,0.0,-0.0,additive
S. aureus,iYS1720,NE_STM3339,NE_STM2086,non-essential,non-essential,ne_ne,0.488455,0.488455,0.488455,0.488455,1.0,1.0,1.0,0.0,0.0,0.0,-0.0,additive
S. aureus,iYS1720,NE_STM3339,NE_STM4341,non-essential,non-essential,ne_ne,0.488455,0.488455,0.488455,0.488455,1.0,1.0,1.0,0.0,0.0,0.0,-0.0,additive
S. aureus,iYS1720,NE_STM3339,NE_STM0464,non-essential,non-essential,ne_ne,0.488455,0.488455,0.486139,0.486139,1.0,0.995259,0.995259,0.0,0.004741,0.004741,-0.0,additive
S. aureus,iYS1720,NE_STM3339,NE_STM2533,non-essential,non-essential,ne_ne,0.488455,0.488455,0.488455,0.488455,1.0,1.0,1.0,0.0,0.0,0.0,-0.0,additive
S. aureus,iYS1720,NE_STM3339,NE_STM4408,non-essential,non-essential,ne_ne,0.488455,0.488455,0.488455,0.488455,1.0,1.0,1.0,0.0,0.0,0.0,-0.0,additive
S. aureus,iYS1720,NE_STM3339,NE_AFW04739_AT1,non-essential,non-essential,ne_ne,0.488455,0.488455,0.488455,0.488455,1.0,1.0,1.0,0.0,0.0,0.0,-0.0,additive
S. aureus,iYS1720,NE_STM3339,NE_ADC54981_AT1,non-essential,non-essential,ne_ne,0.488455,0.488455,0.488455,0.488455,1.0,1.0,1.0,0.0,0.0,0.0,-0.0,additive
S. aureus,iYS1720,NE_STM3339,NE_STM2094,non-essential,non-essential,ne_ne,0.488455,0.488455,0.488455,0.488455,1.0,1.0,1.0,0.0,0.0,0.0,-0.0,additive
S. aureus,iYS1720,NE_STM3339,NE_STM3334,non-essential,non-essential,ne_ne,0.488455,0.488455,0.488455,0.488455,1.0,1.0,1.0,0.0,0.0,0.0,-0.0,additive
S. aureus,iYS1720,NE_STM3339,NE_STM1695,non-essential,non-essential,ne_ne,0.488455,0.488455,0.488455,0.488455,1.0,1.0,1.0,0.0,0.0,0.0,-0.0,additive
S. aureus,iYS1720,NE_STM3339,NE_STM3870,non-essential,non-essential,ne_ne,0.488455,0.488455,0.118007,0.118007,1.0,0.241593,0.241593,0.0,0.758407,0.758407,-0.0,additive
S. aureus,iYS1720,NE_STM2298,NE_STM4130,non-essential,non-essential,ne_ne,0.488455,0.488455,0.488455,0.488455,1.0,1.0,1.0,0.0,0.0,0.0,0.0,additive
S. aureus,iYS1720,NE_STM2298,NE_STM0958,non-essential,non-essential,ne_ne,0.488455,0.488455,0.488455,0.488455,1.0,1.0,1.0,0.0,0.0,0.0,-0.0,additive
S. aureus,iYS1720,NE_STM2298,NE_EcolC_0220,non-essential,non-essential,ne_ne,0.488455,0.488455,0.488455,0.488455,1.0,1.0,1.0,0.0,0.0,0.0,-0.0,additive
S. aureus,iYS1720,NE_STM2298,NE_STM2086,non-essential,non-essential,ne_ne,0.488455,0.488455,0.488455,0.488455,1.0,1.0,1.0,0.0,0.0,0.0,-0.0,additive
S. aureus,iYS1720,NE_STM2298,NE_STM4341,non-essential,non-essential,ne_ne,0.488455,0.488455,0.488455,0.488455,1.0,1.0,1.0,0.0,0.0,0.0,-0.0,additive
S. aureus,iYS1720,NE_STM2298,NE_STM0464,non-essential,non-essential,ne_ne,0.488455,0.488455,0.486139,0.486139,1.0,0.995259,0.995259,0.0,0.004741,0.004741,-0.0,additive
S. aureus,iYS1720,NE_STM2298,NE_STM2533,non-essential,non-essential,ne_ne,0.488455,0.488455,0.488455,0.488455,1.0,1.0,1.0,0.0,0.0,0.0,-0.0,additive
S. aureus,iYS1720,NE_STM2298,NE_STM4408,non-essential,non-essential,ne_ne,0.488455,0.488455,0.488455,0.488455,1.0,1.0,1.0,0.0,0.0,0.0,-0.0,additive
S. aureus,iYS1720,NE_STM2298,NE_AFW04739_AT1,non-essential,non-essential,ne_ne,0.488455,0.488455,0.488455,0.488455,1.0,1.0,1.0,0.0,0.0,0.0,-0.0,additive
S. aureus,iYS1720,NE_STM2298,NE_ADC54981_AT1,non-essential,non-essential,ne_ne,0.488455,0.488455,0.488455,0.488455,1.0,1.0,1.0,0.0,0.0,0.0,-0.0,additive
S. aureus,iYS1720,NE_STM2298,NE_STM2094,non-essential,non-essential,ne_ne,0.488455,0.488455,0.488455,0.488455,1.0,1.0,1.0,0.0,0.0,0.0,-0.0,additive
S. aureus,iYS1720,NE_STM2298,NE_STM3334,non-essential,non-essential,ne_ne,0.488455,0.488455,0.488455,0.488455,1.0,1.0,1.0,0.0,0.0,0.0,-0.0,additive
S. aureus,iYS1720,NE_STM2298,NE_STM1695,non-essential,non-essential,ne_ne,0.488455,0.488455,0.488455,0.488455,1.0,1.0,1.0,0.0,0.0,0.0,-0.0,additive
S. aureus,iYS1720,NE_STM2298,NE_STM3870,non-essential,non-essential,ne_ne,0.488455,0.488455,0.118007,0.118007,1.0,0.241593,0.241593,0.0,0.758407,0.758407,-0.0,additive
S. aureus,iYS1720,NE_STM4130,NE_STM0958,non-essential,non-essential,ne_ne,0.488455,0.488455,0.488455,0.488455,1.0,1.0,1.0,0.0,0.0,0.0,-0.0,additive
S. aureus,iYS1720,NE_STM4130,NE_EcolC_0220,non-essential,non-essential,ne_ne,0.488455,0.488455,0.488455,0.488455,1.0,1.0,1.0,0.0,0.0,0.0,-0.0,additive
S. aureus,iYS1720,NE_STM4130,NE_STM2086,non-essential,non-essential,ne_ne,0.488455,0.488455,0.488455,0.488455,1.0,1.0,1.0,0.0,0.0,0.0,-0.0,additive
S. aureus,iYS1720,NE_STM4130,NE_STM4341,non-essential,non-essential,ne_ne,0.488455,0.488455,0.488455,0.488455,1.0,1.0,1.0,0.0,0.0,-0.0,-0.0,additive
S. aureus,iYS1720,NE_STM4130,NE_STM0464,non-essential,non-essential,ne_ne,0.488455,0.488455,0.486139,0.486139,1.0,0.995259,0.995259,0.0,0.004741,0.004741,-0.0,additive
S. aureus,iYS1720,NE_STM4130,NE_STM2533,non-essential,non-essential,ne_ne,0.488455,0.488455,0.488455,0.488455,1.0,1.0,1.0,0.0,0.0,0.0,-0.0,additive
S. aureus,iYS1720,NE_STM4130,NE_STM4408,non-essential,non-essential,ne_ne,0.488455,0.488455,0.488455,0.488455,1.0,1.0,1.0,0.0,0.0,0.0,-0.0,additive
S. aureus,iYS1720,NE_STM4130,NE_AFW04739_AT1,non-essential,non-essential,ne_ne,0.488455,0.488455,0.488455,0.488455,1.0,1.0,1.0,0.0,0.0,0.0,-0.0,additive
S. aureus,iYS1720,NE_STM4130,NE_ADC54981_AT1,non-essential,non-essential,ne_ne,0.488455,0.488455,0.488455,0.488455,1.0,1.0,1.0,0.0,0.0,0.0,-0.0,additive
S. aureus,iYS1720,NE_STM4130,NE_STM2094,non-essential,non-essential,ne_ne,0.488455,0.488455,0.488455,0.488455,1.0,1.0,1.0,0.0,0.0,0.0,-0.0,additive
S. aureus,iYS1720,NE_STM4130,NE_STM3334,non-essential,non-essential,ne_ne,0.488455,0.488455,0.488455,0.488455,1.0,1.0,1.0,0.0,0.0,0.0,-0.0,additive
S. aureus,iYS1720,NE_STM4130,NE_STM1695,non-essential,non-essential,ne_ne,0.488455,0.488455,0.488455,0.488455,1.0,1.0,1.0,0.0,0.0,0.0,-0.0,additive
S. aureus,iYS1720,NE_STM4130,NE_STM3870,non-essential,non-essential,ne_ne,0.488455,0.488455,0.118007,0.118007,1.0,0.241593,0.241593,0.0,0.758407,0.758407,-0.0,additive
S. aureus,iYS1720,NE_STM0958,NE_EcolC_0220,non-essential,non-essential,ne_ne,0.488455,0.488455,0.488455,0.488455,1.0,1.0,1.0,0.0,0.0,-0.0,-0.0,additive
S. aureus,iYS1720,NE_STM0958,NE_STM2086,non-essential,non-essential,ne_ne,0.488455,0.488455,0.488455,0.488455,1.0,1.0,1.0,0.0,0.0,0.0,-0.0,additive
S. aureus,iYS1720,NE_STM0958,NE_STM4341,non-essential,non-essential,ne_ne,0.488455,0.488455,0.488455,0.488455,1.0,1.0,1.0,0.0,0.0,0.0,-0.0,additive
S. aureus,iYS1720,NE_STM0958,NE_STM0464,non-essential,non-essential,ne_ne,0.488455,0.488455,0.486139,0.486139,1.0,0.995259,0.995259,0.0,0.004741,0.004741,-0.0,additive
S. aureus,iYS1720,NE_STM0958,NE_STM2533,non-essential,non-essential,ne_ne,0.488455,0.488455,0.488455,0.488455,1.0,1.0,1.0,0.0,0.0,0.0,-0.0,additive
S. aureus,iYS1720,NE_STM0958,NE_STM4408,non-essential,non-essential,ne_ne,0.488455,0.488455,0.488455,0.488455,1.0,1.0,1.0,0.0,0.0,0.0,-0.0,additive
S. aureus,iYS1720,NE_STM0958,NE_AFW04739_AT1,non-essential,non-essential,ne_ne,0.488455,0.488455,0.488455,0.488455,1.0,1.0,1.0,0.0,0.0,0.0,-0.0,additive
S. aureus,iYS1720,NE_STM0958,NE_ADC54981_AT1,non-essential,non-essential,ne_ne,0.488455,0.488455,0.488455,0.488455,1.0,1.0,1.0,0.0,0.0,0.0,-0.0,additive
S. aureus,iYS1720,NE_STM0958,NE_STM2094,non-essential,non-essential,ne_ne,0.488455,0.488455,0.488455,0.488455,1.0,1.0,1.0,0.0,0.0,0.0,-0.0,additive
S. aureus,iYS1720,NE_STM0958,NE_STM3334,non-essential,non-essential,ne_ne,0.488455,0.488455,0.488455,0.488455,1.0,1.0,1.0,0.0,0.0,0.0,-0.0,additive
S. aureus,iYS1720,NE_STM0958,NE_STM1695,non-essential,non-essential,ne_ne,0.488455,0.488455,0.488455,0.488455,1.0,1.0,1.0,0.0,0.0,0.0,-0.0,additive
S. aureus,iYS1720,NE_STM0958,NE_STM3870,non-essential,non-essential,ne_ne,0.488455,0.488455,0.118007,0.118007,1.0,0.241593,0.241593,0.0,0.758407,0.758407,-0.0,additive
S. aureus,iYS1720,NE_EcolC_0220,NE_STM2086,non-essential,non-essential,ne_ne,0.488455,0.488455,0.488455,0.488455,1.0,1.0,1.0,0.0,0.0,0.0,-0.0,additive
S. aureus,iYS1720,NE_EcolC_0220,NE_STM4341,non-essential,non-essential,ne_ne,0.488455,0.488455,0.488455,0.488455,1.0,1.0,1.0,0.0,0.0,0.0,-0.0,additive
S. aureus,iYS1720,NE_EcolC_0220,NE_STM0464,non-essential,non-essential,ne_ne,0.488455,0.488455,0.486139,0.486139,1.0,0.995259,0.995259,0.0,0.004741,0.004741,-0.0,additive
S. aureus,iYS1720,NE_EcolC_0220,NE_STM2533,non-essential,non-essential,ne_ne,0.488455,0.488455,0.488455,0.488455,1.0,1.0,1.0,0.0,0.0,0.0,-0.0,additive
S. aureus,iYS1720,NE_EcolC_0220,NE_STM4408,non-essential,non-essential,ne_ne,0.488455,0.488455,0.488455,0.488455,1.0,1.0,1.0,0.0,0.0,0.0,-0.0,additive
S. aureus,iYS1720,NE_EcolC_0220,NE_AFW04739_AT1,non-essential,non-essential,ne_ne,0.488455,0.488455,0.488455,0.488455,1.0,1.0,1.0,0.0,0.0,0.0,-0.0,additive
S. aureus,iYS1720,NE_EcolC_0220,NE_ADC54981_AT1,non-essential,non-essential,ne_ne,0.488455,0.488455,0.488455,0.488455,1.0,1.0,1.0,0.0,0.0,0.0,-0.0,additive
S. aureus,iYS1720,NE_EcolC_0220,NE_STM2094,non-essential,non-essential,ne_ne,0.488455,0.488455,0.488455,0.488455,1.0,1.0,1.0,0.0,0.0,0.0,-0.0,additive
S. aureus,iYS1720,NE_EcolC_0220,NE_STM3334,non-essential,non-essential,ne_ne,0.488455,0.488455,0.488455,0.488455,1.0,1.0,1.0,0.0,0.0,0.0,-0.0,additive
S. aureus,iYS1720,NE_EcolC_0220,NE_STM1695,non-essential,non-essential,ne_ne,0.488455,0.488455,0.488455,0.488455,1.0,1.0,1.0,0.0,0.0,0.0,-0.0,additive
S. aureus,iYS1720,NE_EcolC_0220,NE_STM3870,non-essential,non-essential,ne_ne,0.488455,0.488455,0.118007,0.118007,1.0,0.241593,0.241593,0.0,0.758407,0.758407,-0.0,additive
S. aureus,iYS1720,NE_STM2086,NE_STM4341,non-essential,non-essential,ne_ne,0.488455,0.488455,0.488455,0.488455,1.0,1.0,1.0,0.0,0.0,-0.0,-0.0,additive
S. aureus,iYS1720,NE_STM2086,NE_STM0464,non-essential,non-essential,ne_ne,0.488455,0.488455,0.486139,0.486139,1.0,0.995259,0.995259,0.0,0.004741,0.004741,-0.0,additive
S. aureus,iYS1720,NE_STM2086,NE_STM2533,non-essential,non-essential,ne_ne,0.488455,0.488455,0.488455,0.488455,1.0,1.0,1.0,0.0,0.0,0.0,-0.0,additive
S. aureus,iYS1720,NE_STM2086,NE_STM4408,non-essential,non-essential,ne_ne,0.488455,0.488455,0.488455,0.488455,1.0,1.0,1.0,0.0,0.0,0.0,-0.0,additive
S. aureus,iYS1720,NE_STM2086,NE_AFW04739_AT1,non-essential,non-essential,ne_ne,0.488455,0.488455,0.488455,0.488455,1.0,1.0,1.0,0.0,0.0,0.0,-0.0,additive
S. aureus,iYS1720,NE_STM2086,NE_ADC54981_AT1,non-essential,non-essential,ne_ne,0.488455,0.488455,0.488455,0.488455,1.0,1.0,1.0,0.0,0.0,0.0,-0.0,additive
S. aureus,iYS1720,NE_STM2086,NE_STM2094,non-essential,non-essential,ne_ne,0.488455,0.488455,0.488455,0.488455,1.0,1.0,1.0,0.0,0.0,0.0,-0.0,additive
S. aureus,iYS1720,NE_STM2086,NE_STM3334,non-essential,non-essential,ne_ne,0.488455,0.488455,0.488455,0.488455,1.0,1.0,1.0,0.0,0.0,0.0,-0.0,additive
S. aureus,iYS1720,NE_STM2086,NE_STM1695,non-essential,non-essential,ne_ne,0.488455,0.488455,0.488455,0.488455,1.0,1.0,1.0,0.0,0.0,0.0,-0.0,additive
S. aureus,iYS1720,NE_STM2086,NE_STM3870,non-essential,non-essential,ne_ne,0.488455,0.488455,0.118007,0.118007,1.0,0.241593,0.241593,0.0,0.758407,0.758407,-0.0,additive
S. aureus,iYS1720,NE_STM4341,NE_STM0464,non-essential,non-essential,ne_ne,0.488455,0.488455,0.486139,0.486139,1.0,0.995259,0.995259,0.0,0.004741,0.004741,-0.0,additive
S. aureus,iYS1720,NE_STM4341,NE_STM2533,non-essential,non-essential,ne_ne,0.488455,0.488455,0.488455,0.488455,1.0,1.0,1.0,0.0,0.0,0.0,-0.0,additive
S. aureus,iYS1720,NE_STM4341,NE_STM4408,non-essential,non-essential,ne_ne,0.488455,0.488455,0.488455,0.488455,1.0,1.0,1.0,0.0,0.0,0.0,-0.0,additive
S. aureus,iYS1720,NE_STM4341,NE_AFW04739_AT1,non-essential,non-essential,ne_ne,0.488455,0.488455,0.488455,0.488455,1.0,1.0,1.0,0.0,0.0,0.0,-0.0,additive
S. aureus,iYS1720,NE_STM4341,NE_ADC54981_AT1,non-essential,non-essential,ne_ne,0.488455,0.488455,0.488455,0.488455,1.0,1.0,1.0,0.0,0.0,0.0,-0.0,additive
S. aureus,iYS1720,NE_STM4341,NE_STM2094,non-essential,non-essential,ne_ne,0.488455,0.488455,0.488455,0.488455,1.0,1.0,1.0,0.0,0.0,0.0,-0.0,additive
S. aureus,iYS1720,NE_STM4341,NE_STM3334,non-essential,non-essential,ne_ne,0.488455,0.488455,0.488455,0.488455,1.0,1.0,1.0,0.0,0.0,0.0,-0.0,additive
S. aureus,iYS1720,NE_STM4341,NE_STM1695,non-essential,non-essential,ne_ne,0.488455,0.488455,0.488455,0.488455,1.0,1.0,1.0,0.0,0.0,0.0,-0.0,additive
S. aureus,iYS1720,NE_STM4341,NE_STM3870,non-essential,non-essential,ne_ne,0.488455,0.488455,0.118007,0.118007,1.0,0.241593,0.241593,0.0,0.758407,0.758407,-0.0,additive
S. aureus,iYS1720,NE_STM0464,NE_STM2533,non-essential,non-essential,ne_ne,0.488455,0.486139,0.488455,0.486139,0.995259,1.0,0.995259,0.004741,0.0,0.004741,0.0,additive
S. aureus,iYS1720,NE_STM0464,NE_STM4408,non-essential,non-essential,ne_ne,0.488455,0.486139,0.488455,0.486139,0.995259,1.0,0.995259,0.004741,0.0,0.004741,-0.0,additive
S. aureus,iYS1720,NE_STM0464,NE_AFW04739_AT1,non-essential,non-essential,ne_ne,0.488455,0.486139,0.488455,0.486139,0.995259,1.0,0.995259,0.004741,0.0,0.004741,-0.0,additive
S. aureus,iYS1720,NE_STM0464,NE_ADC54981_AT1,non-essential,non-essential,ne_ne,0.488455,0.486139,0.488455,0.486139,0.995259,1.0,0.995259,0.004741,0.0,0.004741,-0.0,additive
S. aureus,iYS1720,NE_STM0464,NE_STM2094,non-essential,non-essential,ne_ne,0.488455,0.486139,0.488455,0.486139,0.995259,1.0,0.995259,0.004741,0.0,0.004741,-0.0,additive
S. aureus,iYS1720,NE_STM0464,NE_STM3334,non-essential,non-essential,ne_ne,0.488455,0.486139,0.488455,0.486139,0.995259,1.0,0.995259,0.004741,0.0,0.004741,-0.0,additive
S. aureus,iYS1720,NE_STM0464,NE_STM1695,non-essential,non-essential,ne_ne,0.488455,0.486139,0.488455,0.486139,0.995259,1.0,0.995259,0.004741,0.0,0.004741,-0.0,additive
S. aureus,iYS1720,NE_STM0464,NE_STM3870,non-essential,non-essential,ne_ne,0.488455,0.486139,0.118007,0.116745,0.995259,0.241593,0.239009,0.004741,0.758407,0.760991,0.001439,additive
S. aureus,iYS1720,NE_STM2533,NE_STM4408,non-essential,non-essential,ne_ne,0.488455,0.488455,0.488455,0.488455,1.0,1.0,1.0,0.0,0.0,0.0,-0.0,additive
S. aureus,iYS1720,NE_STM2533,NE_AFW04739_AT1,non-essential,non-essential,ne_ne,0.488455,0.488455,0.488455,0.488455,1.0,1.0,1.0,0.0,0.0,0.0,-0.0,additive
S. aureus,iYS1720,NE_STM2533,NE_ADC54981_AT1,non-essential,non-essential,ne_ne,0.488455,0.488455,0.488455,0.488455,1.0,1.0,1.0,0.0,0.0,0.0,-0.0,additive
S. aureus,iYS1720,NE_STM2533,NE_STM2094,non-essential,non-essential,ne_ne,0.488455,0.488455,0.488455,0.488455,1.0,1.0,1.0,0.0,0.0,0.0,-0.0,additive
S. aureus,iYS1720,NE_STM2533,NE_STM3334,non-essential,non-essential,ne_ne,0.488455,0.488455,0.488455,0.488455,1.0,1.0,1.0,0.0,0.0,0.0,-0.0,additive
S. aureus,iYS1720,NE_STM2533,NE_STM1695,non-essential,non-essential,ne_ne,0.488455,0.488455,0.488455,0.488455,1.0,1.0,1.0,0.0,0.0,0.0,-0.0,additive
S. aureus,iYS1720,NE_STM2533,NE_STM3870,non-essential,non-essential,ne_ne,0.488455,0.488455,0.118007,0.118007,1.0,0.241593,0.241593,0.0,0.758407,0.758407,-0.0,additive
S. aureus,iYS1720,NE_STM4408,NE_AFW04739_AT1,non-essential,non-essential,ne_ne,0.488455,0.488455,0.488455,0.488455,1.0,1.0,1.0,0.0,0.0,0.0,0.0,additive
S. aureus,iYS1720,NE_STM4408,NE_ADC54981_AT1,non-essential,non-essential,ne_ne,0.488455,0.488455,0.488455,0.488455,1.0,1.0,1.0,0.0,0.0,0.0,-0.0,additive
S. aureus,iYS1720,NE_STM4408,NE_STM2094,non-essential,non-essential,ne_ne,0.488455,0.488455,0.488455,0.488455,1.0,1.0,1.0,0.0,0.0,0.0,-0.0,additive
S. aureus,iYS1720,NE_STM4408,NE_STM3334,non-essential,non-essential,ne_ne,0.488455,0.488455,0.488455,0.488455,1.0,1.0,1.0,0.0,0.0,0.0,-0.0,additive
S. aureus,iYS1720,NE_STM4408,NE_STM1695,non-essential,non-essential,ne_ne,0.488455,0.488455,0.488455,0.488455,1.0,1.0,1.0,0.0,0.0,0.0,-0.0,additive
S. aureus,iYS1720,NE_STM4408,NE_STM3870,non-essential,non-essential,ne_ne,0.488455,0.488455,0.118007,0.118007,1.0,0.241593,0.241593,0.0,0.758407,0.758407,-0.0,additive
S. aureus,iYS1720,NE_AFW04739_AT1,NE_ADC54981_AT1,non-essential,non-essential,ne_ne,0.488455,0.488455,0.488455,0.488455,1.0,1.0,1.0,0.0,0.0,0.0,0.0,additive
S. aureus,iYS1720,NE_AFW04739_AT1,NE_STM2094,non-essential,non-essential,ne_ne,0.488455,0.488455,0.488455,0.488455,1.0,1.0,1.0,0.0,0.0,0.0,0.0,additive
S. aureus,iYS1720,NE_AFW04739_AT1,NE_STM3334,non-essential,non-essential,ne_ne,0.488455,0.488455,0.488455,0.488455,1.0,1.0,1.0,0.0,0.0,0.0,0.0,additive
S. aureus,iYS1720,NE_AFW04739_AT1,NE_STM1695,non-essential,non-essential,ne_ne,0.488455,0.488455,0.488455,0.488455,1.0,1.0,1.0,0.0,0.0,0.0,0.0,additive
S. aureus,iYS1720,NE_AFW04739_AT1,NE_STM3870,non-essential,non-essential,ne_ne,0.488455,0.488455,0.118007,0.118007,1.0,0.241593,0.241593,0.0,0.758407,0.758407,-0.0,additive
S. aureus,iYS1720,NE_ADC54981_AT1,NE_STM2094,non-essential,non-essential,ne_ne,0.488455,0.488455,0.488455,0.488455,1.0,1.0,1.0,0.0,0.0,0.0,0.0,additive
S. aureus,iYS1720,NE_ADC54981_AT1,NE_STM3334,non-essential,non-essential,ne_ne,0.488455,0.488455,0.488455,0.488455,1.0,1.0,1.0,0.0,0.0,0.0,0.0,additive
S. aureus,iYS1720,NE_ADC54981_AT1,NE_STM1695,non-essential,non-essential,ne_ne,0.488455,0.488455,0.488455,0.488455,1.0,1.0,1.0,0.0,0.0,0.0,0.0,additive
S. aureus,iYS1720,NE_ADC54981_AT1,NE_STM3870,non-essential,non-essential,ne_ne,0.488455,0.488455,0.118007,0.118007,1.0,0.241593,0.241593,0.0,0.758407,0.758407,-0.0,additive
S. aureus,iYS1720,NE_STM2094,NE_STM3334,non-essential,non-essential,ne_ne,0.488455,0.488455,0.488455,0.488455,1.0,1.0,1.0,0.0,0.0,0.0,0.0,additive
S. aureus,iYS1720,NE_STM2094,NE_STM1695,non-essential,non-essential,ne_ne,0.488455,0.488455,0.488455,0.488455,1.0,1.0,1.0,0.0,0.0,0.0,0.0,additive
S. aureus,iYS1720,NE_STM2094,NE_STM3870,non-essential,non-essential,ne_ne,0.488455,0.488455,0.118007,0.118007,1.0,0.241593,0.241593,0.0,0.758407,0.758407,-0.0,additive
S. aureus,iYS1720,NE_STM3334,NE_STM1695,non-essential,non-essential,ne_ne,0.488455,0.488455,0.488455,0.488455,1.0,1.0,1.0,0.0,0.0,0.0,0.0,additive
S. aureus,iYS1720,NE_STM3334,NE_STM3870,non-essential,non-essential,ne_ne,0.488455,0.488455,0.118007,0.118007,1.0,0.241593,0.241593,0.0,0.758407,0.758407,-0.0,additive
S. aureus,iYS1720,NE_STM1695,NE_STM3870,non-essential,non-essential,ne_ne,0.488455,0.488455,0.118007,0.118007,1.0,0.241593,0.241593,0.0,0.758407,0.758407,-0.0,additive
K. pneumoniae,iYL1228,murA,murB,essential,essential,ess_ess,1.042637,0.0,0.0,-0.0,0.0,0.0,-0.0,1.0,1.0,1.0,0.0,additive
K. pneumoniae,iYL1228,murA,murC,essential,essential,ess_ess,1.042637,0.0,0.0,0.0,0.0,0.0,0.0,1.0,1.0,1.0,0.0,additive
K. pneumoniae,iYL1228,murA,murD,essential,essential,ess_ess,1.042637,0.0,0.0,0.0,0.0,0.0,0.0,1.0,1.0,1.0,0.0,additive
K. pneumoniae,iYL1228,murA,murE,essential,essential,ess_ess,1.042637,0.0,0.0,0.0,0.0,0.0,0.0,1.0,1.0,1.0,0.0,additive
K. pneumoniae,iYL1228,murA,murF,essential,essential,ess_ess,1.042637,0.0,0.0,0.0,0.0,0.0,0.0,1.0,1.0,1.0,0.0,additive
K. pneumoniae,iYL1228,murA,lpxA,essential,essential,ess_ess,1.042637,0.0,0.0,0.0,0.0,0.0,0.0,1.0,1.0,1.0,0.0,additive
K. pneumoniae,iYL1228,murA,lpxB,essential,essential,ess_ess,1.042637,0.0,0.0,0.0,0.0,0.0,0.0,1.0,1.0,1.0,0.0,additive
K. pneumoniae,iYL1228,murA,lpxC,essential,essential,ess_ess,1.042637,0.0,0.0,0.0,0.0,0.0,0.0,1.0,1.0,1.0,0.0,additive
K. pneumoniae,iYL1228,murA,lpxD,essential,essential,ess_ess,1.042637,0.0,0.0,0.0,0.0,0.0,0.0,1.0,1.0,1.0,0.0,additive
K. pneumoniae,iYL1228,murA,fabI,essential,essential,ess_ess,1.042637,0.0,0.0,0.0,0.0,0.0,0.0,1.0,1.0,1.0,0.0,additive
K. pneumoniae,iYL1228,murA,fabH,essential,essential,ess_ess,1.042637,0.0,1.040583,0.0,0.0,0.998029,0.0,1.0,0.001971,1.0,0.0,additive
K. pneumoniae,iYL1228,murA,accA,essential,essential,ess_ess,1.042637,0.0,-0.0,0.0,0.0,-0.0,0.0,1.0,1.0,1.0,0.0,additive
K. pneumoniae,iYL1228,murA,folA,essential,essential,ess_ess,1.042637,0.0,0.0,0.0,0.0,0.0,0.0,1.0,1.0,1.0,0.0,additive
K. pneumoniae,iYL1228,murA,folP,essential,essential,ess_ess,1.042637,0.0,1.042637,0.0,0.0,1.0,0.0,1.0,0.0,1.0,0.0,additive
K. pneumoniae,iYL1228,murA,ispD,essential,essential,ess_ess,1.042637,0.0,1.042637,0.0,0.0,1.0,0.0,1.0,0.0,1.0,0.0,additive
K. pneumoniae,iYL1228,murA,msbA,essential,essential,ess_ess,1.042637,0.0,0.0,0.0,0.0,0.0,0.0,1.0,1.0,1.0,0.0,additive
K. pneumoniae,iYL1228,murA,NE_KPN_02758,essential,non-essential,ess_ne,1.042637,0.0,1.042637,0.0,0.0,1.0,0.0,1.0,0.0,1.0,0.0,additive
K. pneumoniae,iYL1228,murA,NE_KPN_00250,essential,non-essential,ess_ne,1.042637,0.0,1.042637,0.0,0.0,1.0,0.0,1.0,0.0,1.0,0.0,additive
K. pneumoniae,iYL1228,murA,NE_KPN_02430,essential,non-essential,ess_ne,1.042637,0.0,0.0,0.0,0.0,0.0,0.0,1.0,1.0,1.0,0.0,additive
K. pneumoniae,iYL1228,murA,NE_KPN_04371,essential,non-essential,ess_ne,1.042637,0.0,1.042637,0.0,0.0,1.0,0.0,1.0,0.0,1.0,0.0,additive
K. pneumoniae,iYL1228,murA,NE_KPN_01165,essential,non-essential,ess_ne,1.042637,0.0,1.042637,0.0,0.0,1.0,0.0,1.0,0.0,1.0,0.0,additive
K. pneumoniae,iYL1228,murA,NE_KPN_03548,essential,non-essential,ess_ne,1.042637,0.0,1.042637,0.0,0.0,1.0,0.0,1.0,0.0,1.0,0.0,additive
K. pneumoniae,iYL1228,murA,NE_KPN_00044,essential,non-essential,ess_ne,1.042637,0.0,1.042637,0.0,0.0,1.0,0.0,1.0,0.0,1.0,0.0,additive
K. pneumoniae,iYL1228,murA,NE_KPN_04786,essential,non-essential,ess_ne,1.042637,0.0,1.042637,0.0,0.0,1.0,0.0,1.0,0.0,1.0,0.0,additive
K. pneumoniae,iYL1228,murA,NE_KPN_00654,essential,non-essential,ess_ne,1.042637,0.0,1.042637,0.0,0.0,1.0,0.0,1.0,0.0,1.0,0.0,additive
K. pneumoniae,iYL1228,murA,NE_KPN_00035,essential,non-essential,ess_ne,1.042637,0.0,1.042637,0.0,0.0,1.0,0.0,1.0,0.0,1.0,0.0,additive
K. pneumoniae,iYL1228,murA,NE_KPN_03779,essential,non-essential,ess_ne,1.042637,0.0,1.042637,0.0,0.0,1.0,0.0,1.0,0.0,1.0,0.0,additive
K. pneumoniae,iYL1228,murA,NE_KPN_03974,essential,non-essential,ess_ne,1.042637,0.0,1.042637,0.0,0.0,1.0,0.0,1.0,0.0,1.0,0.0,additive
K. pneumoniae,iYL1228,murA,NE_KPN_02230,essential,non-essential,ess_ne,1.042637,0.0,0.0,0.0,0.0,0.0,0.0,1.0,1.0,1.0,0.0,additive
K. pneumoniae,iYL1228,murA,NE_KPN_01516,essential,non-essential,ess_ne,1.042637,0.0,0.96008,0.0,0.0,0.920818,0.0,1.0,0.079182,1.0,-0.0,additive
K. pneumoniae,iYL1228,murA,NE_KPN_01479,essential,non-essential,ess_ne,1.042637,0.0,1.042637,0.0,0.0,1.0,0.0,1.0,0.0,1.0,0.0,additive
K. pneumoniae,iYL1228,murA,NE_KPN_03931,essential,non-essential,ess_ne,1.042637,0.0,1.042637,0.0,0.0,1.0,0.0,1.0,0.0,1.0,0.0,additive
K. pneumoniae,iYL1228,murA,NE_KPN_04671,essential,non-essential,ess_ne,1.042637,0.0,1.042637,0.0,0.0,1.0,0.0,1.0,0.0,1.0,0.0,additive
K. pneumoniae,iYL1228,murA,NE_KPN_03667,essential,non-essential,ess_ne,1.042637,0.0,1.042637,0.0,0.0,1.0,0.0,1.0,0.0,1.0,0.0,additive
K. pneumoniae,iYL1228,murA,NE_KPN_02365,essential,non-essential,ess_ne,1.042637,0.0,1.042637,0.0,0.0,1.0,0.0,1.0,0.0,1.0,0.0,additive
K. pneumoniae,iYL1228,murA,NE_KPN_02586,essential,non-essential,ess_ne,1.042637,0.0,1.042637,0.0,0.0,1.0,0.0,1.0,0.0,1.0,0.0,additive
K. pneumoniae,iYL1228,murA,NE_KPN_00801,essential,non-essential,ess_ne,1.042637,0.0,1.042637,0.0,0.0,1.0,0.0,1.0,0.0,1.0,0.0,additive
K. pneumoniae,iYL1228,murA,NE_KPN_00075,essential,non-essential,ess_ne,1.042637,0.0,-0.0,0.0,0.0,-0.0,0.0,1.0,1.0,1.0,0.0,additive
K. pneumoniae,iYL1228,murA,NE_KPN_00142,essential,non-essential,ess_ne,1.042637,0.0,1.042637,0.0,0.0,1.0,0.0,1.0,0.0,1.0,0.0,additive
K. pneumoniae,iYL1228,murA,NE_KPN_01225,essential,non-essential,ess_ne,1.042637,0.0,1.042637,0.0,0.0,1.0,0.0,1.0,0.0,1.0,0.0,additive
K. pneumoniae,iYL1228,murA,NE_KPN_01308,essential,non-essential,ess_ne,1.042637,0.0,1.042637,0.0,0.0,1.0,0.0,1.0,0.0,1.0,0.0,additive
K. pneumoniae,iYL1228,murA,NE_KPN_01603,essential,non-essential,ess_ne,1.042637,0.0,1.042637,0.0,0.0,1.0,0.0,1.0,0.0,1.0,0.0,additive
K. pneumoniae,iYL1228,murA,NE_KPN_03339,essential,non-essential,ess_ne,1.042637,0.0,1.042637,0.0,0.0,1.0,0.0,1.0,0.0,1.0,0.0,additive
K. pneumoniae,iYL1228,murA,NE_KPN_02862,essential,non-essential,ess_ne,1.042637,0.0,1.042637,0.0,0.0,1.0,0.0,1.0,0.0,1.0,0.0,additive
K. pneumoniae,iYL1228,murA,NE_KPN_02600,essential,non-essential,ess_ne,1.042637,0.0,1.042637,0.0,0.0,1.0,0.0,1.0,0.0,1.0,0.0,additive
K. pneumoniae,iYL1228,murA,NE_KPN_02877,essential,non-essential,ess_ne,1.042637,0.0,1.042637,0.0,0.0,1.0,0.0,1.0,0.0,1.0,0.0,additive
K. pneumoniae,iYL1228,murB,murC,essential,essential,ess_ess,1.042637,0.0,0.0,0.0,0.0,0.0,0.0,1.0,1.0,1.0,0.0,additive
K. pneumoniae,iYL1228,murB,murD,essential,essential,ess_ess,1.042637,0.0,0.0,0.0,0.0,0.0,0.0,1.0,1.0,1.0,0.0,additive
K. pneumoniae,iYL1228,murB,murE,essential,essential,ess_ess,1.042637,0.0,0.0,0.0,0.0,0.0,0.0,1.0,1.0,1.0,0.0,additive
K. pneumoniae,iYL1228,murB,murF,essential,essential,ess_ess,1.042637,0.0,0.0,0.0,0.0,0.0,0.0,1.0,1.0,1.0,0.0,additive
K. pneumoniae,iYL1228,murB,lpxA,essential,essential,ess_ess,1.042637,0.0,0.0,0.0,0.0,0.0,0.0,1.0,1.0,1.0,0.0,additive
K. pneumoniae,iYL1228,murB,lpxB,essential,essential,ess_ess,1.042637,0.0,0.0,0.0,0.0,0.0,0.0,1.0,1.0,1.0,0.0,additive
K. pneumoniae,iYL1228,murB,lpxC,essential,essential,ess_ess,1.042637,0.0,0.0,0.0,0.0,0.0,0.0,1.0,1.0,1.0,0.0,additive
K. pneumoniae,iYL1228,murB,lpxD,essential,essential,ess_ess,1.042637,0.0,0.0,0.0,0.0,0.0,0.0,1.0,1.0,1.0,0.0,additive
K. pneumoniae,iYL1228,murB,fabI,essential,essential,ess_ess,1.042637,0.0,0.0,0.0,0.0,0.0,0.0,1.0,1.0,1.0,0.0,additive
K. pneumoniae,iYL1228,murB,fabH,essential,essential,ess_ess,1.042637,0.0,1.040583,0.0,0.0,0.998029,0.0,1.0,0.001971,1.0,0.0,additive
K. pneumoniae,iYL1228,murB,accA,essential,essential,ess_ess,1.042637,0.0,-0.0,0.0,0.0,-0.0,0.0,1.0,1.0,1.0,0.0,additive
K. pneumoniae,iYL1228,murB,folA,essential,essential,ess_ess,1.042637,0.0,0.0,0.0,0.0,0.0,0.0,1.0,1.0,1.0,0.0,additive
K. pneumoniae,iYL1228,murB,folP,essential,essential,ess_ess,1.042637,0.0,1.042637,0.0,0.0,1.0,0.0,1.0,0.0,1.0,0.0,additive
K. pneumoniae,iYL1228,murB,ispD,essential,essential,ess_ess,1.042637,0.0,1.042637,0.0,0.0,1.0,0.0,1.0,0.0,1.0,0.0,additive
K. pneumoniae,iYL1228,murB,msbA,essential,essential,ess_ess,1.042637,0.0,0.0,0.0,0.0,0.0,0.0,1.0,1.0,1.0,0.0,additive
K. pneumoniae,iYL1228,murB,NE_KPN_02758,essential,non-essential,ess_ne,1.042637,0.0,1.042637,0.0,0.0,1.0,0.0,1.0,0.0,1.0,0.0,additive
K. pneumoniae,iYL1228,murB,NE_KPN_00250,essential,non-essential,ess_ne,1.042637,0.0,1.042637,0.0,0.0,1.0,0.0,1.0,0.0,1.0,0.0,additive
K. pneumoniae,iYL1228,murB,NE_KPN_02430,essential,non-essential,ess_ne,1.042637,0.0,0.0,0.0,0.0,0.0,0.0,1.0,1.0,1.0,0.0,additive
K. pneumoniae,iYL1228,murB,NE_KPN_04371,essential,non-essential,ess_ne,1.042637,0.0,1.042637,-0.0,0.0,1.0,-0.0,1.0,0.0,1.0,0.0,additive
K. pneumoniae,iYL1228,murB,NE_KPN_01165,essential,non-essential,ess_ne,1.042637,0.0,1.042637,0.0,0.0,1.0,0.0,1.0,0.0,1.0,0.0,additive
K. pneumoniae,iYL1228,murB,NE_KPN_03548,essential,non-essential,ess_ne,1.042637,0.0,1.042637,0.0,0.0,1.0,0.0,1.0,0.0,1.0,0.0,additive
K. pneumoniae,iYL1228,murB,NE_KPN_00044,essential,non-essential,ess_ne,1.042637,0.0,1.042637,0.0,0.0,1.0,0.0,1.0,0.0,1.0,0.0,additive
K. pneumoniae,iYL1228,murB,NE_KPN_04786,essential,non-essential,ess_ne,1.042637,0.0,1.042637,0.0,0.0,1.0,0.0,1.0,0.0,1.0,0.0,additive
K. pneumoniae,iYL1228,murB,NE_KPN_00654,essential,non-essential,ess_ne,1.042637,0.0,1.042637,0.0,0.0,1.0,0.0,1.0,0.0,1.0,0.0,additive
K. pneumoniae,iYL1228,murB,NE_KPN_00035,essential,non-essential,ess_ne,1.042637,0.0,1.042637,0.0,0.0,1.0,0.0,1.0,0.0,1.0,0.0,additive
K. pneumoniae,iYL1228,murB,NE_KPN_03779,essential,non-essential,ess_ne,1.042637,0.0,1.042637,0.0,0.0,1.0,0.0,1.0,0.0,1.0,0.0,additive
K. pneumoniae,iYL1228,murB,NE_KPN_03974,essential,non-essential,ess_ne,1.042637,0.0,1.042637,0.0,0.0,1.0,0.0,1.0,0.0,1.0,0.0,additive
K. pneumoniae,iYL1228,murB,NE_KPN_02230,essential,non-essential,ess_ne,1.042637,0.0,0.0,0.0,0.0,0.0,0.0,1.0,1.0,1.0,0.0,additive
K. pneumoniae,iYL1228,murB,NE_KPN_01516,essential,non-essential,ess_ne,1.042637,0.0,0.96008,-0.0,0.0,0.920818,-0.0,1.0,0.079182,1.0,0.0,additive
K. pneumoniae,iYL1228,murB,NE_KPN_01479,essential,non-essential,ess_ne,1.042637,0.0,1.042637,0.0,0.0,1.0,0.0,1.0,0.0,1.0,0.0,additive
K. pneumoniae,iYL1228,murB,NE_KPN_03931,essential,non-essential,ess_ne,1.042637,0.0,1.042637,0.0,0.0,1.0,0.0,1.0,0.0,1.0,0.0,additive
K. pneumoniae,iYL1228,murB,NE_KPN_04671,essential,non-essential,ess_ne,1.042637,0.0,1.042637,0.0,0.0,1.0,0.0,1.0,0.0,1.0,0.0,additive
K. pneumoniae,iYL1228,murB,NE_KPN_03667,essential,non-essential,ess_ne,1.042637,0.0,1.042637,0.0,0.0,1.0,0.0,1.0,0.0,1.0,0.0,additive
K. pneumoniae,iYL1228,murB,NE_KPN_02365,essential,non-essential,ess_ne,1.042637,0.0,1.042637,0.0,0.0,1.0,0.0,1.0,0.0,1.0,0.0,additive
K. pneumoniae,iYL1228,murB,NE_KPN_02586,essential,non-essential,ess_ne,1.042637,0.0,1.042637,0.0,0.0,1.0,0.0,1.0,0.0,1.0,0.0,additive
K. pneumoniae,iYL1228,murB,NE_KPN_00801,essential,non-essential,ess_ne,1.042637,0.0,1.042637,0.0,0.0,1.0,0.0,1.0,0.0,1.0,0.0,additive
K. pneumoniae,iYL1228,murB,NE_KPN_00075,essential,non-essential,ess_ne,1.042637,0.0,-0.0,0.0,0.0,-0.0,0.0,1.0,1.0,1.0,0.0,additive
K. pneumoniae,iYL1228,murB,NE_KPN_00142,essential,non-essential,ess_ne,1.042637,0.0,1.042637,0.0,0.0,1.0,0.0,1.0,0.0,1.0,0.0,additive
K. pneumoniae,iYL1228,murB,NE_KPN_01225,essential,non-essential,ess_ne,1.042637,0.0,1.042637,0.0,0.0,1.0,0.0,1.0,0.0,1.0,0.0,additive
K. pneumoniae,iYL1228,murB,NE_KPN_01308,essential,non-essential,ess_ne,1.042637,0.0,1.042637,0.0,0.0,1.0,0.0,1.0,0.0,1.0,0.0,additive
K. pneumoniae,iYL1228,murB,NE_KPN_01603,essential,non-essential,ess_ne,1.042637,0.0,1.042637,0.0,0.0,1.0,0.0,1.0,0.0,1.0,0.0,additive
K. pneumoniae,iYL1228,murB,NE_KPN_03339,essential,non-essential,ess_ne,1.042637,0.0,1.042637,0.0,0.0,1.0,0.0,1.0,0.0,1.0,0.0,additive
K. pneumoniae,iYL1228,murB,NE_KPN_02862,essential,non-essential,ess_ne,1.042637,0.0,1.042637,0.0,0.0,1.0,0.0,1.0,0.0,1.0,0.0,additive
K. pneumoniae,iYL1228,murB,NE_KPN_02600,essential,non-essential,ess_ne,1.042637,0.0,1.042637,0.0,0.0,1.0,0.0,1.0,0.0,1.0,0.0,additive
K. pneumoniae,iYL1228,murB,NE_KPN_02877,essential,non-essential,ess_ne,1.042637,0.0,1.042637,0.0,0.0,1.0,0.0,1.0,0.0,1.0,0.0,additive
K. pneumoniae,iYL1228,murC,murD,essential,essential,ess_ess,1.042637,0.0,0.0,0.0,0.0,0.0,0.0,1.0,1.0,1.0,0.0,additive
K. pneumoniae,iYL1228,murC,murE,essential,essential,ess_ess,1.042637,0.0,0.0,0.0,0.0,0.0,0.0,1.0,1.0,1.0,0.0,additive
K. pneumoniae,iYL1228,murC,murF,essential,essential,ess_ess,1.042637,0.0,0.0,0.0,0.0,0.0,0.0,1.0,1.0,1.0,0.0,additive
K. pneumoniae,iYL1228,murC,lpxA,essential,essential,ess_ess,1.042637,0.0,0.0,0.0,0.0,0.0,0.0,1.0,1.0,1.0,0.0,additive
K. pneumoniae,iYL1228,murC,lpxB,essential,essential,ess_ess,1.042637,0.0,0.0,0.0,0.0,0.0,0.0,1.0,1.0,1.0,0.0,additive
K. pneumoniae,iYL1228,murC,lpxC,essential,essential,ess_ess,1.042637,0.0,0.0,0.0,0.0,0.0,0.0,1.0,1.0,1.0,0.0,additive
K. pneumoniae,iYL1228,murC,lpxD,essential,essential,ess_ess,1.042637,0.0,0.0,0.0,0.0,0.0,0.0,1.0,1.0,1.0,0.0,additive
K. pneumoniae,iYL1228,murC,fabI,essential,essential,ess_ess,1.042637,0.0,0.0,0.0,0.0,0.0,0.0,1.0,1.0,1.0,0.0,additive
K. pneumoniae,iYL1228,murC,fabH,essential,essential,ess_ess,1.042637,0.0,1.040583,0.0,0.0,0.998029,0.0,1.0,0.001971,1.0,0.0,additive
K. pneumoniae,iYL1228,murC,accA,essential,essential,ess_ess,1.042637,0.0,-0.0,0.0,0.0,-0.0,0.0,1.0,1.0,1.0,0.0,additive
K. pneumoniae,iYL1228,murC,folA,essential,essential,ess_ess,1.042637,0.0,0.0,0.0,0.0,0.0,0.0,1.0,1.0,1.0,0.0,additive
K. pneumoniae,iYL1228,murC,folP,essential,essential,ess_ess,1.042637,0.0,1.042637,0.0,0.0,1.0,0.0,1.0,0.0,1.0,0.0,additive
K. pneumoniae,iYL1228,murC,ispD,essential,essential,ess_ess,1.042637,0.0,1.042637,0.0,0.0,1.0,0.0,1.0,0.0,1.0,0.0,additive
K. pneumoniae,iYL1228,murC,msbA,essential,essential,ess_ess,1.042637,0.0,0.0,0.0,0.0,0.0,0.0,1.0,1.0,1.0,0.0,additive
K. pneumoniae,iYL1228,murC,NE_KPN_02758,essential,non-essential,ess_ne,1.042637,0.0,1.042637,0.0,0.0,1.0,0.0,1.0,0.0,1.0,0.0,additive
K. pneumoniae,iYL1228,murC,NE_KPN_00250,essential,non-essential,ess_ne,1.042637,0.0,1.042637,0.0,0.0,1.0,0.0,1.0,0.0,1.0,0.0,additive
K. pneumoniae,iYL1228,murC,NE_KPN_02430,essential,non-essential,ess_ne,1.042637,0.0,0.0,0.0,0.0,0.0,0.0,1.0,1.0,1.0,0.0,additive
K. pneumoniae,iYL1228,murC,NE_KPN_04371,essential,non-essential,ess_ne,1.042637,0.0,1.042637,-0.0,0.0,1.0,-0.0,1.0,0.0,1.0,0.0,additive
K. pneumoniae,iYL1228,murC,NE_KPN_01165,essential,non-essential,ess_ne,1.042637,0.0,1.042637,0.0,0.0,1.0,0.0,1.0,0.0,1.0,0.0,additive
K. pneumoniae,iYL1228,murC,NE_KPN_03548,essential,non-essential,ess_ne,1.042637,0.0,1.042637,0.0,0.0,1.0,0.0,1.0,0.0,1.0,0.0,additive
K. pneumoniae,iYL1228,murC,NE_KPN_00044,essential,non-essential,ess_ne,1.042637,0.0,1.042637,0.0,0.0,1.0,0.0,1.0,0.0,1.0,0.0,additive
K. pneumoniae,iYL1228,murC,NE_KPN_04786,essential,non-essential,ess_ne,1.042637,0.0,1.042637,0.0,0.0,1.0,0.0,1.0,0.0,1.0,0.0,additive
K. pneumoniae,iYL1228,murC,NE_KPN_00654,essential,non-essential,ess_ne,1.042637,0.0,1.042637,0.0,0.0,1.0,0.0,1.0,0.0,1.0,0.0,additive
K. pneumoniae,iYL1228,murC,NE_KPN_00035,essential,non-essential,ess_ne,1.042637,0.0,1.042637,0.0,0.0,1.0,0.0,1.0,0.0,1.0,0.0,additive
K. pneumoniae,iYL1228,murC,NE_KPN_03779,essential,non-essential,ess_ne,1.042637,0.0,1.042637,0.0,0.0,1.0,0.0,1.0,0.0,1.0,0.0,additive
K. pneumoniae,iYL1228,murC,NE_KPN_03974,essential,non-essential,ess_ne,1.042637,0.0,1.042637,0.0,0.0,1.0,0.0,1.0,0.0,1.0,0.0,additive
K. pneumoniae,iYL1228,murC,NE_KPN_02230,essential,non-essential,ess_ne,1.042637,0.0,0.0,0.0,0.0,0.0,0.0,1.0,1.0,1.0,0.0,additive
K. pneumoniae,iYL1228,murC,NE_KPN_01516,essential,non-essential,ess_ne,1.042637,0.0,0.96008,0.0,0.0,0.920818,0.0,1.0,0.079182,1.0,0.0,additive
K. pneumoniae,iYL1228,murC,NE_KPN_01479,essential,non-essential,ess_ne,1.042637,0.0,1.042637,0.0,0.0,1.0,0.0,1.0,0.0,1.0,0.0,additive
K. pneumoniae,iYL1228,murC,NE_KPN_03931,essential,non-essential,ess_ne,1.042637,0.0,1.042637,0.0,0.0,1.0,0.0,1.0,0.0,1.0,0.0,additive
K. pneumoniae,iYL1228,murC,NE_KPN_04671,essential,non-essential,ess_ne,1.042637,0.0,1.042637,0.0,0.0,1.0,0.0,1.0,0.0,1.0,0.0,additive
K. pneumoniae,iYL1228,murC,NE_KPN_03667,essential,non-essential,ess_ne,1.042637,0.0,1.042637,0.0,0.0,1.0,0.0,1.0,0.0,1.0,0.0,additive
K. pneumoniae,iYL1228,murC,NE_KPN_02365,essential,non-essential,ess_ne,1.042637,0.0,1.042637,0.0,0.0,1.0,0.0,1.0,0.0,1.0,0.0,additive
K. pneumoniae,iYL1228,murC,NE_KPN_02586,essential,non-essential,ess_ne,1.042637,0.0,1.042637,0.0,0.0,1.0,0.0,1.0,0.0,1.0,0.0,additive
K. pneumoniae,iYL1228,murC,NE_KPN_00801,essential,non-essential,ess_ne,1.042637,0.0,1.042637,0.0,0.0,1.0,0.0,1.0,0.0,1.0,0.0,additive
K. pneumoniae,iYL1228,murC,NE_KPN_00075,essential,non-essential,ess_ne,1.042637,0.0,-0.0,0.0,0.0,-0.0,0.0,1.0,1.0,1.0,0.0,additive
K. pneumoniae,iYL1228,murC,NE_KPN_00142,essential,non-essential,ess_ne,1.042637,0.0,1.042637,0.0,0.0,1.0,0.0,1.0,0.0,1.0,0.0,additive
K. pneumoniae,iYL1228,murC,NE_KPN_01225,essential,non-essential,ess_ne,1.042637,0.0,1.042637,0.0,0.0,1.0,0.0,1.0,0.0,1.0,0.0,additive
K. pneumoniae,iYL1228,murC,NE_KPN_01308,essential,non-essential,ess_ne,1.042637,0.0,1.042637,0.0,0.0,1.0,0.0,1.0,0.0,1.0,0.0,additive
K. pneumoniae,iYL1228,murC,NE_KPN_01603,essential,non-essential,ess_ne,1.042637,0.0,1.042637,0.0,0.0,1.0,0.0,1.0,0.0,1.0,0.0,additive
K. pneumoniae,iYL1228,murC,NE_KPN_03339,essential,non-essential,ess_ne,1.042637,0.0,1.042637,0.0,0.0,1.0,0.0,1.0,0.0,1.0,0.0,additive
K. pneumoniae,iYL1228,murC,NE_KPN_02862,essential,non-essential,ess_ne,1.042637,0.0,1.042637,0.0,0.0,1.0,0.0,1.0,0.0,1.0,0.0,additive
K. pneumoniae,iYL1228,murC,NE_KPN_02600,essential,non-essential,ess_ne,1.042637,0.0,1.042637,0.0,0.0,1.0,0.0,1.0,0.0,1.0,0.0,additive
K. pneumoniae,iYL1228,murC,NE_KPN_02877,essential,non-essential,ess_ne,1.042637,0.0,1.042637,0.0,0.0,1.0,0.0,1.0,0.0,1.0,0.0,additive
K. pneumoniae,iYL1228,murD,murE,essential,essential,ess_ess,1.042637,0.0,0.0,0.0,0.0,0.0,0.0,1.0,1.0,1.0,0.0,additive
K. pneumoniae,iYL1228,murD,murF,essential,essential,ess_ess,1.042637,0.0,0.0,0.0,0.0,0.0,0.0,1.0,1.0,1.0,0.0,additive
K. pneumoniae,iYL1228,murD,lpxA,essential,essential,ess_ess,1.042637,0.0,0.0,0.0,0.0,0.0,0.0,1.0,1.0,1.0,0.0,additive
K. pneumoniae,iYL1228,murD,lpxB,essential,essential,ess_ess,1.042637,0.0,0.0,0.0,0.0,0.0,0.0,1.0,1.0,1.0,0.0,additive
K. pneumoniae,iYL1228,murD,lpxC,essential,essential,ess_ess,1.042637,0.0,0.0,0.0,0.0,0.0,0.0,1.0,1.0,1.0,0.0,additive
K. pneumoniae,iYL1228,murD,lpxD,essential,essential,ess_ess,1.042637,0.0,0.0,0.0,0.0,0.0,0.0,1.0,1.0,1.0,0.0,additive
K. pneumoniae,iYL1228,murD,fabI,essential,essential,ess_ess,1.042637,0.0,0.0,0.0,0.0,0.0,0.0,1.0,1.0,1.0,0.0,additive
K. pneumoniae,iYL1228,murD,fabH,essential,essential,ess_ess,1.042637,0.0,1.040583,0.0,0.0,0.998029,0.0,1.0,0.001971,1.0,0.0,additive
K. pneumoniae,iYL1228,murD,accA,essential,essential,ess_ess,1.042637,0.0,-0.0,0.0,0.0,-0.0,0.0,1.0,1.0,1.0,0.0,additive
K. pneumoniae,iYL1228,murD,folA,essential,essential,ess_ess,1.042637,0.0,0.0,0.0,0.0,0.0,0.0,1.0,1.0,1.0,0.0,additive
K. pneumoniae,iYL1228,murD,folP,essential,essential,ess_ess,1.042637,0.0,1.042637,0.0,0.0,1.0,0.0,1.0,0.0,1.0,0.0,additive
K. pneumoniae,iYL1228,murD,ispD,essential,essential,ess_ess,1.042637,0.0,1.042637,0.0,0.0,1.0,0.0,1.0,0.0,1.0,0.0,additive
K. pneumoniae,iYL1228,murD,msbA,essential,essential,ess_ess,1.042637,0.0,0.0,0.0,0.0,0.0,0.0,1.0,1.0,1.0,0.0,additive
K. pneumoniae,iYL1228,murD,NE_KPN_02758,essential,non-essential,ess_ne,1.042637,0.0,1.042637,0.0,0.0,1.0,0.0,1.0,0.0,1.0,0.0,additive
K. pneumoniae,iYL1228,murD,NE_KPN_00250,essential,non-essential,ess_ne,1.042637,0.0,1.042637,0.0,0.0,1.0,0.0,1.0,0.0,1.0,0.0,additive
K. pneumoniae,iYL1228,murD,NE_KPN_02430,essential,non-essential,ess_ne,1.042637,0.0,0.0,0.0,0.0,0.0,0.0,1.0,1.0,1.0,0.0,additive
K. pneumoniae,iYL1228,murD,NE_KPN_04371,essential,non-essential,ess_ne,1.042637,0.0,1.042637,-0.0,0.0,1.0,-0.0,1.0,0.0,1.0,0.0,additive
K. pneumoniae,iYL1228,murD,NE_KPN_01165,essential,non-essential,ess_ne,1.042637,0.0,1.042637,0.0,0.0,1.0,0.0,1.0,0.0,1.0,0.0,additive
K. pneumoniae,iYL1228,murD,NE_KPN_03548,essential,non-essential,ess_ne,1.042637,0.0,1.042637,0.0,0.0,1.0,0.0,1.0,0.0,1.0,0.0,additive
K. pneumoniae,iYL1228,murD,NE_KPN_00044,essential,non-essential,ess_ne,1.042637,0.0,1.042637,0.0,0.0,1.0,0.0,1.0,0.0,1.0,0.0,additive
K. pneumoniae,iYL1228,murD,NE_KPN_04786,essential,non-essential,ess_ne,1.042637,0.0,1.042637,0.0,0.0,1.0,0.0,1.0,0.0,1.0,0.0,additive
K. pneumoniae,iYL1228,murD,NE_KPN_00654,essential,non-essential,ess_ne,1.042637,0.0,1.042637,0.0,0.0,1.0,0.0,1.0,0.0,1.0,0.0,additive
K. pneumoniae,iYL1228,murD,NE_KPN_00035,essential,non-essential,ess_ne,1.042637,0.0,1.042637,0.0,0.0,1.0,0.0,1.0,0.0,1.0,0.0,additive
K. pneumoniae,iYL1228,murD,NE_KPN_03779,essential,non-essential,ess_ne,1.042637,0.0,1.042637,0.0,0.0,1.0,0.0,1.0,0.0,1.0,0.0,additive
K. pneumoniae,iYL1228,murD,NE_KPN_03974,essential,non-essential,ess_ne,1.042637,0.0,1.042637,0.0,0.0,1.0,0.0,1.0,0.0,1.0,0.0,additive
K. pneumoniae,iYL1228,murD,NE_KPN_02230,essential,non-essential,ess_ne,1.042637,0.0,0.0,0.0,0.0,0.0,0.0,1.0,1.0,1.0,0.0,additive
K. pneumoniae,iYL1228,murD,NE_KPN_01516,essential,non-essential,ess_ne,1.042637,0.0,0.96008,0.0,0.0,0.920818,0.0,1.0,0.079182,1.0,0.0,additive
K. pneumoniae,iYL1228,murD,NE_KPN_01479,essential,non-essential,ess_ne,1.042637,0.0,1.042637,0.0,0.0,1.0,0.0,1.0,0.0,1.0,0.0,additive
K. pneumoniae,iYL1228,murD,NE_KPN_03931,essential,non-essential,ess_ne,1.042637,0.0,1.042637,0.0,0.0,1.0,0.0,1.0,0.0,1.0,0.0,additive
K. pneumoniae,iYL1228,murD,NE_KPN_04671,essential,non-essential,ess_ne,1.042637,0.0,1.042637,0.0,0.0,1.0,0.0,1.0,0.0,1.0,0.0,additive
K. pneumoniae,iYL1228,murD,NE_KPN_03667,essential,non-essential,ess_ne,1.042637,0.0,1.042637,0.0,0.0,1.0,0.0,1.0,0.0,1.0,0.0,additive
K. pneumoniae,iYL1228,murD,NE_KPN_02365,essential,non-essential,ess_ne,1.042637,0.0,1.042637,0.0,0.0,1.0,0.0,1.0,0.0,1.0,0.0,additive
K. pneumoniae,iYL1228,murD,NE_KPN_02586,essential,non-essential,ess_ne,1.042637,0.0,1.042637,0.0,0.0,1.0,0.0,1.0,0.0,1.0,0.0,additive
K. pneumoniae,iYL1228,murD,NE_KPN_00801,essential,non-essential,ess_ne,1.042637,0.0,1.042637,0.0,0.0,1.0,0.0,1.0,0.0,1.0,0.0,additive
K. pneumoniae,iYL1228,murD,NE_KPN_00075,essential,non-essential,ess_ne,1.042637,0.0,-0.0,0.0,0.0,-0.0,0.0,1.0,1.0,1.0,0.0,additive
K. pneumoniae,iYL1228,murD,NE_KPN_00142,essential,non-essential,ess_ne,1.042637,0.0,1.042637,0.0,0.0,1.0,0.0,1.0,0.0,1.0,0.0,additive
K. pneumoniae,iYL1228,murD,NE_KPN_01225,essential,non-essential,ess_ne,1.042637,0.0,1.042637,0.0,0.0,1.0,0.0,1.0,0.0,1.0,0.0,additive
K. pneumoniae,iYL1228,murD,NE_KPN_01308,essential,non-essential,ess_ne,1.042637,0.0,1.042637,0.0,0.0,1.0,0.0,1.0,0.0,1.0,0.0,additive
K. pneumoniae,iYL1228,murD,NE_KPN_01603,essential,non-essential,ess_ne,1.042637,0.0,1.042637,0.0,0.0,1.0,0.0,1.0,0.0,1.0,0.0,additive
K. pneumoniae,iYL1228,murD,NE_KPN_03339,essential,non-essential,ess_ne,1.042637,0.0,1.042637,0.0,0.0,1.0,0.0,1.0,0.0,1.0,0.0,additive
K. pneumoniae,iYL1228,murD,NE_KPN_02862,essential,non-essential,ess_ne,1.042637,0.0,1.042637,0.0,0.0,1.0,0.0,1.0,0.0,1.0,0.0,additive
K. pneumoniae,iYL1228,murD,NE_KPN_02600,essential,non-essential,ess_ne,1.042637,0.0,1.042637,0.0,0.0,1.0,0.0,1.0,0.0,1.0,0.0,additive
K. pneumoniae,iYL1228,murD,NE_KPN_02877,essential,non-essential,ess_ne,1.042637,0.0,1.042637,0.0,0.0,1.0,0.0,1.0,0.0,1.0,0.0,additive
K. pneumoniae,iYL1228,murE,murF,essential,essential,ess_ess,1.042637,0.0,0.0,0.0,0.0,0.0,0.0,1.0,1.0,1.0,0.0,additive
K. pneumoniae,iYL1228,murE,lpxA,essential,essential,ess_ess,1.042637,0.0,0.0,0.0,0.0,0.0,0.0,1.0,1.0,1.0,0.0,additive
K. pneumoniae,iYL1228,murE,lpxB,essential,essential,ess_ess,1.042637,0.0,0.0,0.0,0.0,0.0,0.0,1.0,1.0,1.0,0.0,additive
K. pneumoniae,iYL1228,murE,lpxC,essential,essential,ess_ess,1.042637,0.0,0.0,0.0,0.0,0.0,0.0,1.0,1.0,1.0,0.0,additive
K. pneumoniae,iYL1228,murE,lpxD,essential,essential,ess_ess,1.042637,0.0,0.0,0.0,0.0,0.0,0.0,1.0,1.0,1.0,0.0,additive
K. pneumoniae,iYL1228,murE,fabI,essential,essential,ess_ess,1.042637,0.0,0.0,0.0,0.0,0.0,0.0,1.0,1.0,1.0,0.0,additive
K. pneumoniae,iYL1228,murE,fabH,essential,essential,ess_ess,1.042637,0.0,1.040583,0.0,0.0,0.998029,0.0,1.0,0.001971,1.0,0.0,additive
K. pneumoniae,iYL1228,murE,accA,essential,essential,ess_ess,1.042637,0.0,-0.0,0.0,0.0,-0.0,0.0,1.0,1.0,1.0,0.0,additive
K. pneumoniae,iYL1228,murE,folA,essential,essential,ess_ess,1.042637,0.0,0.0,0.0,0.0,0.0,0.0,1.0,1.0,1.0,0.0,additive
K. pneumoniae,iYL1228,murE,folP,essential,essential,ess_ess,1.042637,0.0,1.042637,0.0,0.0,1.0,0.0,1.0,0.0,1.0,0.0,additive
K. pneumoniae,iYL1228,murE,ispD,essential,essential,ess_ess,1.042637,0.0,1.042637,0.0,0.0,1.0,0.0,1.0,0.0,1.0,0.0,additive
K. pneumoniae,iYL1228,murE,msbA,essential,essential,ess_ess,1.042637,0.0,0.0,0.0,0.0,0.0,0.0,1.0,1.0,1.0,0.0,additive
K. pneumoniae,iYL1228,murE,NE_KPN_02758,essential,non-essential,ess_ne,1.042637,0.0,1.042637,0.0,0.0,1.0,0.0,1.0,0.0,1.0,0.0,additive
K. pneumoniae,iYL1228,murE,NE_KPN_00250,essential,non-essential,ess_ne,1.042637,0.0,1.042637,0.0,0.0,1.0,0.0,1.0,0.0,1.0,0.0,additive
K. pneumoniae,iYL1228,murE,NE_KPN_02430,essential,non-essential,ess_ne,1.042637,0.0,0.0,0.0,0.0,0.0,0.0,1.0,1.0,1.0,0.0,additive
K. pneumoniae,iYL1228,murE,NE_KPN_04371,essential,non-essential,ess_ne,1.042637,0.0,1.042637,-0.0,0.0,1.0,-0.0,1.0,0.0,1.0,0.0,additive
K. pneumoniae,iYL1228,murE,NE_KPN_01165,essential,non-essential,ess_ne,1.042637,0.0,1.042637,0.0,0.0,1.0,0.0,1.0,0.0,1.0,0.0,additive
K. pneumoniae,iYL1228,murE,NE_KPN_03548,essential,non-essential,ess_ne,1.042637,0.0,1.042637,0.0,0.0,1.0,0.0,1.0,0.0,1.0,0.0,additive
K. pneumoniae,iYL1228,murE,NE_KPN_00044,essential,non-essential,ess_ne,1.042637,0.0,1.042637,0.0,0.0,1.0,0.0,1.0,0.0,1.0,0.0,additive
K. pneumoniae,iYL1228,murE,NE_KPN_04786,essential,non-essential,ess_ne,1.042637,0.0,1.042637,0.0,0.0,1.0,0.0,1.0,0.0,1.0,0.0,additive
K. pneumoniae,iYL1228,murE,NE_KPN_00654,essential,non-essential,ess_ne,1.042637,0.0,1.042637,0.0,0.0,1.0,0.0,1.0,0.0,1.0,0.0,additive
K. pneumoniae,iYL1228,murE,NE_KPN_00035,essential,non-essential,ess_ne,1.042637,0.0,1.042637,0.0,0.0,1.0,0.0,1.0,0.0,1.0,0.0,additive
K. pneumoniae,iYL1228,murE,NE_KPN_03779,essential,non-essential,ess_ne,1.042637,0.0,1.042637,0.0,0.0,1.0,0.0,1.0,0.0,1.0,0.0,additive
K. pneumoniae,iYL1228,murE,NE_KPN_03974,essential,non-essential,ess_ne,1.042637,0.0,1.042637,0.0,0.0,1.0,0.0,1.0,0.0,1.0,0.0,additive
K. pneumoniae,iYL1228,murE,NE_KPN_02230,essential,non-essential,ess_ne,1.042637,0.0,0.0,0.0,0.0,0.0,0.0,1.0,1.0,1.0,0.0,additive
K. pneumoniae,iYL1228,murE,NE_KPN_01516,essential,non-essential,ess_ne,1.042637,0.0,0.96008,-0.0,0.0,0.920818,-0.0,1.0,0.079182,1.0,0.0,additive
K. pneumoniae,iYL1228,murE,NE_KPN_01479,essential,non-essential,ess_ne,1.042637,0.0,1.042637,0.0,0.0,1.0,0.0,1.0,0.0,1.0,0.0,additive
K. pneumoniae,iYL1228,murE,NE_KPN_03931,essential,non-essential,ess_ne,1.042637,0.0,1.042637,0.0,0.0,1.0,0.0,1.0,0.0,1.0,0.0,additive
K. pneumoniae,iYL1228,murE,NE_KPN_04671,essential,non-essential,ess_ne,1.042637,0.0,1.042637,0.0,0.0,1.0,0.0,1.0,0.0,1.0,0.0,additive
K. pneumoniae,iYL1228,murE,NE_KPN_03667,essential,non-essential,ess_ne,1.042637,0.0,1.042637,0.0,0.0,1.0,0.0,1.0,0.0,1.0,0.0,additive
K. pneumoniae,iYL1228,murE,NE_KPN_02365,essential,non-essential,ess_ne,1.042637,0.0,1.042637,0.0,0.0,1.0,0.0,1.0,0.0,1.0,0.0,additive
K. pneumoniae,iYL1228,murE,NE_KPN_02586,essential,non-essential,ess_ne,1.042637,0.0,1.042637,0.0,0.0,1.0,0.0,1.0,0.0,1.0,0.0,additive
K. pneumoniae,iYL1228,murE,NE_KPN_00801,essential,non-essential,ess_ne,1.042637,0.0,1.042637,0.0,0.0,1.0,0.0,1.0,0.0,1.0,0.0,additive
K. pneumoniae,iYL1228,murE,NE_KPN_00075,essential,non-essential,ess_ne,1.042637,0.0,-0.0,0.0,0.0,-0.0,0.0,1.0,1.0,1.0,0.0,additive
K. pneumoniae,iYL1228,murE,NE_KPN_00142,essential,non-essential,ess_ne,1.042637,0.0,1.042637,0.0,0.0,1.0,0.0,1.0,0.0,1.0,0.0,additive
K. pneumoniae,iYL1228,murE,NE_KPN_01225,essential,non-essential,ess_ne,1.042637,0.0,1.042637,0.0,0.0,1.0,0.0,1.0,0.0,1.0,0.0,additive
K. pneumoniae,iYL1228,murE,NE_KPN_01308,essential,non-essential,ess_ne,1.042637,0.0,1.042637,0.0,0.0,1.0,0.0,1.0,0.0,1.0,0.0,additive
K. pneumoniae,iYL1228,murE,NE_KPN_01603,essential,non-essential,ess_ne,1.042637,0.0,1.042637,0.0,0.0,1.0,0.0,1.0,0.0,1.0,0.0,additive
K. pneumoniae,iYL1228,murE,NE_KPN_03339,essential,non-essential,ess_ne,1.042637,0.0,1.042637,0.0,0.0,1.0,0.0,1.0,0.0,1.0,0.0,additive
K. pneumoniae,iYL1228,murE,NE_KPN_02862,essential,non-essential,ess_ne,1.042637,0.0,1.042637,0.0,0.0,1.0,0.0,1.0,0.0,1.0,0.0,additive
K. pneumoniae,iYL1228,murE,NE_KPN_02600,essential,non-essential,ess_ne,1.042637,0.0,1.042637,0.0,0.0,1.0,0.0,1.0,0.0,1.0,0.0,additive
K. pneumoniae,iYL1228,murE,NE_KPN_02877,essential,non-essential,ess_ne,1.042637,0.0,1.042637,0.0,0.0,1.0,0.0,1.0,0.0,1.0,0.0,additive
K. pneumoniae,iYL1228,murF,lpxA,essential,essential,ess_ess,1.042637,0.0,0.0,0.0,0.0,0.0,0.0,1.0,1.0,1.0,0.0,additive
K. pneumoniae,iYL1228,murF,lpxB,essential,essential,ess_ess,1.042637,0.0,0.0,0.0,0.0,0.0,0.0,1.0,1.0,1.0,0.0,additive
K. pneumoniae,iYL1228,murF,lpxC,essential,essential,ess_ess,1.042637,0.0,0.0,0.0,0.0,0.0,0.0,1.0,1.0,1.0,0.0,additive
K. pneumoniae,iYL1228,murF,lpxD,essential,essential,ess_ess,1.042637,0.0,0.0,0.0,0.0,0.0,0.0,1.0,1.0,1.0,0.0,additive
K. pneumoniae,iYL1228,murF,fabI,essential,essential,ess_ess,1.042637,0.0,0.0,0.0,0.0,0.0,0.0,1.0,1.0,1.0,0.0,additive
K. pneumoniae,iYL1228,murF,fabH,essential,essential,ess_ess,1.042637,0.0,1.040583,0.0,0.0,0.998029,0.0,1.0,0.001971,1.0,0.0,additive
K. pneumoniae,iYL1228,murF,accA,essential,essential,ess_ess,1.042637,0.0,-0.0,0.0,0.0,-0.0,0.0,1.0,1.0,1.0,0.0,additive
K. pneumoniae,iYL1228,murF,folA,essential,essential,ess_ess,1.042637,0.0,0.0,0.0,0.0,0.0,0.0,1.0,1.0,1.0,0.0,additive
K. pneumoniae,iYL1228,murF,folP,essential,essential,ess_ess,1.042637,0.0,1.042637,0.0,0.0,1.0,0.0,1.0,0.0,1.0,0.0,additive
K. pneumoniae,iYL1228,murF,ispD,essential,essential,ess_ess,1.042637,0.0,1.042637,0.0,0.0,1.0,0.0,1.0,0.0,1.0,0.0,additive
K. pneumoniae,iYL1228,murF,msbA,essential,essential,ess_ess,1.042637,0.0,0.0,0.0,0.0,0.0,0.0,1.0,1.0,1.0,0.0,additive
K. pneumoniae,iYL1228,murF,NE_KPN_02758,essential,non-essential,ess_ne,1.042637,0.0,1.042637,0.0,0.0,1.0,0.0,1.0,0.0,1.0,0.0,additive
K. pneumoniae,iYL1228,murF,NE_KPN_00250,essential,non-essential,ess_ne,1.042637,0.0,1.042637,0.0,0.0,1.0,0.0,1.0,0.0,1.0,0.0,additive
K. pneumoniae,iYL1228,murF,NE_KPN_02430,essential,non-essential,ess_ne,1.042637,0.0,0.0,0.0,0.0,0.0,0.0,1.0,1.0,1.0,0.0,additive
K. pneumoniae,iYL1228,murF,NE_KPN_04371,essential,non-essential,ess_ne,1.042637,0.0,1.042637,0.0,0.0,1.0,0.0,1.0,0.0,1.0,0.0,additive
K. pneumoniae,iYL1228,murF,NE_KPN_01165,essential,non-essential,ess_ne,1.042637,0.0,1.042637,0.0,0.0,1.0,0.0,1.0,0.0,1.0,0.0,additive
K. pneumoniae,iYL1228,murF,NE_KPN_03548,essential,non-essential,ess_ne,1.042637,0.0,1.042637,0.0,0.0,1.0,0.0,1.0,0.0,1.0,0.0,additive
K. pneumoniae,iYL1228,murF,NE_KPN_00044,essential,non-essential,ess_ne,1.042637,0.0,1.042637,0.0,0.0,1.0,0.0,1.0,0.0,1.0,0.0,additive
K. pneumoniae,iYL1228,murF,NE_KPN_04786,essential,non-essential,ess_ne,1.042637,0.0,1.042637,0.0,0.0,1.0,0.0,1.0,0.0,1.0,0.0,additive
K. pneumoniae,iYL1228,murF,NE_KPN_00654,essential,non-essential,ess_ne,1.042637,0.0,1.042637,0.0,0.0,1.0,0.0,1.0,0.0,1.0,0.0,additive
K. pneumoniae,iYL1228,murF,NE_KPN_00035,essential,non-essential,ess_ne,1.042637,0.0,1.042637,0.0,0.0,1.0,0.0,1.0,0.0,1.0,0.0,additive
K. pneumoniae,iYL1228,murF,NE_KPN_03779,essential,non-essential,ess_ne,1.042637,0.0,1.042637,0.0,0.0,1.0,0.0,1.0,0.0,1.0,0.0,additive
K. pneumoniae,iYL1228,murF,NE_KPN_03974,essential,non-essential,ess_ne,1.042637,0.0,1.042637,0.0,0.0,1.0,0.0,1.0,0.0,1.0,0.0,additive
K. pneumoniae,iYL1228,murF,NE_KPN_02230,essential,non-essential,ess_ne,1.042637,0.0,0.0,0.0,0.0,0.0,0.0,1.0,1.0,1.0,0.0,additive
K. pneumoniae,iYL1228,murF,NE_KPN_01516,essential,non-essential,ess_ne,1.042637,0.0,0.96008,-0.0,0.0,0.920818,-0.0,1.0,0.079182,1.0,0.0,additive
K. pneumoniae,iYL1228,murF,NE_KPN_01479,essential,non-essential,ess_ne,1.042637,0.0,1.042637,0.0,0.0,1.0,0.0,1.0,0.0,1.0,0.0,additive
K. pneumoniae,iYL1228,murF,NE_KPN_03931,essential,non-essential,ess_ne,1.042637,0.0,1.042637,0.0,0.0,1.0,0.0,1.0,0.0,1.0,0.0,additive
K. pneumoniae,iYL1228,murF,NE_KPN_04671,essential,non-essential,ess_ne,1.042637,0.0,1.042637,0.0,0.0,1.0,0.0,1.0,0.0,1.0,0.0,additive
K. pneumoniae,iYL1228,murF,NE_KPN_03667,essential,non-essential,ess_ne,1.042637,0.0,1.042637,0.0,0.0,1.0,0.0,1.0,0.0,1.0,0.0,additive
K. pneumoniae,iYL1228,murF,NE_KPN_02365,essential,non-essential,ess_ne,1.042637,0.0,1.042637,0.0,0.0,1.0,0.0,1.0,0.0,1.0,0.0,additive
K. pneumoniae,iYL1228,murF,NE_KPN_02586,essential,non-essential,ess_ne,1.042637,0.0,1.042637,0.0,0.0,1.0,0.0,1.0,0.0,1.0,0.0,additive
K. pneumoniae,iYL1228,murF,NE_KPN_00801,essential,non-essential,ess_ne,1.042637,0.0,1.042637,0.0,0.0,1.0,0.0,1.0,0.0,1.0,0.0,additive
K. pneumoniae,iYL1228,murF,NE_KPN_00075,essential,non-essential,ess_ne,1.042637,0.0,-0.0,0.0,0.0,-0.0,0.0,1.0,1.0,1.0,0.0,additive
K. pneumoniae,iYL1228,murF,NE_KPN_00142,essential,non-essential,ess_ne,1.042637,0.0,1.042637,0.0,0.0,1.0,0.0,1.0,0.0,1.0,0.0,additive
K. pneumoniae,iYL1228,murF,NE_KPN_01225,essential,non-essential,ess_ne,1.042637,0.0,1.042637,0.0,0.0,1.0,0.0,1.0,0.0,1.0,0.0,additive
K. pneumoniae,iYL1228,murF,NE_KPN_01308,essential,non-essential,ess_ne,1.042637,0.0,1.042637,0.0,0.0,1.0,0.0,1.0,0.0,1.0,0.0,additive
K. pneumoniae,iYL1228,murF,NE_KPN_01603,essential,non-essential,ess_ne,1.042637,0.0,1.042637,0.0,0.0,1.0,0.0,1.0,0.0,1.0,0.0,additive
K. pneumoniae,iYL1228,murF,NE_KPN_03339,essential,non-essential,ess_ne,1.042637,0.0,1.042637,0.0,0.0,1.0,0.0,1.0,0.0,1.0,0.0,additive
K. pneumoniae,iYL1228,murF,NE_KPN_02862,essential,non-essential,ess_ne,1.042637,0.0,1.042637,0.0,0.0,1.0,0.0,1.0,0.0,1.0,0.0,additive
K. pneumoniae,iYL1228,murF,NE_KPN_02600,essential,non-essential,ess_ne,1.042637,0.0,1.042637,0.0,0.0,1.0,0.0,1.0,0.0,1.0,0.0,additive
K. pneumoniae,iYL1228,murF,NE_KPN_02877,essential,non-essential,ess_ne,1.042637,0.0,1.042637,0.0,0.0,1.0,0.0,1.0,0.0,1.0,0.0,additive
K. pneumoniae,iYL1228,lpxA,lpxB,essential,essential,ess_ess,1.042637,0.0,0.0,0.0,0.0,0.0,0.0,1.0,1.0,1.0,0.0,additive
K. pneumoniae,iYL1228,lpxA,lpxC,essential,essential,ess_ess,1.042637,0.0,0.0,0.0,0.0,0.0,0.0,1.0,1.0,1.0,0.0,additive
K. pneumoniae,iYL1228,lpxA,lpxD,essential,essential,ess_ess,1.042637,0.0,0.0,0.0,0.0,0.0,0.0,1.0,1.0,1.0,0.0,additive
K. pneumoniae,iYL1228,lpxA,fabI,essential,essential,ess_ess,1.042637,0.0,0.0,0.0,0.0,0.0,0.0,1.0,1.0,1.0,0.0,additive
K. pneumoniae,iYL1228,lpxA,fabH,essential,essential,ess_ess,1.042637,0.0,1.040583,0.0,0.0,0.998029,0.0,1.0,0.001971,1.0,0.0,additive
K. pneumoniae,iYL1228,lpxA,accA,essential,essential,ess_ess,1.042637,0.0,-0.0,0.0,0.0,-0.0,0.0,1.0,1.0,1.0,0.0,additive
K. pneumoniae,iYL1228,lpxA,folA,essential,essential,ess_ess,1.042637,0.0,0.0,0.0,0.0,0.0,0.0,1.0,1.0,1.0,0.0,additive
K. pneumoniae,iYL1228,lpxA,folP,essential,essential,ess_ess,1.042637,0.0,1.042637,0.0,0.0,1.0,0.0,1.0,0.0,1.0,0.0,additive
K. pneumoniae,iYL1228,lpxA,ispD,essential,essential,ess_ess,1.042637,0.0,1.042637,0.0,0.0,1.0,0.0,1.0,0.0,1.0,0.0,additive
K. pneumoniae,iYL1228,lpxA,msbA,essential,essential,ess_ess,1.042637,0.0,0.0,0.0,0.0,0.0,0.0,1.0,1.0,1.0,0.0,additive
K. pneumoniae,iYL1228,lpxA,NE_KPN_02758,essential,non-essential,ess_ne,1.042637,0.0,1.042637,0.0,0.0,1.0,0.0,1.0,0.0,1.0,0.0,additive
K. pneumoniae,iYL1228,lpxA,NE_KPN_00250,essential,non-essential,ess_ne,1.042637,0.0,1.042637,0.0,0.0,1.0,0.0,1.0,0.0,1.0,0.0,additive
K. pneumoniae,iYL1228,lpxA,NE_KPN_02430,essential,non-essential,ess_ne,1.042637,0.0,0.0,0.0,0.0,0.0,0.0,1.0,1.0,1.0,0.0,additive
K. pneumoniae,iYL1228,lpxA,NE_KPN_04371,essential,non-essential,ess_ne,1.042637,0.0,1.042637,0.0,0.0,1.0,0.0,1.0,0.0,1.0,0.0,additive
K. pneumoniae,iYL1228,lpxA,NE_KPN_01165,essential,non-essential,ess_ne,1.042637,0.0,1.042637,0.0,0.0,1.0,0.0,1.0,0.0,1.0,0.0,additive
K. pneumoniae,iYL1228,lpxA,NE_KPN_03548,essential,non-essential,ess_ne,1.042637,0.0,1.042637,0.0,0.0,1.0,0.0,1.0,0.0,1.0,0.0,additive
K. pneumoniae,iYL1228,lpxA,NE_KPN_00044,essential,non-essential,ess_ne,1.042637,0.0,1.042637,0.0,0.0,1.0,0.0,1.0,0.0,1.0,0.0,additive
K. pneumoniae,iYL1228,lpxA,NE_KPN_04786,essential,non-essential,ess_ne,1.042637,0.0,1.042637,0.0,0.0,1.0,0.0,1.0,0.0,1.0,0.0,additive
K. pneumoniae,iYL1228,lpxA,NE_KPN_00654,essential,non-essential,ess_ne,1.042637,0.0,1.042637,0.0,0.0,1.0,0.0,1.0,0.0,1.0,0.0,additive
K. pneumoniae,iYL1228,lpxA,NE_KPN_00035,essential,non-essential,ess_ne,1.042637,0.0,1.042637,0.0,0.0,1.0,0.0,1.0,0.0,1.0,0.0,additive
K. pneumoniae,iYL1228,lpxA,NE_KPN_03779,essential,non-essential,ess_ne,1.042637,0.0,1.042637,0.0,0.0,1.0,0.0,1.0,0.0,1.0,0.0,additive
K. pneumoniae,iYL1228,lpxA,NE_KPN_03974,essential,non-essential,ess_ne,1.042637,0.0,1.042637,0.0,0.0,1.0,0.0,1.0,0.0,1.0,0.0,additive
K. pneumoniae,iYL1228,lpxA,NE_KPN_02230,essential,non-essential,ess_ne,1.042637,0.0,0.0,0.0,0.0,0.0,0.0,1.0,1.0,1.0,0.0,additive
K. pneumoniae,iYL1228,lpxA,NE_KPN_01516,essential,non-essential,ess_ne,1.042637,0.0,0.96008,-0.0,0.0,0.920818,-0.0,1.0,0.079182,1.0,0.0,additive
K. pneumoniae,iYL1228,lpxA,NE_KPN_01479,essential,non-essential,ess_ne,1.042637,0.0,1.042637,0.0,0.0,1.0,0.0,1.0,0.0,1.0,0.0,additive
K. pneumoniae,iYL1228,lpxA,NE_KPN_03931,essential,non-essential,ess_ne,1.042637,0.0,1.042637,0.0,0.0,1.0,0.0,1.0,0.0,1.0,0.0,additive
K. pneumoniae,iYL1228,lpxA,NE_KPN_04671,essential,non-essential,ess_ne,1.042637,0.0,1.042637,0.0,0.0,1.0,0.0,1.0,0.0,1.0,0.0,additive
K. pneumoniae,iYL1228,lpxA,NE_KPN_03667,essential,non-essential,ess_ne,1.042637,0.0,1.042637,0.0,0.0,1.0,0.0,1.0,0.0,1.0,0.0,additive
K. pneumoniae,iYL1228,lpxA,NE_KPN_02365,essential,non-essential,ess_ne,1.042637,0.0,1.042637,0.0,0.0,1.0,0.0,1.0,0.0,1.0,0.0,additive
K. pneumoniae,iYL1228,lpxA,NE_KPN_02586,essential,non-essential,ess_ne,1.042637,0.0,1.042637,0.0,0.0,1.0,0.0,1.0,0.0,1.0,0.0,additive
K. pneumoniae,iYL1228,lpxA,NE_KPN_00801,essential,non-essential,ess_ne,1.042637,0.0,1.042637,0.0,0.0,1.0,0.0,1.0,0.0,1.0,0.0,additive
K. pneumoniae,iYL1228,lpxA,NE_KPN_00075,essential,non-essential,ess_ne,1.042637,0.0,-0.0,0.0,0.0,-0.0,0.0,1.0,1.0,1.0,0.0,additive
K. pneumoniae,iYL1228,lpxA,NE_KPN_00142,essential,non-essential,ess_ne,1.042637,0.0,1.042637,0.0,0.0,1.0,0.0,1.0,0.0,1.0,0.0,additive
K. pneumoniae,iYL1228,lpxA,NE_KPN_01225,essential,non-essential,ess_ne,1.042637,0.0,1.042637,0.0,0.0,1.0,0.0,1.0,0.0,1.0,0.0,additive
K. pneumoniae,iYL1228,lpxA,NE_KPN_01308,essential,non-essential,ess_ne,1.042637,0.0,1.042637,0.0,0.0,1.0,0.0,1.0,0.0,1.0,0.0,additive
K. pneumoniae,iYL1228,lpxA,NE_KPN_01603,essential,non-essential,ess_ne,1.042637,0.0,1.042637,0.0,0.0,1.0,0.0,1.0,0.0,1.0,0.0,additive
K. pneumoniae,iYL1228,lpxA,NE_KPN_03339,essential,non-essential,ess_ne,1.042637,0.0,1.042637,0.0,0.0,1.0,0.0,1.0,0.0,1.0,0.0,additive
K. pneumoniae,iYL1228,lpxA,NE_KPN_02862,essential,non-essential,ess_ne,1.042637,0.0,1.042637,0.0,0.0,1.0,0.0,1.0,0.0,1.0,0.0,additive
K. pneumoniae,iYL1228,lpxA,NE_KPN_02600,essential,non-essential,ess_ne,1.042637,0.0,1.042637,0.0,0.0,1.0,0.0,1.0,0.0,1.0,0.0,additive
K. pneumoniae,iYL1228,lpxA,NE_KPN_02877,essential,non-essential,ess_ne,1.042637,0.0,1.042637,0.0,0.0,1.0,0.0,1.0,0.0,1.0,0.0,additive
K. pneumoniae,iYL1228,lpxB,lpxC,essential,essential,ess_ess,1.042637,0.0,0.0,0.0,0.0,0.0,0.0,1.0,1.0,1.0,0.0,additive
K. pneumoniae,iYL1228,lpxB,lpxD,essential,essential,ess_ess,1.042637,0.0,0.0,0.0,0.0,0.0,0.0,1.0,1.0,1.0,0.0,additive
K. pneumoniae,iYL1228,lpxB,fabI,essential,essential,ess_ess,1.042637,0.0,0.0,0.0,0.0,0.0,0.0,1.0,1.0,1.0,0.0,additive
K. pneumoniae,iYL1228,lpxB,fabH,essential,essential,ess_ess,1.042637,0.0,1.040583,0.0,0.0,0.998029,0.0,1.0,0.001971,1.0,0.0,additive
K. pneumoniae,iYL1228,lpxB,accA,essential,essential,ess_ess,1.042637,0.0,-0.0,0.0,0.0,-0.0,0.0,1.0,1.0,1.0,0.0,additive
K. pneumoniae,iYL1228,lpxB,folA,essential,essential,ess_ess,1.042637,0.0,0.0,0.0,0.0,0.0,0.0,1.0,1.0,1.0,0.0,additive
K. pneumoniae,iYL1228,lpxB,folP,essential,essential,ess_ess,1.042637,0.0,1.042637,0.0,0.0,1.0,0.0,1.0,0.0,1.0,0.0,additive
K. pneumoniae,iYL1228,lpxB,ispD,essential,essential,ess_ess,1.042637,0.0,1.042637,0.0,0.0,1.0,0.0,1.0,0.0,1.0,0.0,additive
K. pneumoniae,iYL1228,lpxB,msbA,essential,essential,ess_ess,1.042637,0.0,0.0,0.0,0.0,0.0,0.0,1.0,1.0,1.0,0.0,additive
K. pneumoniae,iYL1228,lpxB,NE_KPN_02758,essential,non-essential,ess_ne,1.042637,0.0,1.042637,0.0,0.0,1.0,0.0,1.0,0.0,1.0,0.0,additive
K. pneumoniae,iYL1228,lpxB,NE_KPN_00250,essential,non-essential,ess_ne,1.042637,0.0,1.042637,0.0,0.0,1.0,0.0,1.0,0.0,1.0,0.0,additive
K. pneumoniae,iYL1228,lpxB,NE_KPN_02430,essential,non-essential,ess_ne,1.042637,0.0,0.0,0.0,0.0,0.0,0.0,1.0,1.0,1.0,0.0,additive
K. pneumoniae,iYL1228,lpxB,NE_KPN_04371,essential,non-essential,ess_ne,1.042637,0.0,1.042637,0.0,0.0,1.0,0.0,1.0,0.0,1.0,0.0,additive
K. pneumoniae,iYL1228,lpxB,NE_KPN_01165,essential,non-essential,ess_ne,1.042637,0.0,1.042637,0.0,0.0,1.0,0.0,1.0,0.0,1.0,0.0,additive
K. pneumoniae,iYL1228,lpxB,NE_KPN_03548,essential,non-essential,ess_ne,1.042637,0.0,1.042637,0.0,0.0,1.0,0.0,1.0,0.0,1.0,0.0,additive
K. pneumoniae,iYL1228,lpxB,NE_KPN_00044,essential,non-essential,ess_ne,1.042637,0.0,1.042637,0.0,0.0,1.0,0.0,1.0,0.0,1.0,0.0,additive
K. pneumoniae,iYL1228,lpxB,NE_KPN_04786,essential,non-essential,ess_ne,1.042637,0.0,1.042637,0.0,0.0,1.0,0.0,1.0,0.0,1.0,0.0,additive
K. pneumoniae,iYL1228,lpxB,NE_KPN_00654,essential,non-essential,ess_ne,1.042637,0.0,1.042637,0.0,0.0,1.0,0.0,1.0,0.0,1.0,0.0,additive
K. pneumoniae,iYL1228,lpxB,NE_KPN_00035,essential,non-essential,ess_ne,1.042637,0.0,1.042637,0.0,0.0,1.0,0.0,1.0,0.0,1.0,0.0,additive
K. pneumoniae,iYL1228,lpxB,NE_KPN_03779,essential,non-essential,ess_ne,1.042637,0.0,1.042637,0.0,0.0,1.0,0.0,1.0,0.0,1.0,0.0,additive
K. pneumoniae,iYL1228,lpxB,NE_KPN_03974,essential,non-essential,ess_ne,1.042637,0.0,1.042637,0.0,0.0,1.0,0.0,1.0,0.0,1.0,0.0,additive
K. pneumoniae,iYL1228,lpxB,NE_KPN_02230,essential,non-essential,ess_ne,1.042637,0.0,0.0,0.0,0.0,0.0,0.0,1.0,1.0,1.0,0.0,additive
K. pneumoniae,iYL1228,lpxB,NE_KPN_01516,essential,non-essential,ess_ne,1.042637,0.0,0.96008,-0.0,0.0,0.920818,-0.0,1.0,0.079182,1.0,0.0,additive
K. pneumoniae,iYL1228,lpxB,NE_KPN_01479,essential,non-essential,ess_ne,1.042637,0.0,1.042637,0.0,0.0,1.0,0.0,1.0,0.0,1.0,0.0,additive
K. pneumoniae,iYL1228,lpxB,NE_KPN_03931,essential,non-essential,ess_ne,1.042637,0.0,1.042637,0.0,0.0,1.0,0.0,1.0,0.0,1.0,0.0,additive
K. pneumoniae,iYL1228,lpxB,NE_KPN_04671,essential,non-essential,ess_ne,1.042637,0.0,1.042637,0.0,0.0,1.0,0.0,1.0,0.0,1.0,0.0,additive
K. pneumoniae,iYL1228,lpxB,NE_KPN_03667,essential,non-essential,ess_ne,1.042637,0.0,1.042637,0.0,0.0,1.0,0.0,1.0,0.0,1.0,0.0,additive
K. pneumoniae,iYL1228,lpxB,NE_KPN_02365,essential,non-essential,ess_ne,1.042637,0.0,1.042637,0.0,0.0,1.0,0.0,1.0,0.0,1.0,0.0,additive
K. pneumoniae,iYL1228,lpxB,NE_KPN_02586,essential,non-essential,ess_ne,1.042637,0.0,1.042637,0.0,0.0,1.0,0.0,1.0,0.0,1.0,0.0,additive
K. pneumoniae,iYL1228,lpxB,NE_KPN_00801,essential,non-essential,ess_ne,1.042637,0.0,1.042637,0.0,0.0,1.0,0.0,1.0,0.0,1.0,0.0,additive
K. pneumoniae,iYL1228,lpxB,NE_KPN_00075,essential,non-essential,ess_ne,1.042637,0.0,-0.0,0.0,0.0,-0.0,0.0,1.0,1.0,1.0,0.0,additive
K. pneumoniae,iYL1228,lpxB,NE_KPN_00142,essential,non-essential,ess_ne,1.042637,0.0,1.042637,0.0,0.0,1.0,0.0,1.0,0.0,1.0,0.0,additive
K. pneumoniae,iYL1228,lpxB,NE_KPN_01225,essential,non-essential,ess_ne,1.042637,0.0,1.042637,0.0,0.0,1.0,0.0,1.0,0.0,1.0,0.0,additive
K. pneumoniae,iYL1228,lpxB,NE_KPN_01308,essential,non-essential,ess_ne,1.042637,0.0,1.042637,0.0,0.0,1.0,0.0,1.0,0.0,1.0,0.0,additive
K. pneumoniae,iYL1228,lpxB,NE_KPN_01603,essential,non-essential,ess_ne,1.042637,0.0,1.042637,0.0,0.0,1.0,0.0,1.0,0.0,1.0,0.0,additive
K. pneumoniae,iYL1228,lpxB,NE_KPN_03339,essential,non-essential,ess_ne,1.042637,0.0,1.042637,0.0,0.0,1.0,0.0,1.0,0.0,1.0,0.0,additive
K. pneumoniae,iYL1228,lpxB,NE_KPN_02862,essential,non-essential,ess_ne,1.042637,0.0,1.042637,0.0,0.0,1.0,0.0,1.0,0.0,1.0,0.0,additive
K. pneumoniae,iYL1228,lpxB,NE_KPN_02600,essential,non-essential,ess_ne,1.042637,0.0,1.042637,0.0,0.0,1.0,0.0,1.0,0.0,1.0,0.0,additive
K. pneumoniae,iYL1228,lpxB,NE_KPN_02877,essential,non-essential,ess_ne,1.042637,0.0,1.042637,0.0,0.0,1.0,0.0,1.0,0.0,1.0,0.0,additive
K. pneumoniae,iYL1228,lpxC,lpxD,essential,essential,ess_ess,1.042637,0.0,0.0,0.0,0.0,0.0,0.0,1.0,1.0,1.0,0.0,additive
K. pneumoniae,iYL1228,lpxC,fabI,essential,essential,ess_ess,1.042637,0.0,0.0,0.0,0.0,0.0,0.0,1.0,1.0,1.0,0.0,additive
K. pneumoniae,iYL1228,lpxC,fabH,essential,essential,ess_ess,1.042637,0.0,1.040583,0.0,0.0,0.998029,0.0,1.0,0.001971,1.0,0.0,additive
K. pneumoniae,iYL1228,lpxC,accA,essential,essential,ess_ess,1.042637,0.0,-0.0,0.0,0.0,-0.0,0.0,1.0,1.0,1.0,0.0,additive
K. pneumoniae,iYL1228,lpxC,folA,essential,essential,ess_ess,1.042637,0.0,0.0,0.0,0.0,0.0,0.0,1.0,1.0,1.0,0.0,additive
K. pneumoniae,iYL1228,lpxC,folP,essential,essential,ess_ess,1.042637,0.0,1.042637,0.0,0.0,1.0,0.0,1.0,0.0,1.0,0.0,additive
K. pneumoniae,iYL1228,lpxC,ispD,essential,essential,ess_ess,1.042637,0.0,1.042637,0.0,0.0,1.0,0.0,1.0,0.0,1.0,0.0,additive
K. pneumoniae,iYL1228,lpxC,msbA,essential,essential,ess_ess,1.042637,0.0,0.0,0.0,0.0,0.0,0.0,1.0,1.0,1.0,0.0,additive
K. pneumoniae,iYL1228,lpxC,NE_KPN_02758,essential,non-essential,ess_ne,1.042637,0.0,1.042637,0.0,0.0,1.0,0.0,1.0,0.0,1.0,0.0,additive
K. pneumoniae,iYL1228,lpxC,NE_KPN_00250,essential,non-essential,ess_ne,1.042637,0.0,1.042637,0.0,0.0,1.0,0.0,1.0,0.0,1.0,0.0,additive
K. pneumoniae,iYL1228,lpxC,NE_KPN_02430,essential,non-essential,ess_ne,1.042637,0.0,0.0,0.0,0.0,0.0,0.0,1.0,1.0,1.0,0.0,additive
K. pneumoniae,iYL1228,lpxC,NE_KPN_04371,essential,non-essential,ess_ne,1.042637,0.0,1.042637,0.0,0.0,1.0,0.0,1.0,0.0,1.0,0.0,additive
K. pneumoniae,iYL1228,lpxC,NE_KPN_01165,essential,non-essential,ess_ne,1.042637,0.0,1.042637,0.0,0.0,1.0,0.0,1.0,0.0,1.0,0.0,additive
K. pneumoniae,iYL1228,lpxC,NE_KPN_03548,essential,non-essential,ess_ne,1.042637,0.0,1.042637,0.0,0.0,1.0,0.0,1.0,0.0,1.0,0.0,additive
K. pneumoniae,iYL1228,lpxC,NE_KPN_00044,essential,non-essential,ess_ne,1.042637,0.0,1.042637,0.0,0.0,1.0,0.0,1.0,0.0,1.0,0.0,additive
K. pneumoniae,iYL1228,lpxC,NE_KPN_04786,essential,non-essential,ess_ne,1.042637,0.0,1.042637,0.0,0.0,1.0,0.0,1.0,0.0,1.0,0.0,additive
K. pneumoniae,iYL1228,lpxC,NE_KPN_00654,essential,non-essential,ess_ne,1.042637,0.0,1.042637,0.0,0.0,1.0,0.0,1.0,0.0,1.0,0.0,additive
K. pneumoniae,iYL1228,lpxC,NE_KPN_00035,essential,non-essential,ess_ne,1.042637,0.0,1.042637,0.0,0.0,1.0,0.0,1.0,0.0,1.0,0.0,additive
K. pneumoniae,iYL1228,lpxC,NE_KPN_03779,essential,non-essential,ess_ne,1.042637,0.0,1.042637,0.0,0.0,1.0,0.0,1.0,0.0,1.0,0.0,additive
K. pneumoniae,iYL1228,lpxC,NE_KPN_03974,essential,non-essential,ess_ne,1.042637,0.0,1.042637,0.0,0.0,1.0,0.0,1.0,0.0,1.0,0.0,additive
K. pneumoniae,iYL1228,lpxC,NE_KPN_02230,essential,non-essential,ess_ne,1.042637,0.0,0.0,0.0,0.0,0.0,0.0,1.0,1.0,1.0,0.0,additive
K. pneumoniae,iYL1228,lpxC,NE_KPN_01516,essential,non-essential,ess_ne,1.042637,0.0,0.96008,0.0,0.0,0.920818,0.0,1.0,0.079182,1.0,0.0,additive
K. pneumoniae,iYL1228,lpxC,NE_KPN_01479,essential,non-essential,ess_ne,1.042637,0.0,1.042637,0.0,0.0,1.0,0.0,1.0,0.0,1.0,0.0,additive
K. pneumoniae,iYL1228,lpxC,NE_KPN_03931,essential,non-essential,ess_ne,1.042637,0.0,1.042637,0.0,0.0,1.0,0.0,1.0,0.0,1.0,0.0,additive
K. pneumoniae,iYL1228,lpxC,NE_KPN_04671,essential,non-essential,ess_ne,1.042637,0.0,1.042637,0.0,0.0,1.0,0.0,1.0,0.0,1.0,0.0,additive
K. pneumoniae,iYL1228,lpxC,NE_KPN_03667,essential,non-essential,ess_ne,1.042637,0.0,1.042637,0.0,0.0,1.0,0.0,1.0,0.0,1.0,0.0,additive
K. pneumoniae,iYL1228,lpxC,NE_KPN_02365,essential,non-essential,ess_ne,1.042637,0.0,1.042637,0.0,0.0,1.0,0.0,1.0,0.0,1.0,0.0,additive
K. pneumoniae,iYL1228,lpxC,NE_KPN_02586,essential,non-essential,ess_ne,1.042637,0.0,1.042637,0.0,0.0,1.0,0.0,1.0,0.0,1.0,0.0,additive
K. pneumoniae,iYL1228,lpxC,NE_KPN_00801,essential,non-essential,ess_ne,1.042637,0.0,1.042637,0.0,0.0,1.0,0.0,1.0,0.0,1.0,0.0,additive
K. pneumoniae,iYL1228,lpxC,NE_KPN_00075,essential,non-essential,ess_ne,1.042637,0.0,-0.0,0.0,0.0,-0.0,0.0,1.0,1.0,1.0,0.0,additive
K. pneumoniae,iYL1228,lpxC,NE_KPN_00142,essential,non-essential,ess_ne,1.042637,0.0,1.042637,0.0,0.0,1.0,0.0,1.0,0.0,1.0,0.0,additive
K. pneumoniae,iYL1228,lpxC,NE_KPN_01225,essential,non-essential,ess_ne,1.042637,0.0,1.042637,0.0,0.0,1.0,0.0,1.0,0.0,1.0,0.0,additive
K. pneumoniae,iYL1228,lpxC,NE_KPN_01308,essential,non-essential,ess_ne,1.042637,0.0,1.042637,0.0,0.0,1.0,0.0,1.0,0.0,1.0,0.0,additive
K. pneumoniae,iYL1228,lpxC,NE_KPN_01603,essential,non-essential,ess_ne,1.042637,0.0,1.042637,0.0,0.0,1.0,0.0,1.0,0.0,1.0,0.0,additive
K. pneumoniae,iYL1228,lpxC,NE_KPN_03339,essential,non-essential,ess_ne,1.042637,0.0,1.042637,0.0,0.0,1.0,0.0,1.0,0.0,1.0,0.0,additive
K. pneumoniae,iYL1228,lpxC,NE_KPN_02862,essential,non-essential,ess_ne,1.042637,0.0,1.042637,0.0,0.0,1.0,0.0,1.0,0.0,1.0,0.0,additive
K. pneumoniae,iYL1228,lpxC,NE_KPN_02600,essential,non-essential,ess_ne,1.042637,0.0,1.042637,0.0,0.0,1.0,0.0,1.0,0.0,1.0,0.0,additive
K. pneumoniae,iYL1228,lpxC,NE_KPN_02877,essential,non-essential,ess_ne,1.042637,0.0,1.042637,0.0,0.0,1.0,0.0,1.0,0.0,1.0,0.0,additive
K. pneumoniae,iYL1228,lpxD,fabI,essential,essential,ess_ess,1.042637,0.0,0.0,0.0,0.0,0.0,0.0,1.0,1.0,1.0,0.0,additive
K. pneumoniae,iYL1228,lpxD,fabH,essential,essential,ess_ess,1.042637,0.0,1.040583,0.0,0.0,0.998029,0.0,1.0,0.001971,1.0,0.0,additive
K. pneumoniae,iYL1228,lpxD,accA,essential,essential,ess_ess,1.042637,0.0,-0.0,0.0,0.0,-0.0,0.0,1.0,1.0,1.0,0.0,additive
K. pneumoniae,iYL1228,lpxD,folA,essential,essential,ess_ess,1.042637,0.0,0.0,0.0,0.0,0.0,0.0,1.0,1.0,1.0,0.0,additive
K. pneumoniae,iYL1228,lpxD,folP,essential,essential,ess_ess,1.042637,0.0,1.042637,0.0,0.0,1.0,0.0,1.0,0.0,1.0,0.0,additive
K. pneumoniae,iYL1228,lpxD,ispD,essential,essential,ess_ess,1.042637,0.0,1.042637,0.0,0.0,1.0,0.0,1.0,0.0,1.0,0.0,additive
K. pneumoniae,iYL1228,lpxD,msbA,essential,essential,ess_ess,1.042637,0.0,0.0,0.0,0.0,0.0,0.0,1.0,1.0,1.0,0.0,additive
K. pneumoniae,iYL1228,lpxD,NE_KPN_02758,essential,non-essential,ess_ne,1.042637,0.0,1.042637,0.0,0.0,1.0,0.0,1.0,0.0,1.0,0.0,additive
K. pneumoniae,iYL1228,lpxD,NE_KPN_00250,essential,non-essential,ess_ne,1.042637,0.0,1.042637,0.0,0.0,1.0,0.0,1.0,0.0,1.0,0.0,additive
K. pneumoniae,iYL1228,lpxD,NE_KPN_02430,essential,non-essential,ess_ne,1.042637,0.0,0.0,0.0,0.0,0.0,0.0,1.0,1.0,1.0,0.0,additive
K. pneumoniae,iYL1228,lpxD,NE_KPN_04371,essential,non-essential,ess_ne,1.042637,0.0,1.042637,0.0,0.0,1.0,0.0,1.0,0.0,1.0,0.0,additive
K. pneumoniae,iYL1228,lpxD,NE_KPN_01165,essential,non-essential,ess_ne,1.042637,0.0,1.042637,0.0,0.0,1.0,0.0,1.0,0.0,1.0,0.0,additive
K. pneumoniae,iYL1228,lpxD,NE_KPN_03548,essential,non-essential,ess_ne,1.042637,0.0,1.042637,0.0,0.0,1.0,0.0,1.0,0.0,1.0,0.0,additive
K. pneumoniae,iYL1228,lpxD,NE_KPN_00044,essential,non-essential,ess_ne,1.042637,0.0,1.042637,0.0,0.0,1.0,0.0,1.0,0.0,1.0,0.0,additive
K. pneumoniae,iYL1228,lpxD,NE_KPN_04786,essential,non-essential,ess_ne,1.042637,0.0,1.042637,0.0,0.0,1.0,0.0,1.0,0.0,1.0,0.0,additive
K. pneumoniae,iYL1228,lpxD,NE_KPN_00654,essential,non-essential,ess_ne,1.042637,0.0,1.042637,0.0,0.0,1.0,0.0,1.0,0.0,1.0,0.0,additive
K. pneumoniae,iYL1228,lpxD,NE_KPN_00035,essential,non-essential,ess_ne,1.042637,0.0,1.042637,0.0,0.0,1.0,0.0,1.0,0.0,1.0,0.0,additive
K. pneumoniae,iYL1228,lpxD,NE_KPN_03779,essential,non-essential,ess_ne,1.042637,0.0,1.042637,0.0,0.0,1.0,0.0,1.0,0.0,1.0,0.0,additive
K. pneumoniae,iYL1228,lpxD,NE_KPN_03974,essential,non-essential,ess_ne,1.042637,0.0,1.042637,0.0,0.0,1.0,0.0,1.0,0.0,1.0,0.0,additive
K. pneumoniae,iYL1228,lpxD,NE_KPN_02230,essential,non-essential,ess_ne,1.042637,0.0,0.0,0.0,0.0,0.0,0.0,1.0,1.0,1.0,0.0,additive
K. pneumoniae,iYL1228,lpxD,NE_KPN_01516,essential,non-essential,ess_ne,1.042637,0.0,0.96008,-0.0,0.0,0.920818,-0.0,1.0,0.079182,1.0,0.0,additive
K. pneumoniae,iYL1228,lpxD,NE_KPN_01479,essential,non-essential,ess_ne,1.042637,0.0,1.042637,0.0,0.0,1.0,0.0,1.0,0.0,1.0,0.0,additive
K. pneumoniae,iYL1228,lpxD,NE_KPN_03931,essential,non-essential,ess_ne,1.042637,0.0,1.042637,0.0,0.0,1.0,0.0,1.0,0.0,1.0,0.0,additive
K. pneumoniae,iYL1228,lpxD,NE_KPN_04671,essential,non-essential,ess_ne,1.042637,0.0,1.042637,0.0,0.0,1.0,0.0,1.0,0.0,1.0,0.0,additive
K. pneumoniae,iYL1228,lpxD,NE_KPN_03667,essential,non-essential,ess_ne,1.042637,0.0,1.042637,0.0,0.0,1.0,0.0,1.0,0.0,1.0,0.0,additive
K. pneumoniae,iYL1228,lpxD,NE_KPN_02365,essential,non-essential,ess_ne,1.042637,0.0,1.042637,0.0,0.0,1.0,0.0,1.0,0.0,1.0,0.0,additive
K. pneumoniae,iYL1228,lpxD,NE_KPN_02586,essential,non-essential,ess_ne,1.042637,0.0,1.042637,0.0,0.0,1.0,0.0,1.0,0.0,1.0,0.0,additive
K. pneumoniae,iYL1228,lpxD,NE_KPN_00801,essential,non-essential,ess_ne,1.042637,0.0,1.042637,0.0,0.0,1.0,0.0,1.0,0.0,1.0,0.0,additive
K. pneumoniae,iYL1228,lpxD,NE_KPN_00075,essential,non-essential,ess_ne,1.042637,0.0,-0.0,0.0,0.0,-0.0,0.0,1.0,1.0,1.0,0.0,additive
K. pneumoniae,iYL1228,lpxD,NE_KPN_00142,essential,non-essential,ess_ne,1.042637,0.0,1.042637,0.0,0.0,1.0,0.0,1.0,0.0,1.0,0.0,additive
K. pneumoniae,iYL1228,lpxD,NE_KPN_01225,essential,non-essential,ess_ne,1.042637,0.0,1.042637,0.0,0.0,1.0,0.0,1.0,0.0,1.0,0.0,additive
K. pneumoniae,iYL1228,lpxD,NE_KPN_01308,essential,non-essential,ess_ne,1.042637,0.0,1.042637,0.0,0.0,1.0,0.0,1.0,0.0,1.0,0.0,additive
K. pneumoniae,iYL1228,lpxD,NE_KPN_01603,essential,non-essential,ess_ne,1.042637,0.0,1.042637,0.0,0.0,1.0,0.0,1.0,0.0,1.0,0.0,additive
K. pneumoniae,iYL1228,lpxD,NE_KPN_03339,essential,non-essential,ess_ne,1.042637,0.0,1.042637,0.0,0.0,1.0,0.0,1.0,0.0,1.0,0.0,additive
K. pneumoniae,iYL1228,lpxD,NE_KPN_02862,essential,non-essential,ess_ne,1.042637,0.0,1.042637,0.0,0.0,1.0,0.0,1.0,0.0,1.0,0.0,additive
K. pneumoniae,iYL1228,lpxD,NE_KPN_02600,essential,non-essential,ess_ne,1.042637,0.0,1.042637,0.0,0.0,1.0,0.0,1.0,0.0,1.0,0.0,additive
K. pneumoniae,iYL1228,lpxD,NE_KPN_02877,essential,non-essential,ess_ne,1.042637,0.0,1.042637,0.0,0.0,1.0,0.0,1.0,0.0,1.0,0.0,additive
K. pneumoniae,iYL1228,fabI,fabH,essential,essential,ess_ess,1.042637,0.0,1.040583,0.0,0.0,0.998029,0.0,1.0,0.001971,1.0,0.0,additive
K. pneumoniae,iYL1228,fabI,accA,essential,essential,ess_ess,1.042637,0.0,-0.0,0.0,0.0,-0.0,0.0,1.0,1.0,1.0,0.0,additive
K. pneumoniae,iYL1228,fabI,folA,essential,essential,ess_ess,1.042637,0.0,0.0,0.0,0.0,0.0,0.0,1.0,1.0,1.0,0.0,additive
K. pneumoniae,iYL1228,fabI,folP,essential,essential,ess_ess,1.042637,0.0,1.042637,0.0,0.0,1.0,0.0,1.0,0.0,1.0,0.0,additive
K. pneumoniae,iYL1228,fabI,ispD,essential,essential,ess_ess,1.042637,0.0,1.042637,0.0,0.0,1.0,0.0,1.0,0.0,1.0,0.0,additive
K. pneumoniae,iYL1228,fabI,msbA,essential,essential,ess_ess,1.042637,0.0,0.0,0.0,0.0,0.0,0.0,1.0,1.0,1.0,0.0,additive
K. pneumoniae,iYL1228,fabI,NE_KPN_02758,essential,non-essential,ess_ne,1.042637,0.0,1.042637,0.0,0.0,1.0,0.0,1.0,0.0,1.0,0.0,additive
K. pneumoniae,iYL1228,fabI,NE_KPN_00250,essential,non-essential,ess_ne,1.042637,0.0,1.042637,0.0,0.0,1.0,0.0,1.0,0.0,1.0,0.0,additive
K. pneumoniae,iYL1228,fabI,NE_KPN_02430,essential,non-essential,ess_ne,1.042637,0.0,0.0,0.0,0.0,0.0,0.0,1.0,1.0,1.0,0.0,additive
K. pneumoniae,iYL1228,fabI,NE_KPN_04371,essential,non-essential,ess_ne,1.042637,0.0,1.042637,0.0,0.0,1.0,0.0,1.0,0.0,1.0,0.0,additive
K. pneumoniae,iYL1228,fabI,NE_KPN_01165,essential,non-essential,ess_ne,1.042637,0.0,1.042637,0.0,0.0,1.0,0.0,1.0,0.0,1.0,0.0,additive
K. pneumoniae,iYL1228,fabI,NE_KPN_03548,essential,non-essential,ess_ne,1.042637,0.0,1.042637,0.0,0.0,1.0,0.0,1.0,0.0,1.0,0.0,additive
K. pneumoniae,iYL1228,fabI,NE_KPN_00044,essential,non-essential,ess_ne,1.042637,0.0,1.042637,0.0,0.0,1.0,0.0,1.0,0.0,1.0,0.0,additive
K. pneumoniae,iYL1228,fabI,NE_KPN_04786,essential,non-essential,ess_ne,1.042637,0.0,1.042637,0.0,0.0,1.0,0.0,1.0,0.0,1.0,0.0,additive
K. pneumoniae,iYL1228,fabI,NE_KPN_00654,essential,non-essential,ess_ne,1.042637,0.0,1.042637,0.0,0.0,1.0,0.0,1.0,0.0,1.0,0.0,additive
K. pneumoniae,iYL1228,fabI,NE_KPN_00035,essential,non-essential,ess_ne,1.042637,0.0,1.042637,0.0,0.0,1.0,0.0,1.0,0.0,1.0,0.0,additive
K. pneumoniae,iYL1228,fabI,NE_KPN_03779,essential,non-essential,ess_ne,1.042637,0.0,1.042637,0.0,0.0,1.0,0.0,1.0,0.0,1.0,0.0,additive
K. pneumoniae,iYL1228,fabI,NE_KPN_03974,essential,non-essential,ess_ne,1.042637,0.0,1.042637,0.0,0.0,1.0,0.0,1.0,0.0,1.0,0.0,additive
K. pneumoniae,iYL1228,fabI,NE_KPN_02230,essential,non-essential,ess_ne,1.042637,0.0,0.0,0.0,0.0,0.0,0.0,1.0,1.0,1.0,0.0,additive
K. pneumoniae,iYL1228,fabI,NE_KPN_01516,essential,non-essential,ess_ne,1.042637,0.0,0.96008,-0.0,0.0,0.920818,-0.0,1.0,0.079182,1.0,0.0,additive
K. pneumoniae,iYL1228,fabI,NE_KPN_01479,essential,non-essential,ess_ne,1.042637,0.0,1.042637,0.0,0.0,1.0,0.0,1.0,0.0,1.0,0.0,additive
K. pneumoniae,iYL1228,fabI,NE_KPN_03931,essential,non-essential,ess_ne,1.042637,0.0,1.042637,0.0,0.0,1.0,0.0,1.0,0.0,1.0,0.0,additive
K. pneumoniae,iYL1228,fabI,NE_KPN_04671,essential,non-essential,ess_ne,1.042637,0.0,1.042637,0.0,0.0,1.0,0.0,1.0,0.0,1.0,0.0,additive
K. pneumoniae,iYL1228,fabI,NE_KPN_03667,essential,non-essential,ess_ne,1.042637,0.0,1.042637,0.0,0.0,1.0,0.0,1.0,0.0,1.0,0.0,additive
K. pneumoniae,iYL1228,fabI,NE_KPN_02365,essential,non-essential,ess_ne,1.042637,0.0,1.042637,0.0,0.0,1.0,0.0,1.0,0.0,1.0,0.0,additive
K. pneumoniae,iYL1228,fabI,NE_KPN_02586,essential,non-essential,ess_ne,1.042637,0.0,1.042637,0.0,0.0,1.0,0.0,1.0,0.0,1.0,0.0,additive
K. pneumoniae,iYL1228,fabI,NE_KPN_00801,essential,non-essential,ess_ne,1.042637,0.0,1.042637,0.0,0.0,1.0,0.0,1.0,0.0,1.0,0.0,additive
K. pneumoniae,iYL1228,fabI,NE_KPN_00075,essential,non-essential,ess_ne,1.042637,0.0,-0.0,0.0,0.0,-0.0,0.0,1.0,1.0,1.0,0.0,additive
K. pneumoniae,iYL1228,fabI,NE_KPN_00142,essential,non-essential,ess_ne,1.042637,0.0,1.042637,0.0,0.0,1.0,0.0,1.0,0.0,1.0,0.0,additive
K. pneumoniae,iYL1228,fabI,NE_KPN_01225,essential,non-essential,ess_ne,1.042637,0.0,1.042637,0.0,0.0,1.0,0.0,1.0,0.0,1.0,0.0,additive
K. pneumoniae,iYL1228,fabI,NE_KPN_01308,essential,non-essential,ess_ne,1.042637,0.0,1.042637,0.0,0.0,1.0,0.0,1.0,0.0,1.0,0.0,additive
K. pneumoniae,iYL1228,fabI,NE_KPN_01603,essential,non-essential,ess_ne,1.042637,0.0,1.042637,0.0,0.0,1.0,0.0,1.0,0.0,1.0,0.0,additive
K. pneumoniae,iYL1228,fabI,NE_KPN_03339,essential,non-essential,ess_ne,1.042637,0.0,1.042637,0.0,0.0,1.0,0.0,1.0,0.0,1.0,0.0,additive
K. pneumoniae,iYL1228,fabI,NE_KPN_02862,essential,non-essential,ess_ne,1.042637,0.0,1.042637,0.0,0.0,1.0,0.0,1.0,0.0,1.0,0.0,additive
K. pneumoniae,iYL1228,fabI,NE_KPN_02600,essential,non-essential,ess_ne,1.042637,0.0,1.042637,0.0,0.0,1.0,0.0,1.0,0.0,1.0,0.0,additive
K. pneumoniae,iYL1228,fabI,NE_KPN_02877,essential,non-essential,ess_ne,1.042637,0.0,1.042637,0.0,0.0,1.0,0.0,1.0,0.0,1.0,0.0,additive
K. pneumoniae,iYL1228,fabH,accA,essential,essential,ess_ess,1.042637,1.040583,-0.0,0.0,0.998029,-0.0,0.0,0.001971,1.0,1.0,-0.0,additive
K. pneumoniae,iYL1228,fabH,folA,essential,essential,ess_ess,1.042637,1.040583,0.0,0.0,0.998029,0.0,0.0,0.001971,1.0,1.0,0.0,additive
K. pneumoniae,iYL1228,fabH,folP,essential,essential,ess_ess,1.042637,1.040583,1.042637,1.040583,0.998029,1.0,0.998029,0.001971,0.0,0.001971,-0.0,additive
K. pneumoniae,iYL1228,fabH,ispD,essential,essential,ess_ess,1.042637,1.040583,1.042637,1.040583,0.998029,1.0,0.998029,0.001971,0.0,0.001971,-0.0,additive
K. pneumoniae,iYL1228,fabH,msbA,essential,essential,ess_ess,1.042637,1.040583,0.0,-0.0,0.998029,0.0,-0.0,0.001971,1.0,1.0,0.0,additive
K. pneumoniae,iYL1228,fabH,NE_KPN_02758,essential,non-essential,ess_ne,1.042637,1.040583,1.042637,1.040583,0.998029,1.0,0.998029,0.001971,0.0,0.001971,-0.0,additive
K. pneumoniae,iYL1228,fabH,NE_KPN_00250,essential,non-essential,ess_ne,1.042637,1.040583,1.042637,1.040583,0.998029,1.0,0.998029,0.001971,0.0,0.001971,-0.0,additive
K. pneumoniae,iYL1228,fabH,NE_KPN_02430,essential,non-essential,ess_ne,1.042637,1.040583,0.0,0.0,0.998029,0.0,0.0,0.001971,1.0,1.0,0.0,additive
K. pneumoniae,iYL1228,fabH,NE_KPN_04371,essential,non-essential,ess_ne,1.042637,1.040583,1.042637,1.040583,0.998029,1.0,0.998029,0.001971,0.0,0.001971,-0.0,additive
K. pneumoniae,iYL1228,fabH,NE_KPN_01165,essential,non-essential,ess_ne,1.042637,1.040583,1.042637,1.040583,0.998029,1.0,0.998029,0.001971,0.0,0.001971,-0.0,additive
K. pneumoniae,iYL1228,fabH,NE_KPN_03548,essential,non-essential,ess_ne,1.042637,1.040583,1.042637,1.040583,0.998029,1.0,0.998029,0.001971,0.0,0.001971,-0.0,additive
K. pneumoniae,iYL1228,fabH,NE_KPN_00044,essential,non-essential,ess_ne,1.042637,1.040583,1.042637,1.040583,0.998029,1.0,0.998029,0.001971,0.0,0.001971,-0.0,additive
K. pneumoniae,iYL1228,fabH,NE_KPN_04786,essential,non-essential,ess_ne,1.042637,1.040583,1.042637,1.040583,0.998029,1.0,0.998029,0.001971,0.0,0.001971,-0.0,additive
K. pneumoniae,iYL1228,fabH,NE_KPN_00654,essential,non-essential,ess_ne,1.042637,1.040583,1.042637,1.040583,0.998029,1.0,0.998029,0.001971,0.0,0.001971,-0.0,additive
K. pneumoniae,iYL1228,fabH,NE_KPN_00035,essential,non-essential,ess_ne,1.042637,1.040583,1.042637,1.040583,0.998029,1.0,0.998029,0.001971,0.0,0.001971,-0.0,additive
K. pneumoniae,iYL1228,fabH,NE_KPN_03779,essential,non-essential,ess_ne,1.042637,1.040583,1.042637,1.040583,0.998029,1.0,0.998029,0.001971,0.0,0.001971,-0.0,additive
K. pneumoniae,iYL1228,fabH,NE_KPN_03974,essential,non-essential,ess_ne,1.042637,1.040583,1.042637,1.040583,0.998029,1.0,0.998029,0.001971,0.0,0.001971,-0.0,additive
K. pneumoniae,iYL1228,fabH,NE_KPN_02230,essential,non-essential,ess_ne,1.042637,1.040583,0.0,0.0,0.998029,0.0,0.0,0.001971,1.0,1.0,-0.0,additive
K. pneumoniae,iYL1228,fabH,NE_KPN_01516,essential,non-essential,ess_ne,1.042637,1.040583,0.96008,0.958146,0.998029,0.920818,0.918963,0.001971,0.079182,0.081037,4e-05,additive
K. pneumoniae,iYL1228,fabH,NE_KPN_01479,essential,non-essential,ess_ne,1.042637,1.040583,1.042637,1.040583,0.998029,1.0,0.998029,0.001971,0.0,0.001971,-0.0,additive
K. pneumoniae,iYL1228,fabH,NE_KPN_03931,essential,non-essential,ess_ne,1.042637,1.040583,1.042637,1.040583,0.998029,1.0,0.998029,0.001971,0.0,0.001971,-0.0,additive
K. pneumoniae,iYL1228,fabH,NE_KPN_04671,essential,non-essential,ess_ne,1.042637,1.040583,1.042637,1.040583,0.998029,1.0,0.998029,0.001971,0.0,0.001971,-0.0,additive
K. pneumoniae,iYL1228,fabH,NE_KPN_03667,essential,non-essential,ess_ne,1.042637,1.040583,1.042637,1.040583,0.998029,1.0,0.998029,0.001971,0.0,0.001971,-0.0,additive
K. pneumoniae,iYL1228,fabH,NE_KPN_02365,essential,non-essential,ess_ne,1.042637,1.040583,1.042637,1.040583,0.998029,1.0,0.998029,0.001971,0.0,0.001971,-0.0,additive
K. pneumoniae,iYL1228,fabH,NE_KPN_02586,essential,non-essential,ess_ne,1.042637,1.040583,1.042637,1.040583,0.998029,1.0,0.998029,0.001971,0.0,0.001971,-0.0,additive
K. pneumoniae,iYL1228,fabH,NE_KPN_00801,essential,non-essential,ess_ne,1.042637,1.040583,1.042637,1.040583,0.998029,1.0,0.998029,0.001971,0.0,0.001971,-0.0,additive
K. pneumoniae,iYL1228,fabH,NE_KPN_00075,essential,non-essential,ess_ne,1.042637,1.040583,-0.0,0.0,0.998029,-0.0,0.0,0.001971,1.0,1.0,-0.0,additive
K. pneumoniae,iYL1228,fabH,NE_KPN_00142,essential,non-essential,ess_ne,1.042637,1.040583,1.042637,1.040583,0.998029,1.0,0.998029,0.001971,0.0,0.001971,-0.0,additive
K. pneumoniae,iYL1228,fabH,NE_KPN_01225,essential,non-essential,ess_ne,1.042637,1.040583,1.042637,1.040583,0.998029,1.0,0.998029,0.001971,0.0,0.001971,-0.0,additive
K. pneumoniae,iYL1228,fabH,NE_KPN_01308,essential,non-essential,ess_ne,1.042637,1.040583,1.042637,1.040583,0.998029,1.0,0.998029,0.001971,0.0,0.001971,-0.0,additive
K. pneumoniae,iYL1228,fabH,NE_KPN_01603,essential,non-essential,ess_ne,1.042637,1.040583,1.042637,1.040583,0.998029,1.0,0.998029,0.001971,0.0,0.001971,-0.0,additive
K. pneumoniae,iYL1228,fabH,NE_KPN_03339,essential,non-essential,ess_ne,1.042637,1.040583,1.042637,1.040583,0.998029,1.0,0.998029,0.001971,0.0,0.001971,-0.0,additive
K. pneumoniae,iYL1228,fabH,NE_KPN_02862,essential,non-essential,ess_ne,1.042637,1.040583,1.042637,1.040583,0.998029,1.0,0.998029,0.001971,0.0,0.001971,-0.0,additive
K. pneumoniae,iYL1228,fabH,NE_KPN_02600,essential,non-essential,ess_ne,1.042637,1.040583,1.042637,1.040583,0.998029,1.0,0.998029,0.001971,0.0,0.001971,-0.0,additive
K. pneumoniae,iYL1228,fabH,NE_KPN_02877,essential,non-essential,ess_ne,1.042637,1.040583,1.042637,1.040583,0.998029,1.0,0.998029,0.001971,0.0,0.001971,-0.0,additive
K. pneumoniae,iYL1228,accA,folA,essential,essential,ess_ess,1.042637,-0.0,0.0,-0.0,-0.0,0.0,-0.0,1.0,1.0,1.0,0.0,additive
K. pneumoniae,iYL1228,accA,folP,essential,essential,ess_ess,1.042637,-0.0,1.042637,0.0,-0.0,1.0,0.0,1.0,0.0,1.0,-0.0,additive
K. pneumoniae,iYL1228,accA,ispD,essential,essential,ess_ess,1.042637,-0.0,1.042637,0.0,-0.0,1.0,0.0,1.0,0.0,1.0,-0.0,additive
K. pneumoniae,iYL1228,accA,msbA,essential,essential,ess_ess,1.042637,-0.0,0.0,0.0,-0.0,0.0,0.0,1.0,1.0,1.0,0.0,additive
K. pneumoniae,iYL1228,accA,NE_KPN_02758,essential,non-essential,ess_ne,1.042637,-0.0,1.042637,0.0,-0.0,1.0,0.0,1.0,0.0,1.0,-0.0,additive
K. pneumoniae,iYL1228,accA,NE_KPN_00250,essential,non-essential,ess_ne,1.042637,-0.0,1.042637,0.0,-0.0,1.0,0.0,1.0,0.0,1.0,-0.0,additive
K. pneumoniae,iYL1228,accA,NE_KPN_02430,essential,non-essential,ess_ne,1.042637,-0.0,0.0,0.0,-0.0,0.0,0.0,1.0,1.0,1.0,0.0,additive
K. pneumoniae,iYL1228,accA,NE_KPN_04371,essential,non-essential,ess_ne,1.042637,-0.0,1.042637,-0.0,-0.0,1.0,-0.0,1.0,0.0,1.0,-0.0,additive
K. pneumoniae,iYL1228,accA,NE_KPN_01165,essential,non-essential,ess_ne,1.042637,-0.0,1.042637,0.0,-0.0,1.0,0.0,1.0,0.0,1.0,-0.0,additive
K. pneumoniae,iYL1228,accA,NE_KPN_03548,essential,non-essential,ess_ne,1.042637,-0.0,1.042637,0.0,-0.0,1.0,0.0,1.0,0.0,1.0,-0.0,additive
K. pneumoniae,iYL1228,accA,NE_KPN_00044,essential,non-essential,ess_ne,1.042637,-0.0,1.042637,0.0,-0.0,1.0,0.0,1.0,0.0,1.0,-0.0,additive
K. pneumoniae,iYL1228,accA,NE_KPN_04786,essential,non-essential,ess_ne,1.042637,-0.0,1.042637,0.0,-0.0,1.0,0.0,1.0,0.0,1.0,-0.0,additive
K. pneumoniae,iYL1228,accA,NE_KPN_00654,essential,non-essential,ess_ne,1.042637,-0.0,1.042637,0.0,-0.0,1.0,0.0,1.0,0.0,1.0,-0.0,additive
K. pneumoniae,iYL1228,accA,NE_KPN_00035,essential,non-essential,ess_ne,1.042637,-0.0,1.042637,0.0,-0.0,1.0,0.0,1.0,0.0,1.0,-0.0,additive
K. pneumoniae,iYL1228,accA,NE_KPN_03779,essential,non-essential,ess_ne,1.042637,-0.0,1.042637,0.0,-0.0,1.0,0.0,1.0,0.0,1.0,-0.0,additive
K. pneumoniae,iYL1228,accA,NE_KPN_03974,essential,non-essential,ess_ne,1.042637,-0.0,1.042637,0.0,-0.0,1.0,0.0,1.0,0.0,1.0,-0.0,additive
K. pneumoniae,iYL1228,accA,NE_KPN_02230,essential,non-essential,ess_ne,1.042637,-0.0,0.0,0.0,-0.0,0.0,0.0,1.0,1.0,1.0,0.0,additive
K. pneumoniae,iYL1228,accA,NE_KPN_01516,essential,non-essential,ess_ne,1.042637,-0.0,0.96008,-0.0,-0.0,0.920818,-0.0,1.0,0.079182,1.0,-0.0,additive
K. pneumoniae,iYL1228,accA,NE_KPN_01479,essential,non-essential,ess_ne,1.042637,-0.0,1.042637,0.0,-0.0,1.0,0.0,1.0,0.0,1.0,-0.0,additive
K. pneumoniae,iYL1228,accA,NE_KPN_03931,essential,non-essential,ess_ne,1.042637,-0.0,1.042637,0.0,-0.0,1.0,0.0,1.0,0.0,1.0,-0.0,additive
K. pneumoniae,iYL1228,accA,NE_KPN_04671,essential,non-essential,ess_ne,1.042637,-0.0,1.042637,0.0,-0.0,1.0,0.0,1.0,0.0,1.0,-0.0,additive
K. pneumoniae,iYL1228,accA,NE_KPN_03667,essential,non-essential,ess_ne,1.042637,-0.0,1.042637,0.0,-0.0,1.0,0.0,1.0,0.0,1.0,-0.0,additive
K. pneumoniae,iYL1228,accA,NE_KPN_02365,essential,non-essential,ess_ne,1.042637,-0.0,1.042637,0.0,-0.0,1.0,0.0,1.0,0.0,1.0,-0.0,additive
K. pneumoniae,iYL1228,accA,NE_KPN_02586,essential,non-essential,ess_ne,1.042637,-0.0,1.042637,0.0,-0.0,1.0,0.0,1.0,0.0,1.0,-0.0,additive
K. pneumoniae,iYL1228,accA,NE_KPN_00801,essential,non-essential,ess_ne,1.042637,-0.0,1.042637,0.0,-0.0,1.0,0.0,1.0,0.0,1.0,-0.0,additive
K. pneumoniae,iYL1228,accA,NE_KPN_00075,essential,non-essential,ess_ne,1.042637,-0.0,-0.0,0.0,-0.0,-0.0,0.0,1.0,1.0,1.0,-0.0,additive
K. pneumoniae,iYL1228,accA,NE_KPN_00142,essential,non-essential,ess_ne,1.042637,-0.0,1.042637,0.0,-0.0,1.0,0.0,1.0,0.0,1.0,-0.0,additive
K. pneumoniae,iYL1228,accA,NE_KPN_01225,essential,non-essential,ess_ne,1.042637,-0.0,1.042637,0.0,-0.0,1.0,0.0,1.0,0.0,1.0,-0.0,additive
K. pneumoniae,iYL1228,accA,NE_KPN_01308,essential,non-essential,ess_ne,1.042637,-0.0,1.042637,0.0,-0.0,1.0,0.0,1.0,0.0,1.0,-0.0,additive
K. pneumoniae,iYL1228,accA,NE_KPN_01603,essential,non-essential,ess_ne,1.042637,-0.0,1.042637,0.0,-0.0,1.0,0.0,1.0,0.0,1.0,-0.0,additive
K. pneumoniae,iYL1228,accA,NE_KPN_03339,essential,non-essential,ess_ne,1.042637,-0.0,1.042637,0.0,-0.0,1.0,0.0,1.0,0.0,1.0,-0.0,additive
K. pneumoniae,iYL1228,accA,NE_KPN_02862,essential,non-essential,ess_ne,1.042637,-0.0,1.042637,0.0,-0.0,1.0,0.0,1.0,0.0,1.0,-0.0,additive
K. pneumoniae,iYL1228,accA,NE_KPN_02600,essential,non-essential,ess_ne,1.042637,-0.0,1.042637,0.0,-0.0,1.0,0.0,1.0,0.0,1.0,-0.0,additive
K. pneumoniae,iYL1228,accA,NE_KPN_02877,essential,non-essential,ess_ne,1.042637,-0.0,1.042637,0.0,-0.0,1.0,0.0,1.0,0.0,1.0,-0.0,additive
K. pneumoniae,iYL1228,folA,folP,essential,essential,ess_ess,1.042637,0.0,1.042637,0.0,0.0,1.0,0.0,1.0,0.0,1.0,0.0,additive
K. pneumoniae,iYL1228,folA,ispD,essential,essential,ess_ess,1.042637,0.0,1.042637,0.0,0.0,1.0,0.0,1.0,0.0,1.0,0.0,additive
K. pneumoniae,iYL1228,folA,msbA,essential,essential,ess_ess,1.042637,0.0,0.0,0.0,0.0,0.0,0.0,1.0,1.0,1.0,0.0,additive
K. pneumoniae,iYL1228,folA,NE_KPN_02758,essential,non-essential,ess_ne,1.042637,0.0,1.042637,0.0,0.0,1.0,0.0,1.0,0.0,1.0,0.0,additive
K. pneumoniae,iYL1228,folA,NE_KPN_00250,essential,non-essential,ess_ne,1.042637,0.0,1.042637,0.0,0.0,1.0,0.0,1.0,0.0,1.0,0.0,additive
K. pneumoniae,iYL1228,folA,NE_KPN_02430,essential,non-essential,ess_ne,1.042637,0.0,0.0,0.0,0.0,0.0,0.0,1.0,1.0,1.0,0.0,additive
K. pneumoniae,iYL1228,folA,NE_KPN_04371,essential,non-essential,ess_ne,1.042637,0.0,1.042637,0.0,0.0,1.0,0.0,1.0,0.0,1.0,0.0,additive
K. pneumoniae,iYL1228,folA,NE_KPN_01165,essential,non-essential,ess_ne,1.042637,0.0,1.042637,0.0,0.0,1.0,0.0,1.0,0.0,1.0,0.0,additive
K. pneumoniae,iYL1228,folA,NE_KPN_03548,essential,non-essential,ess_ne,1.042637,0.0,1.042637,0.0,0.0,1.0,0.0,1.0,0.0,1.0,0.0,additive
K. pneumoniae,iYL1228,folA,NE_KPN_00044,essential,non-essential,ess_ne,1.042637,0.0,1.042637,0.0,0.0,1.0,0.0,1.0,0.0,1.0,0.0,additive
K. pneumoniae,iYL1228,folA,NE_KPN_04786,essential,non-essential,ess_ne,1.042637,0.0,1.042637,0.0,0.0,1.0,0.0,1.0,0.0,1.0,0.0,additive
K. pneumoniae,iYL1228,folA,NE_KPN_00654,essential,non-essential,ess_ne,1.042637,0.0,1.042637,0.0,0.0,1.0,0.0,1.0,0.0,1.0,0.0,additive
K. pneumoniae,iYL1228,folA,NE_KPN_00035,essential,non-essential,ess_ne,1.042637,0.0,1.042637,0.0,0.0,1.0,0.0,1.0,0.0,1.0,0.0,additive
K. pneumoniae,iYL1228,folA,NE_KPN_03779,essential,non-essential,ess_ne,1.042637,0.0,1.042637,0.0,0.0,1.0,0.0,1.0,0.0,1.0,0.0,additive
K. pneumoniae,iYL1228,folA,NE_KPN_03974,essential,non-essential,ess_ne,1.042637,0.0,1.042637,0.0,0.0,1.0,0.0,1.0,0.0,1.0,0.0,additive
K. pneumoniae,iYL1228,folA,NE_KPN_02230,essential,non-essential,ess_ne,1.042637,0.0,0.0,0.0,0.0,0.0,0.0,1.0,1.0,1.0,0.0,additive
K. pneumoniae,iYL1228,folA,NE_KPN_01516,essential,non-essential,ess_ne,1.042637,0.0,0.96008,0.0,0.0,0.920818,0.0,1.0,0.079182,1.0,0.0,additive
K. pneumoniae,iYL1228,folA,NE_KPN_01479,essential,non-essential,ess_ne,1.042637,0.0,1.042637,-0.0,0.0,1.0,-0.0,1.0,0.0,1.0,0.0,additive
K. pneumoniae,iYL1228,folA,NE_KPN_03931,essential,non-essential,ess_ne,1.042637,0.0,1.042637,-0.0,0.0,1.0,-0.0,1.0,0.0,1.0,0.0,additive
K. pneumoniae,iYL1228,folA,NE_KPN_04671,essential,non-essential,ess_ne,1.042637,0.0,1.042637,-0.0,0.0,1.0,-0.0,1.0,0.0,1.0,0.0,additive
K. pneumoniae,iYL1228,folA,NE_KPN_03667,essential,non-essential,ess_ne,1.042637,0.0,1.042637,-0.0,0.0,1.0,-0.0,1.0,0.0,1.0,0.0,additive
K. pneumoniae,iYL1228,folA,NE_KPN_02365,essential,non-essential,ess_ne,1.042637,0.0,1.042637,-0.0,0.0,1.0,-0.0,1.0,0.0,1.0,0.0,additive
K. pneumoniae,iYL1228,folA,NE_KPN_02586,essential,non-essential,ess_ne,1.042637,0.0,1.042637,-0.0,0.0,1.0,-0.0,1.0,0.0,1.0,0.0,additive
K. pneumoniae,iYL1228,folA,NE_KPN_00801,essential,non-essential,ess_ne,1.042637,0.0,1.042637,-0.0,0.0,1.0,-0.0,1.0,0.0,1.0,0.0,additive
K. pneumoniae,iYL1228,folA,NE_KPN_00075,essential,non-essential,ess_ne,1.042637,0.0,-0.0,-0.0,0.0,-0.0,-0.0,1.0,1.0,1.0,0.0,additive
K. pneumoniae,iYL1228,folA,NE_KPN_00142,essential,non-essential,ess_ne,1.042637,0.0,1.042637,-0.0,0.0,1.0,-0.0,1.0,0.0,1.0,0.0,additive
K. pneumoniae,iYL1228,folA,NE_KPN_01225,essential,non-essential,ess_ne,1.042637,0.0,1.042637,-0.0,0.0,1.0,-0.0,1.0,0.0,1.0,0.0,additive
K. pneumoniae,iYL1228,folA,NE_KPN_01308,essential,non-essential,ess_ne,1.042637,0.0,1.042637,-0.0,0.0,1.0,-0.0,1.0,0.0,1.0,0.0,additive
K. pneumoniae,iYL1228,folA,NE_KPN_01603,essential,non-essential,ess_ne,1.042637,0.0,1.042637,-0.0,0.0,1.0,-0.0,1.0,0.0,1.0,0.0,additive
K. pneumoniae,iYL1228,folA,NE_KPN_03339,essential,non-essential,ess_ne,1.042637,0.0,1.042637,-0.0,0.0,1.0,-0.0,1.0,0.0,1.0,0.0,additive
K. pneumoniae,iYL1228,folA,NE_KPN_02862,essential,non-essential,ess_ne,1.042637,0.0,1.042637,-0.0,0.0,1.0,-0.0,1.0,0.0,1.0,0.0,additive
K. pneumoniae,iYL1228,folA,NE_KPN_02600,essential,non-essential,ess_ne,1.042637,0.0,1.042637,-0.0,0.0,1.0,-0.0,1.0,0.0,1.0,0.0,additive
K. pneumoniae,iYL1228,folA,NE_KPN_02877,essential,non-essential,ess_ne,1.042637,0.0,1.042637,-0.0,0.0,1.0,-0.0,1.0,0.0,1.0,0.0,additive
K. pneumoniae,iYL1228,folP,ispD,essential,essential,ess_ess,1.042637,1.042637,1.042637,1.042637,1.0,1.0,1.0,0.0,0.0,0.0,-0.0,additive
K. pneumoniae,iYL1228,folP,msbA,essential,essential,ess_ess,1.042637,1.042637,0.0,-0.0,1.0,0.0,-0.0,0.0,1.0,1.0,0.0,additive
K. pneumoniae,iYL1228,folP,NE_KPN_02758,essential,non-essential,ess_ne,1.042637,1.042637,1.042637,1.042637,1.0,1.0,1.0,0.0,0.0,0.0,-0.0,additive
K. pneumoniae,iYL1228,folP,NE_KPN_00250,essential,non-essential,ess_ne,1.042637,1.042637,1.042637,1.042637,1.0,1.0,1.0,0.0,0.0,0.0,-0.0,additive
K. pneumoniae,iYL1228,folP,NE_KPN_02430,essential,non-essential,ess_ne,1.042637,1.042637,0.0,0.0,1.0,0.0,0.0,0.0,1.0,1.0,0.0,additive
K. pneumoniae,iYL1228,folP,NE_KPN_04371,essential,non-essential,ess_ne,1.042637,1.042637,1.042637,1.042637,1.0,1.0,1.0,0.0,0.0,0.0,-0.0,additive
K. pneumoniae,iYL1228,folP,NE_KPN_01165,essential,non-essential,ess_ne,1.042637,1.042637,1.042637,1.042637,1.0,1.0,1.0,0.0,0.0,0.0,-0.0,additive
K. pneumoniae,iYL1228,folP,NE_KPN_03548,essential,non-essential,ess_ne,1.042637,1.042637,1.042637,1.042637,1.0,1.0,1.0,0.0,0.0,0.0,-0.0,additive
K. pneumoniae,iYL1228,folP,NE_KPN_00044,essential,non-essential,ess_ne,1.042637,1.042637,1.042637,1.042637,1.0,1.0,1.0,0.0,0.0,0.0,-0.0,additive
K. pneumoniae,iYL1228,folP,NE_KPN_04786,essential,non-essential,ess_ne,1.042637,1.042637,1.042637,1.042637,1.0,1.0,1.0,0.0,0.0,0.0,-0.0,additive
K. pneumoniae,iYL1228,folP,NE_KPN_00654,essential,non-essential,ess_ne,1.042637,1.042637,1.042637,1.042637,1.0,1.0,1.0,0.0,0.0,0.0,-0.0,additive
K. pneumoniae,iYL1228,folP,NE_KPN_00035,essential,non-essential,ess_ne,1.042637,1.042637,1.042637,1.042637,1.0,1.0,1.0,0.0,0.0,0.0,-0.0,additive
K. pneumoniae,iYL1228,folP,NE_KPN_03779,essential,non-essential,ess_ne,1.042637,1.042637,1.042637,1.042637,1.0,1.0,1.0,0.0,0.0,0.0,-0.0,additive
K. pneumoniae,iYL1228,folP,NE_KPN_03974,essential,non-essential,ess_ne,1.042637,1.042637,1.042637,1.042637,1.0,1.0,1.0,0.0,0.0,0.0,-0.0,additive
K. pneumoniae,iYL1228,folP,NE_KPN_02230,essential,non-essential,ess_ne,1.042637,1.042637,0.0,-0.0,1.0,0.0,-0.0,0.0,1.0,1.0,0.0,additive
K. pneumoniae,iYL1228,folP,NE_KPN_01516,essential,non-essential,ess_ne,1.042637,1.042637,0.96008,0.96008,1.0,0.920818,0.920818,0.0,0.079182,0.079182,-0.0,additive
K. pneumoniae,iYL1228,folP,NE_KPN_01479,essential,non-essential,ess_ne,1.042637,1.042637,1.042637,1.042637,1.0,1.0,1.0,0.0,0.0,0.0,-0.0,additive
K. pneumoniae,iYL1228,folP,NE_KPN_03931,essential,non-essential,ess_ne,1.042637,1.042637,1.042637,1.042637,1.0,1.0,1.0,0.0,0.0,0.0,-0.0,additive
K. pneumoniae,iYL1228,folP,NE_KPN_04671,essential,non-essential,ess_ne,1.042637,1.042637,1.042637,1.042637,1.0,1.0,1.0,0.0,0.0,0.0,-0.0,additive
K. pneumoniae,iYL1228,folP,NE_KPN_03667,essential,non-essential,ess_ne,1.042637,1.042637,1.042637,1.042637,1.0,1.0,1.0,0.0,0.0,0.0,-0.0,additive
K. pneumoniae,iYL1228,folP,NE_KPN_02365,essential,non-essential,ess_ne,1.042637,1.042637,1.042637,1.042637,1.0,1.0,1.0,0.0,0.0,0.0,-0.0,additive
K. pneumoniae,iYL1228,folP,NE_KPN_02586,essential,non-essential,ess_ne,1.042637,1.042637,1.042637,1.042637,1.0,1.0,1.0,0.0,0.0,0.0,-0.0,additive
K. pneumoniae,iYL1228,folP,NE_KPN_00801,essential,non-essential,ess_ne,1.042637,1.042637,1.042637,1.042637,1.0,1.0,1.0,0.0,0.0,0.0,-0.0,additive
K. pneumoniae,iYL1228,folP,NE_KPN_00075,essential,non-essential,ess_ne,1.042637,1.042637,-0.0,0.0,1.0,-0.0,0.0,0.0,1.0,1.0,-0.0,additive
K. pneumoniae,iYL1228,folP,NE_KPN_00142,essential,non-essential,ess_ne,1.042637,1.042637,1.042637,1.042637,1.0,1.0,1.0,0.0,0.0,0.0,-0.0,additive
K. pneumoniae,iYL1228,folP,NE_KPN_01225,essential,non-essential,ess_ne,1.042637,1.042637,1.042637,1.042637,1.0,1.0,1.0,0.0,0.0,0.0,-0.0,additive
K. pneumoniae,iYL1228,folP,NE_KPN_01308,essential,non-essential,ess_ne,1.042637,1.042637,1.042637,1.042637,1.0,1.0,1.0,0.0,0.0,0.0,-0.0,additive
K. pneumoniae,iYL1228,folP,NE_KPN_01603,essential,non-essential,ess_ne,1.042637,1.042637,1.042637,1.042637,1.0,1.0,1.0,0.0,0.0,0.0,-0.0,additive
K. pneumoniae,iYL1228,folP,NE_KPN_03339,essential,non-essential,ess_ne,1.042637,1.042637,1.042637,1.042637,1.0,1.0,1.0,0.0,0.0,0.0,-0.0,additive
K. pneumoniae,iYL1228,folP,NE_KPN_02862,essential,non-essential,ess_ne,1.042637,1.042637,1.042637,1.042637,1.0,1.0,1.0,0.0,0.0,0.0,-0.0,additive
K. pneumoniae,iYL1228,folP,NE_KPN_02600,essential,non-essential,ess_ne,1.042637,1.042637,1.042637,1.042637,1.0,1.0,1.0,0.0,0.0,0.0,-0.0,additive
K. pneumoniae,iYL1228,folP,NE_KPN_02877,essential,non-essential,ess_ne,1.042637,1.042637,1.042637,1.042637,1.0,1.0,1.0,0.0,0.0,0.0,-0.0,additive
K. pneumoniae,iYL1228,ispD,msbA,essential,essential,ess_ess,1.042637,1.042637,0.0,0.0,1.0,0.0,0.0,0.0,1.0,1.0,-0.0,additive
K. pneumoniae,iYL1228,ispD,NE_KPN_02758,essential,non-essential,ess_ne,1.042637,1.042637,1.042637,1.042637,1.0,1.0,1.0,0.0,0.0,0.0,-0.0,additive
K. pneumoniae,iYL1228,ispD,NE_KPN_00250,essential,non-essential,ess_ne,1.042637,1.042637,1.042637,1.042637,1.0,1.0,1.0,0.0,0.0,0.0,-0.0,additive
K. pneumoniae,iYL1228,ispD,NE_KPN_02430,essential,non-essential,ess_ne,1.042637,1.042637,0.0,0.0,1.0,0.0,0.0,0.0,1.0,1.0,0.0,additive
K. pneumoniae,iYL1228,ispD,NE_KPN_04371,essential,non-essential,ess_ne,1.042637,1.042637,1.042637,1.042637,1.0,1.0,1.0,0.0,0.0,0.0,-0.0,additive
K. pneumoniae,iYL1228,ispD,NE_KPN_01165,essential,non-essential,ess_ne,1.042637,1.042637,1.042637,1.042637,1.0,1.0,1.0,0.0,0.0,0.0,-0.0,additive
K. pneumoniae,iYL1228,ispD,NE_KPN_03548,essential,non-essential,ess_ne,1.042637,1.042637,1.042637,1.042637,1.0,1.0,1.0,0.0,0.0,0.0,-0.0,additive
K. pneumoniae,iYL1228,ispD,NE_KPN_00044,essential,non-essential,ess_ne,1.042637,1.042637,1.042637,1.042637,1.0,1.0,1.0,0.0,0.0,0.0,-0.0,additive
K. pneumoniae,iYL1228,ispD,NE_KPN_04786,essential,non-essential,ess_ne,1.042637,1.042637,1.042637,1.042637,1.0,1.0,1.0,0.0,0.0,0.0,-0.0,additive
K. pneumoniae,iYL1228,ispD,NE_KPN_00654,essential,non-essential,ess_ne,1.042637,1.042637,1.042637,1.042637,1.0,1.0,1.0,0.0,0.0,0.0,-0.0,additive
K. pneumoniae,iYL1228,ispD,NE_KPN_00035,essential,non-essential,ess_ne,1.042637,1.042637,1.042637,1.042637,1.0,1.0,1.0,0.0,0.0,0.0,-0.0,additive
K. pneumoniae,iYL1228,ispD,NE_KPN_03779,essential,non-essential,ess_ne,1.042637,1.042637,1.042637,1.042637,1.0,1.0,1.0,0.0,0.0,0.0,-0.0,additive
K. pneumoniae,iYL1228,ispD,NE_KPN_03974,essential,non-essential,ess_ne,1.042637,1.042637,1.042637,1.042637,1.0,1.0,1.0,0.0,0.0,0.0,-0.0,additive
K. pneumoniae,iYL1228,ispD,NE_KPN_02230,essential,non-essential,ess_ne,1.042637,1.042637,0.0,0.0,1.0,0.0,0.0,0.0,1.0,1.0,0.0,additive
K. pneumoniae,iYL1228,ispD,NE_KPN_01516,essential,non-essential,ess_ne,1.042637,1.042637,0.96008,0.96008,1.0,0.920818,0.920818,0.0,0.079182,0.079182,0.0,additive
K. pneumoniae,iYL1228,ispD,NE_KPN_01479,essential,non-essential,ess_ne,1.042637,1.042637,1.042637,1.042637,1.0,1.0,1.0,0.0,0.0,0.0,-0.0,additive
K. pneumoniae,iYL1228,ispD,NE_KPN_03931,essential,non-essential,ess_ne,1.042637,1.042637,1.042637,1.042637,1.0,1.0,1.0,0.0,0.0,0.0,-0.0,additive
K. pneumoniae,iYL1228,ispD,NE_KPN_04671,essential,non-essential,ess_ne,1.042637,1.042637,1.042637,1.042637,1.0,1.0,1.0,0.0,0.0,0.0,-0.0,additive
K. pneumoniae,iYL1228,ispD,NE_KPN_03667,essential,non-essential,ess_ne,1.042637,1.042637,1.042637,1.042637,1.0,1.0,1.0,0.0,0.0,0.0,-0.0,additive
K. pneumoniae,iYL1228,ispD,NE_KPN_02365,essential,non-essential,ess_ne,1.042637,1.042637,1.042637,1.042637,1.0,1.0,1.0,0.0,0.0,0.0,-0.0,additive
K. pneumoniae,iYL1228,ispD,NE_KPN_02586,essential,non-essential,ess_ne,1.042637,1.042637,1.042637,1.042637,1.0,1.0,1.0,0.0,0.0,0.0,-0.0,additive
K. pneumoniae,iYL1228,ispD,NE_KPN_00801,essential,non-essential,ess_ne,1.042637,1.042637,1.042637,1.042637,1.0,1.0,1.0,0.0,0.0,0.0,-0.0,additive
K. pneumoniae,iYL1228,ispD,NE_KPN_00075,essential,non-essential,ess_ne,1.042637,1.042637,-0.0,0.0,1.0,-0.0,0.0,0.0,1.0,1.0,-0.0,additive
K. pneumoniae,iYL1228,ispD,NE_KPN_00142,essential,non-essential,ess_ne,1.042637,1.042637,1.042637,1.042637,1.0,1.0,1.0,0.0,0.0,0.0,-0.0,additive
K. pneumoniae,iYL1228,ispD,NE_KPN_01225,essential,non-essential,ess_ne,1.042637,1.042637,1.042637,1.042637,1.0,1.0,1.0,0.0,0.0,0.0,-0.0,additive
K. pneumoniae,iYL1228,ispD,NE_KPN_01308,essential,non-essential,ess_ne,1.042637,1.042637,1.042637,1.042637,1.0,1.0,1.0,0.0,0.0,0.0,-0.0,additive
K. pneumoniae,iYL1228,ispD,NE_KPN_01603,essential,non-essential,ess_ne,1.042637,1.042637,1.042637,1.042637,1.0,1.0,1.0,0.0,0.0,0.0,-0.0,additive
K. pneumoniae,iYL1228,ispD,NE_KPN_03339,essential,non-essential,ess_ne,1.042637,1.042637,1.042637,1.042637,1.0,1.0,1.0,0.0,0.0,0.0,-0.0,additive
K. pneumoniae,iYL1228,ispD,NE_KPN_02862,essential,non-essential,ess_ne,1.042637,1.042637,1.042637,1.042637,1.0,1.0,1.0,0.0,0.0,0.0,-0.0,additive
K. pneumoniae,iYL1228,ispD,NE_KPN_02600,essential,non-essential,ess_ne,1.042637,1.042637,1.042637,1.042637,1.0,1.0,1.0,0.0,0.0,0.0,-0.0,additive
K. pneumoniae,iYL1228,ispD,NE_KPN_02877,essential,non-essential,ess_ne,1.042637,1.042637,1.042637,1.042637,1.0,1.0,1.0,0.0,0.0,0.0,-0.0,additive
K. pneumoniae,iYL1228,msbA,NE_KPN_02758,essential,non-essential,ess_ne,1.042637,0.0,1.042637,0.0,0.0,1.0,0.0,1.0,0.0,1.0,0.0,additive
K. pneumoniae,iYL1228,msbA,NE_KPN_00250,essential,non-essential,ess_ne,1.042637,0.0,1.042637,0.0,0.0,1.0,0.0,1.0,0.0,1.0,0.0,additive
K. pneumoniae,iYL1228,msbA,NE_KPN_02430,essential,non-essential,ess_ne,1.042637,0.0,0.0,0.0,0.0,0.0,0.0,1.0,1.0,1.0,0.0,additive
K. pneumoniae,iYL1228,msbA,NE_KPN_04371,essential,non-essential,ess_ne,1.042637,0.0,1.042637,-0.0,0.0,1.0,-0.0,1.0,0.0,1.0,0.0,additive
K. pneumoniae,iYL1228,msbA,NE_KPN_01165,essential,non-essential,ess_ne,1.042637,0.0,1.042637,0.0,0.0,1.0,0.0,1.0,0.0,1.0,0.0,additive
K. pneumoniae,iYL1228,msbA,NE_KPN_03548,essential,non-essential,ess_ne,1.042637,0.0,1.042637,0.0,0.0,1.0,0.0,1.0,0.0,1.0,0.0,additive
K. pneumoniae,iYL1228,msbA,NE_KPN_00044,essential,non-essential,ess_ne,1.042637,0.0,1.042637,0.0,0.0,1.0,0.0,1.0,0.0,1.0,0.0,additive
K. pneumoniae,iYL1228,msbA,NE_KPN_04786,essential,non-essential,ess_ne,1.042637,0.0,1.042637,0.0,0.0,1.0,0.0,1.0,0.0,1.0,0.0,additive
K. pneumoniae,iYL1228,msbA,NE_KPN_00654,essential,non-essential,ess_ne,1.042637,0.0,1.042637,0.0,0.0,1.0,0.0,1.0,0.0,1.0,0.0,additive
K. pneumoniae,iYL1228,msbA,NE_KPN_00035,essential,non-essential,ess_ne,1.042637,0.0,1.042637,0.0,0.0,1.0,0.0,1.0,0.0,1.0,0.0,additive
K. pneumoniae,iYL1228,msbA,NE_KPN_03779,essential,non-essential,ess_ne,1.042637,0.0,1.042637,0.0,0.0,1.0,0.0,1.0,0.0,1.0,0.0,additive
K. pneumoniae,iYL1228,msbA,NE_KPN_03974,essential,non-essential,ess_ne,1.042637,0.0,1.042637,0.0,0.0,1.0,0.0,1.0,0.0,1.0,0.0,additive
K. pneumoniae,iYL1228,msbA,NE_KPN_02230,essential,non-essential,ess_ne,1.042637,0.0,0.0,0.0,0.0,0.0,0.0,1.0,1.0,1.0,0.0,additive
K. pneumoniae,iYL1228,msbA,NE_KPN_01516,essential,non-essential,ess_ne,1.042637,0.0,0.96008,0.0,0.0,0.920818,0.0,1.0,0.079182,1.0,0.0,additive
K. pneumoniae,iYL1228,msbA,NE_KPN_01479,essential,non-essential,ess_ne,1.042637,0.0,1.042637,0.0,0.0,1.0,0.0,1.0,0.0,1.0,0.0,additive
K. pneumoniae,iYL1228,msbA,NE_KPN_03931,essential,non-essential,ess_ne,1.042637,0.0,1.042637,0.0,0.0,1.0,0.0,1.0,0.0,1.0,0.0,additive
K. pneumoniae,iYL1228,msbA,NE_KPN_04671,essential,non-essential,ess_ne,1.042637,0.0,1.042637,0.0,0.0,1.0,0.0,1.0,0.0,1.0,0.0,additive
K. pneumoniae,iYL1228,msbA,NE_KPN_03667,essential,non-essential,ess_ne,1.042637,0.0,1.042637,0.0,0.0,1.0,0.0,1.0,0.0,1.0,0.0,additive
K. pneumoniae,iYL1228,msbA,NE_KPN_02365,essential,non-essential,ess_ne,1.042637,0.0,1.042637,0.0,0.0,1.0,0.0,1.0,0.0,1.0,0.0,additive
K. pneumoniae,iYL1228,msbA,NE_KPN_02586,essential,non-essential,ess_ne,1.042637,0.0,1.042637,0.0,0.0,1.0,0.0,1.0,0.0,1.0,0.0,additive
K. pneumoniae,iYL1228,msbA,NE_KPN_00801,essential,non-essential,ess_ne,1.042637,0.0,1.042637,0.0,0.0,1.0,0.0,1.0,0.0,1.0,0.0,additive
K. pneumoniae,iYL1228,msbA,NE_KPN_00075,essential,non-essential,ess_ne,1.042637,0.0,-0.0,0.0,0.0,-0.0,0.0,1.0,1.0,1.0,0.0,additive
K. pneumoniae,iYL1228,msbA,NE_KPN_00142,essential,non-essential,ess_ne,1.042637,0.0,1.042637,0.0,0.0,1.0,0.0,1.0,0.0,1.0,0.0,additive
K. pneumoniae,iYL1228,msbA,NE_KPN_01225,essential,non-essential,ess_ne,1.042637,0.0,1.042637,0.0,0.0,1.0,0.0,1.0,0.0,1.0,0.0,additive
K. pneumoniae,iYL1228,msbA,NE_KPN_01308,essential,non-essential,ess_ne,1.042637,0.0,1.042637,0.0,0.0,1.0,0.0,1.0,0.0,1.0,0.0,additive
K. pneumoniae,iYL1228,msbA,NE_KPN_01603,essential,non-essential,ess_ne,1.042637,0.0,1.042637,0.0,0.0,1.0,0.0,1.0,0.0,1.0,0.0,additive
K. pneumoniae,iYL1228,msbA,NE_KPN_03339,essential,non-essential,ess_ne,1.042637,0.0,1.042637,0.0,0.0,1.0,0.0,1.0,0.0,1.0,0.0,additive
K. pneumoniae,iYL1228,msbA,NE_KPN_02862,essential,non-essential,ess_ne,1.042637,0.0,1.042637,0.0,0.0,1.0,0.0,1.0,0.0,1.0,0.0,additive
K. pneumoniae,iYL1228,msbA,NE_KPN_02600,essential,non-essential,ess_ne,1.042637,0.0,1.042637,0.0,0.0,1.0,0.0,1.0,0.0,1.0,0.0,additive
K. pneumoniae,iYL1228,msbA,NE_KPN_02877,essential,non-essential,ess_ne,1.042637,0.0,1.042637,0.0,0.0,1.0,0.0,1.0,0.0,1.0,0.0,additive
K. pneumoniae,iYL1228,NE_KPN_02758,NE_KPN_00250,non-essential,non-essential,ne_ne,1.042637,1.042637,1.042637,1.042637,1.0,1.0,1.0,0.0,0.0,0.0,-0.0,additive
K. pneumoniae,iYL1228,NE_KPN_02758,NE_KPN_02430,non-essential,non-essential,ne_ne,1.042637,1.042637,0.0,0.0,1.0,0.0,0.0,0.0,1.0,1.0,0.0,additive
K. pneumoniae,iYL1228,NE_KPN_02758,NE_KPN_04371,non-essential,non-essential,ne_ne,1.042637,1.042637,1.042637,1.042637,1.0,1.0,1.0,0.0,0.0,0.0,-0.0,additive
K. pneumoniae,iYL1228,NE_KPN_02758,NE_KPN_01165,non-essential,non-essential,ne_ne,1.042637,1.042637,1.042637,1.042637,1.0,1.0,1.0,0.0,0.0,0.0,-0.0,additive
K. pneumoniae,iYL1228,NE_KPN_02758,NE_KPN_03548,non-essential,non-essential,ne_ne,1.042637,1.042637,1.042637,1.042637,1.0,1.0,1.0,0.0,0.0,0.0,-0.0,additive
K. pneumoniae,iYL1228,NE_KPN_02758,NE_KPN_00044,non-essential,non-essential,ne_ne,1.042637,1.042637,1.042637,1.042637,1.0,1.0,1.0,0.0,0.0,0.0,-0.0,additive
K. pneumoniae,iYL1228,NE_KPN_02758,NE_KPN_04786,non-essential,non-essential,ne_ne,1.042637,1.042637,1.042637,1.042637,1.0,1.0,1.0,0.0,0.0,0.0,-0.0,additive
K. pneumoniae,iYL1228,NE_KPN_02758,NE_KPN_00654,non-essential,non-essential,ne_ne,1.042637,1.042637,1.042637,1.042637,1.0,1.0,1.0,0.0,0.0,0.0,-0.0,additive
K. pneumoniae,iYL1228,NE_KPN_02758,NE_KPN_00035,non-essential,non-essential,ne_ne,1.042637,1.042637,1.042637,1.042637,1.0,1.0,1.0,0.0,0.0,0.0,-0.0,additive
K. pneumoniae,iYL1228,NE_KPN_02758,NE_KPN_03779,non-essential,non-essential,ne_ne,1.042637,1.042637,1.042637,1.042637,1.0,1.0,1.0,0.0,0.0,0.0,-0.0,additive
K. pneumoniae,iYL1228,NE_KPN_02758,NE_KPN_03974,non-essential,non-essential,ne_ne,1.042637,1.042637,1.042637,1.042637,1.0,1.0,1.0,0.0,0.0,0.0,-0.0,additive
K. pneumoniae,iYL1228,NE_KPN_02758,NE_KPN_02230,non-essential,non-essential,ne_ne,1.042637,1.042637,0.0,-0.0,1.0,0.0,-0.0,0.0,1.0,1.0,0.0,additive
K. pneumoniae,iYL1228,NE_KPN_02758,NE_KPN_01516,non-essential,non-essential,ne_ne,1.042637,1.042637,0.96008,0.96008,1.0,0.920818,0.920818,0.0,0.079182,0.079182,-0.0,additive
K. pneumoniae,iYL1228,NE_KPN_02758,NE_KPN_01479,non-essential,non-essential,ne_ne,1.042637,1.042637,1.042637,1.042637,1.0,1.0,1.0,0.0,0.0,0.0,-0.0,additive
K. pneumoniae,iYL1228,NE_KPN_02758,NE_KPN_03931,non-essential,non-essential,ne_ne,1.042637,1.042637,1.042637,1.042637,1.0,1.0,1.0,0.0,0.0,0.0,-0.0,additive
K. pneumoniae,iYL1228,NE_KPN_02758,NE_KPN_04671,non-essential,non-essential,ne_ne,1.042637,1.042637,1.042637,1.042637,1.0,1.0,1.0,0.0,0.0,0.0,-0.0,additive
K. pneumoniae,iYL1228,NE_KPN_02758,NE_KPN_03667,non-essential,non-essential,ne_ne,1.042637,1.042637,1.042637,1.042637,1.0,1.0,1.0,0.0,0.0,0.0,-0.0,additive
K. pneumoniae,iYL1228,NE_KPN_02758,NE_KPN_02365,non-essential,non-essential,ne_ne,1.042637,1.042637,1.042637,1.042637,1.0,1.0,1.0,0.0,0.0,0.0,-0.0,additive
K. pneumoniae,iYL1228,NE_KPN_02758,NE_KPN_02586,non-essential,non-essential,ne_ne,1.042637,1.042637,1.042637,1.042637,1.0,1.0,1.0,0.0,0.0,0.0,-0.0,additive
K. pneumoniae,iYL1228,NE_KPN_02758,NE_KPN_00801,non-essential,non-essential,ne_ne,1.042637,1.042637,1.042637,1.042637,1.0,1.0,1.0,0.0,0.0,0.0,-0.0,additive
K. pneumoniae,iYL1228,NE_KPN_02758,NE_KPN_00075,non-essential,non-essential,ne_ne,1.042637,1.042637,-0.0,0.0,1.0,-0.0,0.0,0.0,1.0,1.0,-0.0,additive
K. pneumoniae,iYL1228,NE_KPN_02758,NE_KPN_00142,non-essential,non-essential,ne_ne,1.042637,1.042637,1.042637,1.042637,1.0,1.0,1.0,0.0,0.0,0.0,-0.0,additive
K. pneumoniae,iYL1228,NE_KPN_02758,NE_KPN_01225,non-essential,non-essential,ne_ne,1.042637,1.042637,1.042637,1.042637,1.0,1.0,1.0,0.0,0.0,0.0,-0.0,additive
K. pneumoniae,iYL1228,NE_KPN_02758,NE_KPN_01308,non-essential,non-essential,ne_ne,1.042637,1.042637,1.042637,1.042637,1.0,1.0,1.0,0.0,0.0,0.0,-0.0,additive
K. pneumoniae,iYL1228,NE_KPN_02758,NE_KPN_01603,non-essential,non-essential,ne_ne,1.042637,1.042637,1.042637,1.042637,1.0,1.0,1.0,0.0,0.0,0.0,-0.0,additive
K. pneumoniae,iYL1228,NE_KPN_02758,NE_KPN_03339,non-essential,non-essential,ne_ne,1.042637,1.042637,1.042637,1.042637,1.0,1.0,1.0,0.0,0.0,0.0,-0.0,additive
K. pneumoniae,iYL1228,NE_KPN_02758,NE_KPN_02862,non-essential,non-essential,ne_ne,1.042637,1.042637,1.042637,1.042637,1.0,1.0,1.0,0.0,0.0,0.0,-0.0,additive
K. pneumoniae,iYL1228,NE_KPN_02758,NE_KPN_02600,non-essential,non-essential,ne_ne,1.042637,1.042637,1.042637,1.042637,1.0,1.0,1.0,0.0,0.0,0.0,-0.0,additive
K. pneumoniae,iYL1228,NE_KPN_02758,NE_KPN_02877,non-essential,non-essential,ne_ne,1.042637,1.042637,1.042637,1.042637,1.0,1.0,1.0,0.0,0.0,0.0,-0.0,additive
K. pneumoniae,iYL1228,NE_KPN_00250,NE_KPN_02430,non-essential,non-essential,ne_ne,1.042637,1.042637,0.0,0.0,1.0,0.0,0.0,0.0,1.0,1.0,0.0,additive
K. pneumoniae,iYL1228,NE_KPN_00250,NE_KPN_04371,non-essential,non-essential,ne_ne,1.042637,1.042637,1.042637,1.042637,1.0,1.0,1.0,0.0,0.0,0.0,-0.0,additive
K. pneumoniae,iYL1228,NE_KPN_00250,NE_KPN_01165,non-essential,non-essential,ne_ne,1.042637,1.042637,1.042637,1.042637,1.0,1.0,1.0,0.0,0.0,0.0,-0.0,additive
K. pneumoniae,iYL1228,NE_KPN_00250,NE_KPN_03548,non-essential,non-essential,ne_ne,1.042637,1.042637,1.042637,1.042637,1.0,1.0,1.0,0.0,0.0,0.0,-0.0,additive
K. pneumoniae,iYL1228,NE_KPN_00250,NE_KPN_00044,non-essential,non-essential,ne_ne,1.042637,1.042637,1.042637,1.042637,1.0,1.0,1.0,0.0,0.0,0.0,-0.0,additive
K. pneumoniae,iYL1228,NE_KPN_00250,NE_KPN_04786,non-essential,non-essential,ne_ne,1.042637,1.042637,1.042637,1.042637,1.0,1.0,1.0,0.0,0.0,0.0,-0.0,additive
K. pneumoniae,iYL1228,NE_KPN_00250,NE_KPN_00654,non-essential,non-essential,ne_ne,1.042637,1.042637,1.042637,1.042637,1.0,1.0,1.0,0.0,0.0,0.0,-0.0,additive
K. pneumoniae,iYL1228,NE_KPN_00250,NE_KPN_00035,non-essential,non-essential,ne_ne,1.042637,1.042637,1.042637,1.042637,1.0,1.0,1.0,0.0,0.0,0.0,-0.0,additive
K. pneumoniae,iYL1228,NE_KPN_00250,NE_KPN_03779,non-essential,non-essential,ne_ne,1.042637,1.042637,1.042637,1.042637,1.0,1.0,1.0,0.0,0.0,0.0,-0.0,additive
K. pneumoniae,iYL1228,NE_KPN_00250,NE_KPN_03974,non-essential,non-essential,ne_ne,1.042637,1.042637,1.042637,1.042637,1.0,1.0,1.0,0.0,0.0,0.0,-0.0,additive
K. pneumoniae,iYL1228,NE_KPN_00250,NE_KPN_02230,non-essential,non-essential,ne_ne,1.042637,1.042637,0.0,0.0,1.0,0.0,0.0,0.0,1.0,1.0,-0.0,additive
K. pneumoniae,iYL1228,NE_KPN_00250,NE_KPN_01516,non-essential,non-essential,ne_ne,1.042637,1.042637,0.96008,0.96008,1.0,0.920818,0.920818,0.0,0.079182,0.079182,0.0,additive
K. pneumoniae,iYL1228,NE_KPN_00250,NE_KPN_01479,non-essential,non-essential,ne_ne,1.042637,1.042637,1.042637,1.042637,1.0,1.0,1.0,0.0,0.0,0.0,-0.0,additive
K. pneumoniae,iYL1228,NE_KPN_00250,NE_KPN_03931,non-essential,non-essential,ne_ne,1.042637,1.042637,1.042637,1.042637,1.0,1.0,1.0,0.0,0.0,0.0,-0.0,additive
K. pneumoniae,iYL1228,NE_KPN_00250,NE_KPN_04671,non-essential,non-essential,ne_ne,1.042637,1.042637,1.042637,1.042637,1.0,1.0,1.0,0.0,0.0,0.0,-0.0,additive
K. pneumoniae,iYL1228,NE_KPN_00250,NE_KPN_03667,non-essential,non-essential,ne_ne,1.042637,1.042637,1.042637,1.042637,1.0,1.0,1.0,0.0,0.0,0.0,-0.0,additive
K. pneumoniae,iYL1228,NE_KPN_00250,NE_KPN_02365,non-essential,non-essential,ne_ne,1.042637,1.042637,1.042637,1.042637,1.0,1.0,1.0,0.0,0.0,0.0,-0.0,additive
K. pneumoniae,iYL1228,NE_KPN_00250,NE_KPN_02586,non-essential,non-essential,ne_ne,1.042637,1.042637,1.042637,1.042637,1.0,1.0,1.0,0.0,0.0,0.0,-0.0,additive
K. pneumoniae,iYL1228,NE_KPN_00250,NE_KPN_00801,non-essential,non-essential,ne_ne,1.042637,1.042637,1.042637,1.042637,1.0,1.0,1.0,0.0,0.0,0.0,-0.0,additive
K. pneumoniae,iYL1228,NE_KPN_00250,NE_KPN_00075,non-essential,non-essential,ne_ne,1.042637,1.042637,-0.0,0.0,1.0,-0.0,0.0,0.0,1.0,1.0,-0.0,additive
K. pneumoniae,iYL1228,NE_KPN_00250,NE_KPN_00142,non-essential,non-essential,ne_ne,1.042637,1.042637,1.042637,1.042637,1.0,1.0,1.0,0.0,0.0,0.0,-0.0,additive
K. pneumoniae,iYL1228,NE_KPN_00250,NE_KPN_01225,non-essential,non-essential,ne_ne,1.042637,1.042637,1.042637,1.042637,1.0,1.0,1.0,0.0,0.0,0.0,-0.0,additive
K. pneumoniae,iYL1228,NE_KPN_00250,NE_KPN_01308,non-essential,non-essential,ne_ne,1.042637,1.042637,1.042637,1.042637,1.0,1.0,1.0,0.0,0.0,0.0,-0.0,additive
K. pneumoniae,iYL1228,NE_KPN_00250,NE_KPN_01603,non-essential,non-essential,ne_ne,1.042637,1.042637,1.042637,1.042637,1.0,1.0,1.0,0.0,0.0,0.0,-0.0,additive
K. pneumoniae,iYL1228,NE_KPN_00250,NE_KPN_03339,non-essential,non-essential,ne_ne,1.042637,1.042637,1.042637,1.042637,1.0,1.0,1.0,0.0,0.0,0.0,-0.0,additive
K. pneumoniae,iYL1228,NE_KPN_00250,NE_KPN_02862,non-essential,non-essential,ne_ne,1.042637,1.042637,1.042637,1.042637,1.0,1.0,1.0,0.0,0.0,0.0,-0.0,additive
K. pneumoniae,iYL1228,NE_KPN_00250,NE_KPN_02600,non-essential,non-essential,ne_ne,1.042637,1.042637,1.042637,1.042637,1.0,1.0,1.0,0.0,0.0,0.0,-0.0,additive
K. pneumoniae,iYL1228,NE_KPN_00250,NE_KPN_02877,non-essential,non-essential,ne_ne,1.042637,1.042637,1.042637,1.042637,1.0,1.0,1.0,0.0,0.0,0.0,-0.0,additive
K. pneumoniae,iYL1228,NE_KPN_02430,NE_KPN_04371,non-essential,non-essential,ne_ne,1.042637,0.0,1.042637,0.0,0.0,1.0,0.0,1.0,0.0,1.0,0.0,additive
K. pneumoniae,iYL1228,NE_KPN_02430,NE_KPN_01165,non-essential,non-essential,ne_ne,1.042637,0.0,1.042637,0.0,0.0,1.0,0.0,1.0,0.0,1.0,0.0,additive
K. pneumoniae,iYL1228,NE_KPN_02430,NE_KPN_03548,non-essential,non-essential,ne_ne,1.042637,0.0,1.042637,0.0,0.0,1.0,0.0,1.0,0.0,1.0,0.0,additive
K. pneumoniae,iYL1228,NE_KPN_02430,NE_KPN_00044,non-essential,non-essential,ne_ne,1.042637,0.0,1.042637,0.0,0.0,1.0,0.0,1.0,0.0,1.0,0.0,additive
K. pneumoniae,iYL1228,NE_KPN_02430,NE_KPN_04786,non-essential,non-essential,ne_ne,1.042637,0.0,1.042637,0.0,0.0,1.0,0.0,1.0,0.0,1.0,0.0,additive
K. pneumoniae,iYL1228,NE_KPN_02430,NE_KPN_00654,non-essential,non-essential,ne_ne,1.042637,0.0,1.042637,0.0,0.0,1.0,0.0,1.0,0.0,1.0,0.0,additive
K. pneumoniae,iYL1228,NE_KPN_02430,NE_KPN_00035,non-essential,non-essential,ne_ne,1.042637,0.0,1.042637,0.0,0.0,1.0,0.0,1.0,0.0,1.0,0.0,additive
K. pneumoniae,iYL1228,NE_KPN_02430,NE_KPN_03779,non-essential,non-essential,ne_ne,1.042637,0.0,1.042637,0.0,0.0,1.0,0.0,1.0,0.0,1.0,0.0,additive
K. pneumoniae,iYL1228,NE_KPN_02430,NE_KPN_03974,non-essential,non-essential,ne_ne,1.042637,0.0,1.042637,0.0,0.0,1.0,0.0,1.0,0.0,1.0,0.0,additive
K. pneumoniae,iYL1228,NE_KPN_02430,NE_KPN_02230,non-essential,non-essential,ne_ne,1.042637,0.0,0.0,0.0,0.0,0.0,0.0,1.0,1.0,1.0,0.0,additive
K. pneumoniae,iYL1228,NE_KPN_02430,NE_KPN_01516,non-essential,non-essential,ne_ne,1.042637,0.0,0.96008,0.0,0.0,0.920818,0.0,1.0,0.079182,1.0,0.0,additive
K. pneumoniae,iYL1228,NE_KPN_02430,NE_KPN_01479,non-essential,non-essential,ne_ne,1.042637,0.0,1.042637,0.0,0.0,1.0,0.0,1.0,0.0,1.0,0.0,additive
K. pneumoniae,iYL1228,NE_KPN_02430,NE_KPN_03931,non-essential,non-essential,ne_ne,1.042637,0.0,1.042637,0.0,0.0,1.0,0.0,1.0,0.0,1.0,0.0,additive
K. pneumoniae,iYL1228,NE_KPN_02430,NE_KPN_04671,non-essential,non-essential,ne_ne,1.042637,0.0,1.042637,0.0,0.0,1.0,0.0,1.0,0.0,1.0,0.0,additive
K. pneumoniae,iYL1228,NE_KPN_02430,NE_KPN_03667,non-essential,non-essential,ne_ne,1.042637,0.0,1.042637,0.0,0.0,1.0,0.0,1.0,0.0,1.0,0.0,additive
K. pneumoniae,iYL1228,NE_KPN_02430,NE_KPN_02365,non-essential,non-essential,ne_ne,1.042637,0.0,1.042637,0.0,0.0,1.0,0.0,1.0,0.0,1.0,0.0,additive
K. pneumoniae,iYL1228,NE_KPN_02430,NE_KPN_02586,non-essential,non-essential,ne_ne,1.042637,0.0,1.042637,0.0,0.0,1.0,0.0,1.0,0.0,1.0,0.0,additive
K. pneumoniae,iYL1228,NE_KPN_02430,NE_KPN_00801,non-essential,non-essential,ne_ne,1.042637,0.0,1.042637,0.0,0.0,1.0,0.0,1.0,0.0,1.0,0.0,additive
K. pneumoniae,iYL1228,NE_KPN_02430,NE_KPN_00075,non-essential,non-essential,ne_ne,1.042637,0.0,-0.0,0.0,0.0,-0.0,0.0,1.0,1.0,1.0,0.0,additive
K. pneumoniae,iYL1228,NE_KPN_02430,NE_KPN_00142,non-essential,non-essential,ne_ne,1.042637,0.0,1.042637,0.0,0.0,1.0,0.0,1.0,0.0,1.0,0.0,additive
K. pneumoniae,iYL1228,NE_KPN_02430,NE_KPN_01225,non-essential,non-essential,ne_ne,1.042637,0.0,1.042637,0.0,0.0,1.0,0.0,1.0,0.0,1.0,0.0,additive
K. pneumoniae,iYL1228,NE_KPN_02430,NE_KPN_01308,non-essential,non-essential,ne_ne,1.042637,0.0,1.042637,0.0,0.0,1.0,0.0,1.0,0.0,1.0,0.0,additive
K. pneumoniae,iYL1228,NE_KPN_02430,NE_KPN_01603,non-essential,non-essential,ne_ne,1.042637,0.0,1.042637,0.0,0.0,1.0,0.0,1.0,0.0,1.0,0.0,additive
K. pneumoniae,iYL1228,NE_KPN_02430,NE_KPN_03339,non-essential,non-essential,ne_ne,1.042637,0.0,1.042637,0.0,0.0,1.0,0.0,1.0,0.0,1.0,0.0,additive
K. pneumoniae,iYL1228,NE_KPN_02430,NE_KPN_02862,non-essential,non-essential,ne_ne,1.042637,0.0,1.042637,0.0,0.0,1.0,0.0,1.0,0.0,1.0,0.0,additive
K. pneumoniae,iYL1228,NE_KPN_02430,NE_KPN_02600,non-essential,non-essential,ne_ne,1.042637,0.0,1.042637,0.0,0.0,1.0,0.0,1.0,0.0,1.0,0.0,additive
K. pneumoniae,iYL1228,NE_KPN_02430,NE_KPN_02877,non-essential,non-essential,ne_ne,1.042637,0.0,1.042637,0.0,0.0,1.0,0.0,1.0,0.0,1.0,0.0,additive
K. pneumoniae,iYL1228,NE_KPN_04371,NE_KPN_01165,non-essential,non-essential,ne_ne,1.042637,1.042637,1.042637,1.042637,1.0,1.0,1.0,0.0,0.0,0.0,-0.0,additive
K. pneumoniae,iYL1228,NE_KPN_04371,NE_KPN_03548,non-essential,non-essential,ne_ne,1.042637,1.042637,1.042637,1.042637,1.0,1.0,1.0,0.0,0.0,0.0,-0.0,additive
K. pneumoniae,iYL1228,NE_KPN_04371,NE_KPN_00044,non-essential,non-essential,ne_ne,1.042637,1.042637,1.042637,1.042637,1.0,1.0,1.0,0.0,0.0,0.0,-0.0,additive
K. pneumoniae,iYL1228,NE_KPN_04371,NE_KPN_04786,non-essential,non-essential,ne_ne,1.042637,1.042637,1.042637,1.042637,1.0,1.0,1.0,0.0,0.0,0.0,-0.0,additive
K. pneumoniae,iYL1228,NE_KPN_04371,NE_KPN_00654,non-essential,non-essential,ne_ne,1.042637,1.042637,1.042637,1.042637,1.0,1.0,1.0,0.0,0.0,0.0,-0.0,additive
K. pneumoniae,iYL1228,NE_KPN_04371,NE_KPN_00035,non-essential,non-essential,ne_ne,1.042637,1.042637,1.042637,1.042637,1.0,1.0,1.0,0.0,0.0,0.0,-0.0,additive
K. pneumoniae,iYL1228,NE_KPN_04371,NE_KPN_03779,non-essential,non-essential,ne_ne,1.042637,1.042637,1.042637,1.042637,1.0,1.0,1.0,0.0,0.0,0.0,-0.0,additive
K. pneumoniae,iYL1228,NE_KPN_04371,NE_KPN_03974,non-essential,non-essential,ne_ne,1.042637,1.042637,1.042637,1.042637,1.0,1.0,1.0,0.0,0.0,0.0,-0.0,additive
K. pneumoniae,iYL1228,NE_KPN_04371,NE_KPN_02230,non-essential,non-essential,ne_ne,1.042637,1.042637,0.0,-0.0,1.0,0.0,-0.0,0.0,1.0,1.0,0.0,additive
K. pneumoniae,iYL1228,NE_KPN_04371,NE_KPN_01516,non-essential,non-essential,ne_ne,1.042637,1.042637,0.96008,0.96008,1.0,0.920818,0.920818,0.0,0.079182,0.079182,0.0,additive
K. pneumoniae,iYL1228,NE_KPN_04371,NE_KPN_01479,non-essential,non-essential,ne_ne,1.042637,1.042637,1.042637,1.042637,1.0,1.0,1.0,0.0,0.0,0.0,-0.0,additive
K. pneumoniae,iYL1228,NE_KPN_04371,NE_KPN_03931,non-essential,non-essential,ne_ne,1.042637,1.042637,1.042637,1.042637,1.0,1.0,1.0,0.0,0.0,0.0,-0.0,additive
K. pneumoniae,iYL1228,NE_KPN_04371,NE_KPN_04671,non-essential,non-essential,ne_ne,1.042637,1.042637,1.042637,1.042637,1.0,1.0,1.0,0.0,0.0,0.0,-0.0,additive
K. pneumoniae,iYL1228,NE_KPN_04371,NE_KPN_03667,non-essential,non-essential,ne_ne,1.042637,1.042637,1.042637,1.042637,1.0,1.0,1.0,0.0,0.0,0.0,-0.0,additive
K. pneumoniae,iYL1228,NE_KPN_04371,NE_KPN_02365,non-essential,non-essential,ne_ne,1.042637,1.042637,1.042637,1.042637,1.0,1.0,1.0,0.0,0.0,0.0,-0.0,additive
K. pneumoniae,iYL1228,NE_KPN_04371,NE_KPN_02586,non-essential,non-essential,ne_ne,1.042637,1.042637,1.042637,1.042637,1.0,1.0,1.0,0.0,0.0,0.0,-0.0,additive
K. pneumoniae,iYL1228,NE_KPN_04371,NE_KPN_00801,non-essential,non-essential,ne_ne,1.042637,1.042637,1.042637,1.042637,1.0,1.0,1.0,0.0,0.0,0.0,-0.0,additive
K. pneumoniae,iYL1228,NE_KPN_04371,NE_KPN_00075,non-essential,non-essential,ne_ne,1.042637,1.042637,-0.0,-0.0,1.0,-0.0,-0.0,0.0,1.0,1.0,0.0,additive
K. pneumoniae,iYL1228,NE_KPN_04371,NE_KPN_00142,non-essential,non-essential,ne_ne,1.042637,1.042637,1.042637,1.042637,1.0,1.0,1.0,0.0,0.0,0.0,-0.0,additive
K. pneumoniae,iYL1228,NE_KPN_04371,NE_KPN_01225,non-essential,non-essential,ne_ne,1.042637,1.042637,1.042637,1.042637,1.0,1.0,1.0,0.0,0.0,0.0,-0.0,additive
K. pneumoniae,iYL1228,NE_KPN_04371,NE_KPN_01308,non-essential,non-essential,ne_ne,1.042637,1.042637,1.042637,1.042637,1.0,1.0,1.0,0.0,0.0,0.0,-0.0,additive
K. pneumoniae,iYL1228,NE_KPN_04371,NE_KPN_01603,non-essential,non-essential,ne_ne,1.042637,1.042637,1.042637,1.042637,1.0,1.0,1.0,0.0,0.0,0.0,-0.0,additive
K. pneumoniae,iYL1228,NE_KPN_04371,NE_KPN_03339,non-essential,non-essential,ne_ne,1.042637,1.042637,1.042637,1.042637,1.0,1.0,1.0,0.0,0.0,0.0,-0.0,additive
K. pneumoniae,iYL1228,NE_KPN_04371,NE_KPN_02862,non-essential,non-essential,ne_ne,1.042637,1.042637,1.042637,1.042637,1.0,1.0,1.0,0.0,0.0,0.0,-0.0,additive
K. pneumoniae,iYL1228,NE_KPN_04371,NE_KPN_02600,non-essential,non-essential,ne_ne,1.042637,1.042637,1.042637,1.042637,1.0,1.0,1.0,0.0,0.0,0.0,-0.0,additive
K. pneumoniae,iYL1228,NE_KPN_04371,NE_KPN_02877,non-essential,non-essential,ne_ne,1.042637,1.042637,1.042637,1.042637,1.0,1.0,1.0,0.0,0.0,0.0,-0.0,additive
K. pneumoniae,iYL1228,NE_KPN_01165,NE_KPN_03548,non-essential,non-essential,ne_ne,1.042637,1.042637,1.042637,1.042637,1.0,1.0,1.0,0.0,0.0,0.0,-0.0,additive
K. pneumoniae,iYL1228,NE_KPN_01165,NE_KPN_00044,non-essential,non-essential,ne_ne,1.042637,1.042637,1.042637,1.042637,1.0,1.0,1.0,0.0,0.0,0.0,-0.0,additive
K. pneumoniae,iYL1228,NE_KPN_01165,NE_KPN_04786,non-essential,non-essential,ne_ne,1.042637,1.042637,1.042637,1.042637,1.0,1.0,1.0,0.0,0.0,0.0,-0.0,additive
K. pneumoniae,iYL1228,NE_KPN_01165,NE_KPN_00654,non-essential,non-essential,ne_ne,1.042637,1.042637,1.042637,1.042637,1.0,1.0,1.0,0.0,0.0,0.0,-0.0,additive
K. pneumoniae,iYL1228,NE_KPN_01165,NE_KPN_00035,non-essential,non-essential,ne_ne,1.042637,1.042637,1.042637,1.042637,1.0,1.0,1.0,0.0,0.0,0.0,-0.0,additive
K. pneumoniae,iYL1228,NE_KPN_01165,NE_KPN_03779,non-essential,non-essential,ne_ne,1.042637,1.042637,1.042637,1.042637,1.0,1.0,1.0,0.0,0.0,0.0,-0.0,additive
K. pneumoniae,iYL1228,NE_KPN_01165,NE_KPN_03974,non-essential,non-essential,ne_ne,1.042637,1.042637,1.042637,1.042637,1.0,1.0,1.0,0.0,0.0,0.0,-0.0,additive
K. pneumoniae,iYL1228,NE_KPN_01165,NE_KPN_02230,non-essential,non-essential,ne_ne,1.042637,1.042637,0.0,0.0,1.0,0.0,0.0,0.0,1.0,1.0,-0.0,additive
K. pneumoniae,iYL1228,NE_KPN_01165,NE_KPN_01516,non-essential,non-essential,ne_ne,1.042637,1.042637,0.96008,0.96008,1.0,0.920818,0.920818,0.0,0.079182,0.079182,0.0,additive
K. pneumoniae,iYL1228,NE_KPN_01165,NE_KPN_01479,non-essential,non-essential,ne_ne,1.042637,1.042637,1.042637,1.042637,1.0,1.0,1.0,0.0,0.0,0.0,-0.0,additive
K. pneumoniae,iYL1228,NE_KPN_01165,NE_KPN_03931,non-essential,non-essential,ne_ne,1.042637,1.042637,1.042637,1.042637,1.0,1.0,1.0,0.0,0.0,0.0,-0.0,additive
K. pneumoniae,iYL1228,NE_KPN_01165,NE_KPN_04671,non-essential,non-essential,ne_ne,1.042637,1.042637,1.042637,1.042637,1.0,1.0,1.0,0.0,0.0,0.0,-0.0,additive
K. pneumoniae,iYL1228,NE_KPN_01165,NE_KPN_03667,non-essential,non-essential,ne_ne,1.042637,1.042637,1.042637,1.042637,1.0,1.0,1.0,0.0,0.0,0.0,-0.0,additive
K. pneumoniae,iYL1228,NE_KPN_01165,NE_KPN_02365,non-essential,non-essential,ne_ne,1.042637,1.042637,1.042637,1.042637,1.0,1.0,1.0,0.0,0.0,0.0,-0.0,additive
K. pneumoniae,iYL1228,NE_KPN_01165,NE_KPN_02586,non-essential,non-essential,ne_ne,1.042637,1.042637,1.042637,1.042637,1.0,1.0,1.0,0.0,0.0,0.0,-0.0,additive
K. pneumoniae,iYL1228,NE_KPN_01165,NE_KPN_00801,non-essential,non-essential,ne_ne,1.042637,1.042637,1.042637,1.042637,1.0,1.0,1.0,0.0,0.0,0.0,-0.0,additive
K. pneumoniae,iYL1228,NE_KPN_01165,NE_KPN_00075,non-essential,non-essential,ne_ne,1.042637,1.042637,-0.0,-0.0,1.0,-0.0,-0.0,0.0,1.0,1.0,0.0,additive
K. pneumoniae,iYL1228,NE_KPN_01165,NE_KPN_00142,non-essential,non-essential,ne_ne,1.042637,1.042637,1.042637,1.042637,1.0,1.0,1.0,0.0,0.0,0.0,-0.0,additive
K. pneumoniae,iYL1228,NE_KPN_01165,NE_KPN_01225,non-essential,non-essential,ne_ne,1.042637,1.042637,1.042637,1.042637,1.0,1.0,1.0,0.0,0.0,0.0,-0.0,additive
K. pneumoniae,iYL1228,NE_KPN_01165,NE_KPN_01308,non-essential,non-essential,ne_ne,1.042637,1.042637,1.042637,1.042637,1.0,1.0,1.0,0.0,0.0,0.0,-0.0,additive
K. pneumoniae,iYL1228,NE_KPN_01165,NE_KPN_01603,non-essential,non-essential,ne_ne,1.042637,1.042637,1.042637,1.042637,1.0,1.0,1.0,0.0,0.0,0.0,-0.0,additive
K. pneumoniae,iYL1228,NE_KPN_01165,NE_KPN_03339,non-essential,non-essential,ne_ne,1.042637,1.042637,1.042637,1.042637,1.0,1.0,1.0,0.0,0.0,0.0,-0.0,additive
K. pneumoniae,iYL1228,NE_KPN_01165,NE_KPN_02862,non-essential,non-essential,ne_ne,1.042637,1.042637,1.042637,1.042637,1.0,1.0,1.0,0.0,0.0,0.0,-0.0,additive
K. pneumoniae,iYL1228,NE_KPN_01165,NE_KPN_02600,non-essential,non-essential,ne_ne,1.042637,1.042637,1.042637,1.042637,1.0,1.0,1.0,0.0,0.0,0.0,-0.0,additive
K. pneumoniae,iYL1228,NE_KPN_01165,NE_KPN_02877,non-essential,non-essential,ne_ne,1.042637,1.042637,1.042637,1.042637,1.0,1.0,1.0,0.0,0.0,0.0,-0.0,additive
K. pneumoniae,iYL1228,NE_KPN_03548,NE_KPN_00044,non-essential,non-essential,ne_ne,1.042637,1.042637,1.042637,1.042637,1.0,1.0,1.0,0.0,0.0,0.0,-0.0,additive
K. pneumoniae,iYL1228,NE_KPN_03548,NE_KPN_04786,non-essential,non-essential,ne_ne,1.042637,1.042637,1.042637,1.042637,1.0,1.0,1.0,0.0,0.0,0.0,-0.0,additive
K. pneumoniae,iYL1228,NE_KPN_03548,NE_KPN_00654,non-essential,non-essential,ne_ne,1.042637,1.042637,1.042637,1.042637,1.0,1.0,1.0,0.0,0.0,0.0,-0.0,additive
K. pneumoniae,iYL1228,NE_KPN_03548,NE_KPN_00035,non-essential,non-essential,ne_ne,1.042637,1.042637,1.042637,1.042637,1.0,1.0,1.0,0.0,0.0,0.0,-0.0,additive
K. pneumoniae,iYL1228,NE_KPN_03548,NE_KPN_03779,non-essential,non-essential,ne_ne,1.042637,1.042637,1.042637,1.042637,1.0,1.0,1.0,0.0,0.0,0.0,-0.0,additive
K. pneumoniae,iYL1228,NE_KPN_03548,NE_KPN_03974,non-essential,non-essential,ne_ne,1.042637,1.042637,1.042637,1.042637,1.0,1.0,1.0,0.0,0.0,0.0,-0.0,additive
K. pneumoniae,iYL1228,NE_KPN_03548,NE_KPN_02230,non-essential,non-essential,ne_ne,1.042637,1.042637,0.0,0.0,1.0,0.0,0.0,0.0,1.0,1.0,-0.0,additive
K. pneumoniae,iYL1228,NE_KPN_03548,NE_KPN_01516,non-essential,non-essential,ne_ne,1.042637,1.042637,0.96008,0.96008,1.0,0.920818,0.920818,0.0,0.079182,0.079182,0.0,additive
K. pneumoniae,iYL1228,NE_KPN_03548,NE_KPN_01479,non-essential,non-essential,ne_ne,1.042637,1.042637,1.042637,1.042637,1.0,1.0,1.0,0.0,0.0,0.0,-0.0,additive
K. pneumoniae,iYL1228,NE_KPN_03548,NE_KPN_03931,non-essential,non-essential,ne_ne,1.042637,1.042637,1.042637,1.042637,1.0,1.0,1.0,0.0,0.0,0.0,0.0,additive
K. pneumoniae,iYL1228,NE_KPN_03548,NE_KPN_04671,non-essential,non-essential,ne_ne,1.042637,1.042637,1.042637,1.042637,1.0,1.0,1.0,0.0,0.0,0.0,0.0,additive
K. pneumoniae,iYL1228,NE_KPN_03548,NE_KPN_03667,non-essential,non-essential,ne_ne,1.042637,1.042637,1.042637,1.042637,1.0,1.0,1.0,0.0,0.0,0.0,0.0,additive
K. pneumoniae,iYL1228,NE_KPN_03548,NE_KPN_02365,non-essential,non-essential,ne_ne,1.042637,1.042637,1.042637,1.042637,1.0,1.0,1.0,0.0,0.0,0.0,0.0,additive
K. pneumoniae,iYL1228,NE_KPN_03548,NE_KPN_02586,non-essential,non-essential,ne_ne,1.042637,1.042637,1.042637,1.042637,1.0,1.0,1.0,0.0,0.0,0.0,0.0,additive
K. pneumoniae,iYL1228,NE_KPN_03548,NE_KPN_00801,non-essential,non-essential,ne_ne,1.042637,1.042637,1.042637,1.042637,1.0,1.0,1.0,0.0,0.0,0.0,0.0,additive
K. pneumoniae,iYL1228,NE_KPN_03548,NE_KPN_00075,non-essential,non-essential,ne_ne,1.042637,1.042637,-0.0,0.0,1.0,-0.0,0.0,0.0,1.0,1.0,-0.0,additive
K. pneumoniae,iYL1228,NE_KPN_03548,NE_KPN_00142,non-essential,non-essential,ne_ne,1.042637,1.042637,1.042637,1.042637,1.0,1.0,1.0,0.0,0.0,0.0,-0.0,additive
K. pneumoniae,iYL1228,NE_KPN_03548,NE_KPN_01225,non-essential,non-essential,ne_ne,1.042637,1.042637,1.042637,1.042637,1.0,1.0,1.0,0.0,0.0,0.0,-0.0,additive
K. pneumoniae,iYL1228,NE_KPN_03548,NE_KPN_01308,non-essential,non-essential,ne_ne,1.042637,1.042637,1.042637,1.042637,1.0,1.0,1.0,0.0,0.0,0.0,-0.0,additive
K. pneumoniae,iYL1228,NE_KPN_03548,NE_KPN_01603,non-essential,non-essential,ne_ne,1.042637,1.042637,1.042637,1.042637,1.0,1.0,1.0,0.0,0.0,0.0,-0.0,additive
K. pneumoniae,iYL1228,NE_KPN_03548,NE_KPN_03339,non-essential,non-essential,ne_ne,1.042637,1.042637,1.042637,1.042637,1.0,1.0,1.0,0.0,0.0,0.0,-0.0,additive
K. pneumoniae,iYL1228,NE_KPN_03548,NE_KPN_02862,non-essential,non-essential,ne_ne,1.042637,1.042637,1.042637,1.042637,1.0,1.0,1.0,0.0,0.0,0.0,-0.0,additive
K. pneumoniae,iYL1228,NE_KPN_03548,NE_KPN_02600,non-essential,non-essential,ne_ne,1.042637,1.042637,1.042637,1.042637,1.0,1.0,1.0,0.0,0.0,0.0,-0.0,additive
K. pneumoniae,iYL1228,NE_KPN_03548,NE_KPN_02877,non-essential,non-essential,ne_ne,1.042637,1.042637,1.042637,1.042637,1.0,1.0,1.0,0.0,0.0,0.0,-0.0,additive
K. pneumoniae,iYL1228,NE_KPN_00044,NE_KPN_04786,non-essential,non-essential,ne_ne,1.042637,1.042637,1.042637,1.042637,1.0,1.0,1.0,0.0,0.0,0.0,0.0,additive
K. pneumoniae,iYL1228,NE_KPN_00044,NE_KPN_00654,non-essential,non-essential,ne_ne,1.042637,1.042637,1.042637,1.042637,1.0,1.0,1.0,0.0,0.0,0.0,0.0,additive
K. pneumoniae,iYL1228,NE_KPN_00044,NE_KPN_00035,non-essential,non-essential,ne_ne,1.042637,1.042637,1.042637,1.042637,1.0,1.0,1.0,0.0,0.0,0.0,0.0,additive
K. pneumoniae,iYL1228,NE_KPN_00044,NE_KPN_03779,non-essential,non-essential,ne_ne,1.042637,1.042637,1.042637,1.042637,1.0,1.0,1.0,0.0,0.0,0.0,0.0,additive
K. pneumoniae,iYL1228,NE_KPN_00044,NE_KPN_03974,non-essential,non-essential,ne_ne,1.042637,1.042637,1.042637,1.042637,1.0,1.0,1.0,0.0,0.0,0.0,0.0,additive
K. pneumoniae,iYL1228,NE_KPN_00044,NE_KPN_02230,non-essential,non-essential,ne_ne,1.042637,1.042637,0.0,0.0,1.0,0.0,0.0,0.0,1.0,1.0,-0.0,additive
K. pneumoniae,iYL1228,NE_KPN_00044,NE_KPN_01516,non-essential,non-essential,ne_ne,1.042637,1.042637,0.96008,0.96008,1.0,0.920818,0.920818,0.0,0.079182,0.079182,0.0,additive
K. pneumoniae,iYL1228,NE_KPN_00044,NE_KPN_01479,non-essential,non-essential,ne_ne,1.042637,1.042637,1.042637,1.042637,1.0,1.0,1.0,0.0,0.0,0.0,-0.0,additive
K. pneumoniae,iYL1228,NE_KPN_00044,NE_KPN_03931,non-essential,non-essential,ne_ne,1.042637,1.042637,1.042637,1.042637,1.0,1.0,1.0,0.0,0.0,0.0,-0.0,additive
K. pneumoniae,iYL1228,NE_KPN_00044,NE_KPN_04671,non-essential,non-essential,ne_ne,1.042637,1.042637,1.042637,1.042637,1.0,1.0,1.0,0.0,0.0,0.0,-0.0,additive
K. pneumoniae,iYL1228,NE_KPN_00044,NE_KPN_03667,non-essential,non-essential,ne_ne,1.042637,1.042637,1.042637,1.042637,1.0,1.0,1.0,0.0,0.0,0.0,-0.0,additive
K. pneumoniae,iYL1228,NE_KPN_00044,NE_KPN_02365,non-essential,non-essential,ne_ne,1.042637,1.042637,1.042637,1.042637,1.0,1.0,1.0,0.0,0.0,0.0,-0.0,additive
K. pneumoniae,iYL1228,NE_KPN_00044,NE_KPN_02586,non-essential,non-essential,ne_ne,1.042637,1.042637,1.042637,1.042637,1.0,1.0,1.0,0.0,0.0,0.0,-0.0,additive
K. pneumoniae,iYL1228,NE_KPN_00044,NE_KPN_00801,non-essential,non-essential,ne_ne,1.042637,1.042637,1.042637,1.042637,1.0,1.0,1.0,0.0,0.0,0.0,-0.0,additive
K. pneumoniae,iYL1228,NE_KPN_00044,NE_KPN_00075,non-essential,non-essential,ne_ne,1.042637,1.042637,-0.0,-0.0,1.0,-0.0,-0.0,0.0,1.0,1.0,0.0,additive
K. pneumoniae,iYL1228,NE_KPN_00044,NE_KPN_00142,non-essential,non-essential,ne_ne,1.042637,1.042637,1.042637,1.042637,1.0,1.0,1.0,0.0,0.0,0.0,-0.0,additive
K. pneumoniae,iYL1228,NE_KPN_00044,NE_KPN_01225,non-essential,non-essential,ne_ne,1.042637,1.042637,1.042637,1.042637,1.0,1.0,1.0,0.0,0.0,0.0,-0.0,additive
K. pneumoniae,iYL1228,NE_KPN_00044,NE_KPN_01308,non-essential,non-essential,ne_ne,1.042637,1.042637,1.042637,1.042637,1.0,1.0,1.0,0.0,0.0,0.0,-0.0,additive
K. pneumoniae,iYL1228,NE_KPN_00044,NE_KPN_01603,non-essential,non-essential,ne_ne,1.042637,1.042637,1.042637,1.042637,1.0,1.0,1.0,0.0,0.0,0.0,-0.0,additive
K. pneumoniae,iYL1228,NE_KPN_00044,NE_KPN_03339,non-essential,non-essential,ne_ne,1.042637,1.042637,1.042637,1.042637,1.0,1.0,1.0,0.0,0.0,0.0,-0.0,additive
K. pneumoniae,iYL1228,NE_KPN_00044,NE_KPN_02862,non-essential,non-essential,ne_ne,1.042637,1.042637,1.042637,1.042637,1.0,1.0,1.0,0.0,0.0,0.0,-0.0,additive
K. pneumoniae,iYL1228,NE_KPN_00044,NE_KPN_02600,non-essential,non-essential,ne_ne,1.042637,1.042637,1.042637,1.042637,1.0,1.0,1.0,0.0,0.0,0.0,-0.0,additive
K. pneumoniae,iYL1228,NE_KPN_00044,NE_KPN_02877,non-essential,non-essential,ne_ne,1.042637,1.042637,1.042637,1.042637,1.0,1.0,1.0,0.0,0.0,0.0,-0.0,additive
K. pneumoniae,iYL1228,NE_KPN_04786,NE_KPN_00654,non-essential,non-essential,ne_ne,1.042637,1.042637,1.042637,1.042637,1.0,1.0,1.0,0.0,0.0,0.0,-0.0,additive
K. pneumoniae,iYL1228,NE_KPN_04786,NE_KPN_00035,non-essential,non-essential,ne_ne,1.042637,1.042637,1.042637,1.042637,1.0,1.0,1.0,0.0,0.0,0.0,-0.0,additive
K. pneumoniae,iYL1228,NE_KPN_04786,NE_KPN_03779,non-essential,non-essential,ne_ne,1.042637,1.042637,1.042637,1.042637,1.0,1.0,1.0,0.0,0.0,0.0,-0.0,additive
K. pneumoniae,iYL1228,NE_KPN_04786,NE_KPN_03974,non-essential,non-essential,ne_ne,1.042637,1.042637,1.042637,1.042637,1.0,1.0,1.0,0.0,0.0,0.0,-0.0,additive
K. pneumoniae,iYL1228,NE_KPN_04786,NE_KPN_02230,non-essential,non-essential,ne_ne,1.042637,1.042637,0.0,0.0,1.0,0.0,0.0,0.0,1.0,1.0,-0.0,additive
K. pneumoniae,iYL1228,NE_KPN_04786,NE_KPN_01516,non-essential,non-essential,ne_ne,1.042637,1.042637,0.96008,0.96008,1.0,0.920818,0.920818,0.0,0.079182,0.079182,0.0,additive
K. pneumoniae,iYL1228,NE_KPN_04786,NE_KPN_01479,non-essential,non-essential,ne_ne,1.042637,1.042637,1.042637,1.042637,1.0,1.0,1.0,0.0,0.0,0.0,-0.0,additive
K. pneumoniae,iYL1228,NE_KPN_04786,NE_KPN_03931,non-essential,non-essential,ne_ne,1.042637,1.042637,1.042637,1.042637,1.0,1.0,1.0,0.0,0.0,0.0,-0.0,additive
K. pneumoniae,iYL1228,NE_KPN_04786,NE_KPN_04671,non-essential,non-essential,ne_ne,1.042637,1.042637,1.042637,1.042637,1.0,1.0,1.0,0.0,0.0,0.0,-0.0,additive
K. pneumoniae,iYL1228,NE_KPN_04786,NE_KPN_03667,non-essential,non-essential,ne_ne,1.042637,1.042637,1.042637,1.042637,1.0,1.0,1.0,0.0,0.0,0.0,-0.0,additive
K. pneumoniae,iYL1228,NE_KPN_04786,NE_KPN_02365,non-essential,non-essential,ne_ne,1.042637,1.042637,1.042637,1.042637,1.0,1.0,1.0,0.0,0.0,0.0,-0.0,additive
K. pneumoniae,iYL1228,NE_KPN_04786,NE_KPN_02586,non-essential,non-essential,ne_ne,1.042637,1.042637,1.042637,1.042637,1.0,1.0,1.0,0.0,0.0,0.0,-0.0,additive
K. pneumoniae,iYL1228,NE_KPN_04786,NE_KPN_00801,non-essential,non-essential,ne_ne,1.042637,1.042637,1.042637,1.042637,1.0,1.0,1.0,0.0,0.0,0.0,-0.0,additive
K. pneumoniae,iYL1228,NE_KPN_04786,NE_KPN_00075,non-essential,non-essential,ne_ne,1.042637,1.042637,-0.0,0.0,1.0,-0.0,0.0,0.0,1.0,1.0,-0.0,additive
K. pneumoniae,iYL1228,NE_KPN_04786,NE_KPN_00142,non-essential,non-essential,ne_ne,1.042637,1.042637,1.042637,1.042637,1.0,1.0,1.0,0.0,0.0,0.0,-0.0,additive
K. pneumoniae,iYL1228,NE_KPN_04786,NE_KPN_01225,non-essential,non-essential,ne_ne,1.042637,1.042637,1.042637,1.042637,1.0,1.0,1.0,0.0,0.0,0.0,-0.0,additive
K. pneumoniae,iYL1228,NE_KPN_04786,NE_KPN_01308,non-essential,non-essential,ne_ne,1.042637,1.042637,1.042637,1.042637,1.0,1.0,1.0,0.0,0.0,0.0,-0.0,additive
K. pneumoniae,iYL1228,NE_KPN_04786,NE_KPN_01603,non-essential,non-essential,ne_ne,1.042637,1.042637,1.042637,1.042637,1.0,1.0,1.0,0.0,0.0,0.0,-0.0,additive
K. pneumoniae,iYL1228,NE_KPN_04786,NE_KPN_03339,non-essential,non-essential,ne_ne,1.042637,1.042637,1.042637,1.042637,1.0,1.0,1.0,0.0,0.0,0.0,-0.0,additive
K. pneumoniae,iYL1228,NE_KPN_04786,NE_KPN_02862,non-essential,non-essential,ne_ne,1.042637,1.042637,1.042637,1.042637,1.0,1.0,1.0,0.0,0.0,0.0,-0.0,additive
K. pneumoniae,iYL1228,NE_KPN_04786,NE_KPN_02600,non-essential,non-essential,ne_ne,1.042637,1.042637,1.042637,1.042637,1.0,1.0,1.0,0.0,0.0,0.0,-0.0,additive
K. pneumoniae,iYL1228,NE_KPN_04786,NE_KPN_02877,non-essential,non-essential,ne_ne,1.042637,1.042637,1.042637,1.042637,1.0,1.0,1.0,0.0,0.0,0.0,-0.0,additive
K. pneumoniae,iYL1228,NE_KPN_00654,NE_KPN_00035,non-essential,non-essential,ne_ne,1.042637,1.042637,1.042637,1.042637,1.0,1.0,1.0,0.0,0.0,0.0,-0.0,additive
K. pneumoniae,iYL1228,NE_KPN_00654,NE_KPN_03779,non-essential,non-essential,ne_ne,1.042637,1.042637,1.042637,1.042637,1.0,1.0,1.0,0.0,0.0,0.0,-0.0,additive
K. pneumoniae,iYL1228,NE_KPN_00654,NE_KPN_03974,non-essential,non-essential,ne_ne,1.042637,1.042637,1.042637,1.042637,1.0,1.0,1.0,0.0,0.0,0.0,-0.0,additive
K. pneumoniae,iYL1228,NE_KPN_00654,NE_KPN_02230,non-essential,non-essential,ne_ne,1.042637,1.042637,0.0,0.0,1.0,0.0,0.0,0.0,1.0,1.0,-0.0,additive
K. pneumoniae,iYL1228,NE_KPN_00654,NE_KPN_01516,non-essential,non-essential,ne_ne,1.042637,1.042637,0.96008,0.96008,1.0,0.920818,0.920818,0.0,0.079182,0.079182,0.0,additive
K. pneumoniae,iYL1228,NE_KPN_00654,NE_KPN_01479,non-essential,non-essential,ne_ne,1.042637,1.042637,1.042637,1.042637,1.0,1.0,1.0,0.0,0.0,0.0,-0.0,additive
K. pneumoniae,iYL1228,NE_KPN_00654,NE_KPN_03931,non-essential,non-essential,ne_ne,1.042637,1.042637,1.042637,1.042637,1.0,1.0,1.0,0.0,0.0,0.0,-0.0,additive
K. pneumoniae,iYL1228,NE_KPN_00654,NE_KPN_04671,non-essential,non-essential,ne_ne,1.042637,1.042637,1.042637,1.042637,1.0,1.0,1.0,0.0,0.0,0.0,-0.0,additive
K. pneumoniae,iYL1228,NE_KPN_00654,NE_KPN_03667,non-essential,non-essential,ne_ne,1.042637,1.042637,1.042637,1.042637,1.0,1.0,1.0,0.0,0.0,0.0,-0.0,additive
K. pneumoniae,iYL1228,NE_KPN_00654,NE_KPN_02365,non-essential,non-essential,ne_ne,1.042637,1.042637,1.042637,1.042637,1.0,1.0,1.0,0.0,0.0,0.0,-0.0,additive
K. pneumoniae,iYL1228,NE_KPN_00654,NE_KPN_02586,non-essential,non-essential,ne_ne,1.042637,1.042637,1.042637,1.042637,1.0,1.0,1.0,0.0,0.0,0.0,-0.0,additive
K. pneumoniae,iYL1228,NE_KPN_00654,NE_KPN_00801,non-essential,non-essential,ne_ne,1.042637,1.042637,1.042637,1.042637,1.0,1.0,1.0,0.0,0.0,0.0,-0.0,additive
K. pneumoniae,iYL1228,NE_KPN_00654,NE_KPN_00075,non-essential,non-essential,ne_ne,1.042637,1.042637,-0.0,-0.0,1.0,-0.0,-0.0,0.0,1.0,1.0,0.0,additive
K. pneumoniae,iYL1228,NE_KPN_00654,NE_KPN_00142,non-essential,non-essential,ne_ne,1.042637,1.042637,1.042637,1.042637,1.0,1.0,1.0,0.0,0.0,0.0,-0.0,additive
K. pneumoniae,iYL1228,NE_KPN_00654,NE_KPN_01225,non-essential,non-essential,ne_ne,1.042637,1.042637,1.042637,1.042637,1.0,1.0,1.0,0.0,0.0,0.0,-0.0,additive
K. pneumoniae,iYL1228,NE_KPN_00654,NE_KPN_01308,non-essential,non-essential,ne_ne,1.042637,1.042637,1.042637,1.042637,1.0,1.0,1.0,0.0,0.0,0.0,-0.0,additive
K. pneumoniae,iYL1228,NE_KPN_00654,NE_KPN_01603,non-essential,non-essential,ne_ne,1.042637,1.042637,1.042637,1.042637,1.0,1.0,1.0,0.0,0.0,0.0,-0.0,additive
K. pneumoniae,iYL1228,NE_KPN_00654,NE_KPN_03339,non-essential,non-essential,ne_ne,1.042637,1.042637,1.042637,1.042637,1.0,1.0,1.0,0.0,0.0,0.0,-0.0,additive
K. pneumoniae,iYL1228,NE_KPN_00654,NE_KPN_02862,non-essential,non-essential,ne_ne,1.042637,1.042637,1.042637,1.042637,1.0,1.0,1.0,0.0,0.0,0.0,-0.0,additive
K. pneumoniae,iYL1228,NE_KPN_00654,NE_KPN_02600,non-essential,non-essential,ne_ne,1.042637,1.042637,1.042637,1.042637,1.0,1.0,1.0,0.0,0.0,0.0,-0.0,additive
K. pneumoniae,iYL1228,NE_KPN_00654,NE_KPN_02877,non-essential,non-essential,ne_ne,1.042637,1.042637,1.042637,1.042637,1.0,1.0,1.0,0.0,0.0,0.0,-0.0,additive
K. pneumoniae,iYL1228,NE_KPN_00035,NE_KPN_03779,non-essential,non-essential,ne_ne,1.042637,1.042637,1.042637,1.042637,1.0,1.0,1.0,0.0,0.0,0.0,-0.0,additive
K. pneumoniae,iYL1228,NE_KPN_00035,NE_KPN_03974,non-essential,non-essential,ne_ne,1.042637,1.042637,1.042637,1.042637,1.0,1.0,1.0,0.0,0.0,0.0,-0.0,additive
K. pneumoniae,iYL1228,NE_KPN_00035,NE_KPN_02230,non-essential,non-essential,ne_ne,1.042637,1.042637,0.0,0.0,1.0,0.0,0.0,0.0,1.0,1.0,-0.0,additive
K. pneumoniae,iYL1228,NE_KPN_00035,NE_KPN_01516,non-essential,non-essential,ne_ne,1.042637,1.042637,0.96008,0.96008,1.0,0.920818,0.920818,0.0,0.079182,0.079182,-0.0,additive
K. pneumoniae,iYL1228,NE_KPN_00035,NE_KPN_01479,non-essential,non-essential,ne_ne,1.042637,1.042637,1.042637,1.042637,1.0,1.0,1.0,0.0,0.0,0.0,-0.0,additive
K. pneumoniae,iYL1228,NE_KPN_00035,NE_KPN_03931,non-essential,non-essential,ne_ne,1.042637,1.042637,1.042637,1.042637,1.0,1.0,1.0,0.0,0.0,0.0,-0.0,additive
K. pneumoniae,iYL1228,NE_KPN_00035,NE_KPN_04671,non-essential,non-essential,ne_ne,1.042637,1.042637,1.042637,1.042637,1.0,1.0,1.0,0.0,0.0,0.0,-0.0,additive
K. pneumoniae,iYL1228,NE_KPN_00035,NE_KPN_03667,non-essential,non-essential,ne_ne,1.042637,1.042637,1.042637,1.042637,1.0,1.0,1.0,0.0,0.0,0.0,-0.0,additive
K. pneumoniae,iYL1228,NE_KPN_00035,NE_KPN_02365,non-essential,non-essential,ne_ne,1.042637,1.042637,1.042637,1.042637,1.0,1.0,1.0,0.0,0.0,0.0,-0.0,additive
K. pneumoniae,iYL1228,NE_KPN_00035,NE_KPN_02586,non-essential,non-essential,ne_ne,1.042637,1.042637,1.042637,1.042637,1.0,1.0,1.0,0.0,0.0,0.0,-0.0,additive
K. pneumoniae,iYL1228,NE_KPN_00035,NE_KPN_00801,non-essential,non-essential,ne_ne,1.042637,1.042637,1.042637,1.042637,1.0,1.0,1.0,0.0,0.0,0.0,-0.0,additive
K. pneumoniae,iYL1228,NE_KPN_00035,NE_KPN_00075,non-essential,non-essential,ne_ne,1.042637,1.042637,-0.0,0.0,1.0,-0.0,0.0,0.0,1.0,1.0,-0.0,additive
K. pneumoniae,iYL1228,NE_KPN_00035,NE_KPN_00142,non-essential,non-essential,ne_ne,1.042637,1.042637,1.042637,1.042637,1.0,1.0,1.0,0.0,0.0,0.0,-0.0,additive
K. pneumoniae,iYL1228,NE_KPN_00035,NE_KPN_01225,non-essential,non-essential,ne_ne,1.042637,1.042637,1.042637,1.042637,1.0,1.0,1.0,0.0,0.0,0.0,-0.0,additive
K. pneumoniae,iYL1228,NE_KPN_00035,NE_KPN_01308,non-essential,non-essential,ne_ne,1.042637,1.042637,1.042637,1.042637,1.0,1.0,1.0,0.0,0.0,0.0,-0.0,additive
K. pneumoniae,iYL1228,NE_KPN_00035,NE_KPN_01603,non-essential,non-essential,ne_ne,1.042637,1.042637,1.042637,1.042637,1.0,1.0,1.0,0.0,0.0,0.0,-0.0,additive
K. pneumoniae,iYL1228,NE_KPN_00035,NE_KPN_03339,non-essential,non-essential,ne_ne,1.042637,1.042637,1.042637,1.042637,1.0,1.0,1.0,0.0,0.0,0.0,-0.0,additive
K. pneumoniae,iYL1228,NE_KPN_00035,NE_KPN_02862,non-essential,non-essential,ne_ne,1.042637,1.042637,1.042637,1.042637,1.0,1.0,1.0,0.0,0.0,0.0,-0.0,additive
K. pneumoniae,iYL1228,NE_KPN_00035,NE_KPN_02600,non-essential,non-essential,ne_ne,1.042637,1.042637,1.042637,1.042637,1.0,1.0,1.0,0.0,0.0,0.0,-0.0,additive
K. pneumoniae,iYL1228,NE_KPN_00035,NE_KPN_02877,non-essential,non-essential,ne_ne,1.042637,1.042637,1.042637,1.042637,1.0,1.0,1.0,0.0,0.0,0.0,-0.0,additive
K. pneumoniae,iYL1228,NE_KPN_03779,NE_KPN_03974,non-essential,non-essential,ne_ne,1.042637,1.042637,1.042637,1.042637,1.0,1.0,1.0,0.0,0.0,0.0,-0.0,additive
K. pneumoniae,iYL1228,NE_KPN_03779,NE_KPN_02230,non-essential,non-essential,ne_ne,1.042637,1.042637,0.0,-0.0,1.0,0.0,-0.0,0.0,1.0,1.0,0.0,additive
K. pneumoniae,iYL1228,NE_KPN_03779,NE_KPN_01516,non-essential,non-essential,ne_ne,1.042637,1.042637,0.96008,0.96008,1.0,0.920818,0.920818,0.0,0.079182,0.079182,0.0,additive
K. pneumoniae,iYL1228,NE_KPN_03779,NE_KPN_01479,non-essential,non-essential,ne_ne,1.042637,1.042637,1.042637,1.042637,1.0,1.0,1.0,0.0,0.0,0.0,-0.0,additive
K. pneumoniae,iYL1228,NE_KPN_03779,NE_KPN_03931,non-essential,non-essential,ne_ne,1.042637,1.042637,1.042637,1.042637,1.0,1.0,1.0,0.0,0.0,0.0,-0.0,additive
K. pneumoniae,iYL1228,NE_KPN_03779,NE_KPN_04671,non-essential,non-essential,ne_ne,1.042637,1.042637,1.042637,1.042637,1.0,1.0,1.0,0.0,0.0,0.0,-0.0,additive
K. pneumoniae,iYL1228,NE_KPN_03779,NE_KPN_03667,non-essential,non-essential,ne_ne,1.042637,1.042637,1.042637,1.042637,1.0,1.0,1.0,0.0,0.0,0.0,-0.0,additive
K. pneumoniae,iYL1228,NE_KPN_03779,NE_KPN_02365,non-essential,non-essential,ne_ne,1.042637,1.042637,1.042637,1.042637,1.0,1.0,1.0,0.0,0.0,0.0,-0.0,additive
K. pneumoniae,iYL1228,NE_KPN_03779,NE_KPN_02586,non-essential,non-essential,ne_ne,1.042637,1.042637,1.042637,1.042637,1.0,1.0,1.0,0.0,0.0,0.0,-0.0,additive
K. pneumoniae,iYL1228,NE_KPN_03779,NE_KPN_00801,non-essential,non-essential,ne_ne,1.042637,1.042637,1.042637,1.042637,1.0,1.0,1.0,0.0,0.0,0.0,-0.0,additive
K. pneumoniae,iYL1228,NE_KPN_03779,NE_KPN_00075,non-essential,non-essential,ne_ne,1.042637,1.042637,-0.0,-0.0,1.0,-0.0,-0.0,0.0,1.0,1.0,0.0,additive
K. pneumoniae,iYL1228,NE_KPN_03779,NE_KPN_00142,non-essential,non-essential,ne_ne,1.042637,1.042637,1.042637,1.042637,1.0,1.0,1.0,0.0,0.0,0.0,-0.0,additive
K. pneumoniae,iYL1228,NE_KPN_03779,NE_KPN_01225,non-essential,non-essential,ne_ne,1.042637,1.042637,1.042637,1.042637,1.0,1.0,1.0,0.0,0.0,0.0,-0.0,additive
K. pneumoniae,iYL1228,NE_KPN_03779,NE_KPN_01308,non-essential,non-essential,ne_ne,1.042637,1.042637,1.042637,1.042637,1.0,1.0,1.0,0.0,0.0,0.0,-0.0,additive
K. pneumoniae,iYL1228,NE_KPN_03779,NE_KPN_01603,non-essential,non-essential,ne_ne,1.042637,1.042637,1.042637,1.042637,1.0,1.0,1.0,0.0,0.0,0.0,-0.0,additive
K. pneumoniae,iYL1228,NE_KPN_03779,NE_KPN_03339,non-essential,non-essential,ne_ne,1.042637,1.042637,1.042637,1.042637,1.0,1.0,1.0,0.0,0.0,0.0,-0.0,additive
K. pneumoniae,iYL1228,NE_KPN_03779,NE_KPN_02862,non-essential,non-essential,ne_ne,1.042637,1.042637,1.042637,1.042637,1.0,1.0,1.0,0.0,0.0,0.0,-0.0,additive
K. pneumoniae,iYL1228,NE_KPN_03779,NE_KPN_02600,non-essential,non-essential,ne_ne,1.042637,1.042637,1.042637,1.042637,1.0,1.0,1.0,0.0,0.0,0.0,-0.0,additive
K. pneumoniae,iYL1228,NE_KPN_03779,NE_KPN_02877,non-essential,non-essential,ne_ne,1.042637,1.042637,1.042637,1.042637,1.0,1.0,1.0,0.0,0.0,0.0,-0.0,additive
K. pneumoniae,iYL1228,NE_KPN_03974,NE_KPN_02230,non-essential,non-essential,ne_ne,1.042637,1.042637,0.0,0.0,1.0,0.0,0.0,0.0,1.0,1.0,-0.0,additive
K. pneumoniae,iYL1228,NE_KPN_03974,NE_KPN_01516,non-essential,non-essential,ne_ne,1.042637,1.042637,0.96008,0.96008,1.0,0.920818,0.920818,0.0,0.079182,0.079182,0.0,additive
K. pneumoniae,iYL1228,NE_KPN_03974,NE_KPN_01479,non-essential,non-essential,ne_ne,1.042637,1.042637,1.042637,1.042637,1.0,1.0,1.0,0.0,0.0,0.0,-0.0,additive
K. pneumoniae,iYL1228,NE_KPN_03974,NE_KPN_03931,non-essential,non-essential,ne_ne,1.042637,1.042637,1.042637,1.042637,1.0,1.0,1.0,0.0,0.0,0.0,-0.0,additive
K. pneumoniae,iYL1228,NE_KPN_03974,NE_KPN_04671,non-essential,non-essential,ne_ne,1.042637,1.042637,1.042637,1.042637,1.0,1.0,1.0,0.0,0.0,0.0,-0.0,additive
K. pneumoniae,iYL1228,NE_KPN_03974,NE_KPN_03667,non-essential,non-essential,ne_ne,1.042637,1.042637,1.042637,1.042637,1.0,1.0,1.0,0.0,0.0,0.0,-0.0,additive
K. pneumoniae,iYL1228,NE_KPN_03974,NE_KPN_02365,non-essential,non-essential,ne_ne,1.042637,1.042637,1.042637,1.042637,1.0,1.0,1.0,0.0,0.0,0.0,-0.0,additive
K. pneumoniae,iYL1228,NE_KPN_03974,NE_KPN_02586,non-essential,non-essential,ne_ne,1.042637,1.042637,1.042637,1.042637,1.0,1.0,1.0,0.0,0.0,0.0,-0.0,additive
K. pneumoniae,iYL1228,NE_KPN_03974,NE_KPN_00801,non-essential,non-essential,ne_ne,1.042637,1.042637,1.042637,1.042637,1.0,1.0,1.0,0.0,0.0,0.0,-0.0,additive
K. pneumoniae,iYL1228,NE_KPN_03974,NE_KPN_00075,non-essential,non-essential,ne_ne,1.042637,1.042637,-0.0,0.0,1.0,-0.0,0.0,0.0,1.0,1.0,-0.0,additive
K. pneumoniae,iYL1228,NE_KPN_03974,NE_KPN_00142,non-essential,non-essential,ne_ne,1.042637,1.042637,1.042637,1.042637,1.0,1.0,1.0,0.0,0.0,0.0,-0.0,additive
K. pneumoniae,iYL1228,NE_KPN_03974,NE_KPN_01225,non-essential,non-essential,ne_ne,1.042637,1.042637,1.042637,1.042637,1.0,1.0,1.0,0.0,0.0,0.0,-0.0,additive
K. pneumoniae,iYL1228,NE_KPN_03974,NE_KPN_01308,non-essential,non-essential,ne_ne,1.042637,1.042637,1.042637,1.042637,1.0,1.0,1.0,0.0,0.0,0.0,-0.0,additive
K. pneumoniae,iYL1228,NE_KPN_03974,NE_KPN_01603,non-essential,non-essential,ne_ne,1.042637,1.042637,1.042637,1.042637,1.0,1.0,1.0,0.0,0.0,0.0,-0.0,additive
K. pneumoniae,iYL1228,NE_KPN_03974,NE_KPN_03339,non-essential,non-essential,ne_ne,1.042637,1.042637,1.042637,1.042637,1.0,1.0,1.0,0.0,0.0,0.0,-0.0,additive
K. pneumoniae,iYL1228,NE_KPN_03974,NE_KPN_02862,non-essential,non-essential,ne_ne,1.042637,1.042637,1.042637,1.042637,1.0,1.0,1.0,0.0,0.0,0.0,-0.0,additive
K. pneumoniae,iYL1228,NE_KPN_03974,NE_KPN_02600,non-essential,non-essential,ne_ne,1.042637,1.042637,1.042637,1.042637,1.0,1.0,1.0,0.0,0.0,0.0,-0.0,additive
K. pneumoniae,iYL1228,NE_KPN_03974,NE_KPN_02877,non-essential,non-essential,ne_ne,1.042637,1.042637,1.042637,1.042637,1.0,1.0,1.0,0.0,0.0,0.0,-0.0,additive
K. pneumoniae,iYL1228,NE_KPN_02230,NE_KPN_01516,non-essential,non-essential,ne_ne,1.042637,0.0,0.96008,-0.0,0.0,0.920818,-0.0,1.0,0.079182,1.0,0.0,additive
K. pneumoniae,iYL1228,NE_KPN_02230,NE_KPN_01479,non-essential,non-essential,ne_ne,1.042637,0.0,1.042637,0.0,0.0,1.0,0.0,1.0,0.0,1.0,0.0,additive
K. pneumoniae,iYL1228,NE_KPN_02230,NE_KPN_03931,non-essential,non-essential,ne_ne,1.042637,0.0,1.042637,0.0,0.0,1.0,0.0,1.0,0.0,1.0,0.0,additive
K. pneumoniae,iYL1228,NE_KPN_02230,NE_KPN_04671,non-essential,non-essential,ne_ne,1.042637,0.0,1.042637,0.0,0.0,1.0,0.0,1.0,0.0,1.0,0.0,additive
K. pneumoniae,iYL1228,NE_KPN_02230,NE_KPN_03667,non-essential,non-essential,ne_ne,1.042637,0.0,1.042637,0.0,0.0,1.0,0.0,1.0,0.0,1.0,0.0,additive
K. pneumoniae,iYL1228,NE_KPN_02230,NE_KPN_02365,non-essential,non-essential,ne_ne,1.042637,0.0,1.042637,0.0,0.0,1.0,0.0,1.0,0.0,1.0,0.0,additive
K. pneumoniae,iYL1228,NE_KPN_02230,NE_KPN_02586,non-essential,non-essential,ne_ne,1.042637,0.0,1.042637,0.0,0.0,1.0,0.0,1.0,0.0,1.0,0.0,additive
K. pneumoniae,iYL1228,NE_KPN_02230,NE_KPN_00801,non-essential,non-essential,ne_ne,1.042637,0.0,1.042637,0.0,0.0,1.0,0.0,1.0,0.0,1.0,0.0,additive
K. pneumoniae,iYL1228,NE_KPN_02230,NE_KPN_00075,non-essential,non-essential,ne_ne,1.042637,0.0,-0.0,0.0,0.0,-0.0,0.0,1.0,1.0,1.0,0.0,additive
K. pneumoniae,iYL1228,NE_KPN_02230,NE_KPN_00142,non-essential,non-essential,ne_ne,1.042637,0.0,1.042637,0.0,0.0,1.0,0.0,1.0,0.0,1.0,0.0,additive
K. pneumoniae,iYL1228,NE_KPN_02230,NE_KPN_01225,non-essential,non-essential,ne_ne,1.042637,0.0,1.042637,0.0,0.0,1.0,0.0,1.0,0.0,1.0,0.0,additive
K. pneumoniae,iYL1228,NE_KPN_02230,NE_KPN_01308,non-essential,non-essential,ne_ne,1.042637,0.0,1.042637,0.0,0.0,1.0,0.0,1.0,0.0,1.0,0.0,additive
K. pneumoniae,iYL1228,NE_KPN_02230,NE_KPN_01603,non-essential,non-essential,ne_ne,1.042637,0.0,1.042637,0.0,0.0,1.0,0.0,1.0,0.0,1.0,0.0,additive
K. pneumoniae,iYL1228,NE_KPN_02230,NE_KPN_03339,non-essential,non-essential,ne_ne,1.042637,0.0,1.042637,0.0,0.0,1.0,0.0,1.0,0.0,1.0,0.0,additive
K. pneumoniae,iYL1228,NE_KPN_02230,NE_KPN_02862,non-essential,non-essential,ne_ne,1.042637,0.0,1.042637,0.0,0.0,1.0,0.0,1.0,0.0,1.0,0.0,additive
K. pneumoniae,iYL1228,NE_KPN_02230,NE_KPN_02600,non-essential,non-essential,ne_ne,1.042637,0.0,1.042637,0.0,0.0,1.0,0.0,1.0,0.0,1.0,0.0,additive
K. pneumoniae,iYL1228,NE_KPN_02230,NE_KPN_02877,non-essential,non-essential,ne_ne,1.042637,0.0,1.042637,0.0,0.0,1.0,0.0,1.0,0.0,1.0,0.0,additive
K. pneumoniae,iYL1228,NE_KPN_01516,NE_KPN_01479,non-essential,non-essential,ne_ne,1.042637,0.96008,1.042637,0.96008,0.920818,1.0,0.920818,0.079182,0.0,0.079182,0.0,additive
K. pneumoniae,iYL1228,NE_KPN_01516,NE_KPN_03931,non-essential,non-essential,ne_ne,1.042637,0.96008,1.042637,0.96008,0.920818,1.0,0.920818,0.079182,0.0,0.079182,0.0,additive
K. pneumoniae,iYL1228,NE_KPN_01516,NE_KPN_04671,non-essential,non-essential,ne_ne,1.042637,0.96008,1.042637,0.96008,0.920818,1.0,0.920818,0.079182,0.0,0.079182,0.0,additive
K. pneumoniae,iYL1228,NE_KPN_01516,NE_KPN_03667,non-essential,non-essential,ne_ne,1.042637,0.96008,1.042637,0.96008,0.920818,1.0,0.920818,0.079182,0.0,0.079182,0.0,additive
K. pneumoniae,iYL1228,NE_KPN_01516,NE_KPN_02365,non-essential,non-essential,ne_ne,1.042637,0.96008,1.042637,0.96008,0.920818,1.0,0.920818,0.079182,0.0,0.079182,0.0,additive
K. pneumoniae,iYL1228,NE_KPN_01516,NE_KPN_02586,non-essential,non-essential,ne_ne,1.042637,0.96008,1.042637,0.96008,0.920818,1.0,0.920818,0.079182,0.0,0.079182,0.0,additive
K. pneumoniae,iYL1228,NE_KPN_01516,NE_KPN_00801,non-essential,non-essential,ne_ne,1.042637,0.96008,1.042637,0.96008,0.920818,1.0,0.920818,0.079182,0.0,0.079182,0.0,additive
K. pneumoniae,iYL1228,NE_KPN_01516,NE_KPN_00075,non-essential,non-essential,ne_ne,1.042637,0.96008,-0.0,-0.0,0.920818,-0.0,-0.0,0.079182,1.0,1.0,0.0,additive
K. pneumoniae,iYL1228,NE_KPN_01516,NE_KPN_00142,non-essential,non-essential,ne_ne,1.042637,0.96008,1.042637,0.96008,0.920818,1.0,0.920818,0.079182,0.0,0.079182,0.0,additive
K. pneumoniae,iYL1228,NE_KPN_01516,NE_KPN_01225,non-essential,non-essential,ne_ne,1.042637,0.96008,1.042637,0.96008,0.920818,1.0,0.920818,0.079182,0.0,0.079182,0.0,additive
K. pneumoniae,iYL1228,NE_KPN_01516,NE_KPN_01308,non-essential,non-essential,ne_ne,1.042637,0.96008,1.042637,0.96008,0.920818,1.0,0.920818,0.079182,0.0,0.079182,0.0,additive
K. pneumoniae,iYL1228,NE_KPN_01516,NE_KPN_01603,non-essential,non-essential,ne_ne,1.042637,0.96008,1.042637,0.96008,0.920818,1.0,0.920818,0.079182,0.0,0.079182,0.0,additive
K. pneumoniae,iYL1228,NE_KPN_01516,NE_KPN_03339,non-essential,non-essential,ne_ne,1.042637,0.96008,1.042637,0.96008,0.920818,1.0,0.920818,0.079182,0.0,0.079182,0.0,additive
K. pneumoniae,iYL1228,NE_KPN_01516,NE_KPN_02862,non-essential,non-essential,ne_ne,1.042637,0.96008,1.042637,0.96008,0.920818,1.0,0.920818,0.079182,0.0,0.079182,0.0,additive
K. pneumoniae,iYL1228,NE_KPN_01516,NE_KPN_02600,non-essential,non-essential,ne_ne,1.042637,0.96008,1.042637,0.96008,0.920818,1.0,0.920818,0.079182,0.0,0.079182,0.0,additive
K. pneumoniae,iYL1228,NE_KPN_01516,NE_KPN_02877,non-essential,non-essential,ne_ne,1.042637,0.96008,1.042637,0.96008,0.920818,1.0,0.920818,0.079182,0.0,0.079182,0.0,additive
K. pneumoniae,iYL1228,NE_KPN_01479,NE_KPN_03931,non-essential,non-essential,ne_ne,1.042637,1.042637,1.042637,1.042637,1.0,1.0,1.0,0.0,0.0,0.0,-0.0,additive
K. pneumoniae,iYL1228,NE_KPN_01479,NE_KPN_04671,non-essential,non-essential,ne_ne,1.042637,1.042637,1.042637,1.042637,1.0,1.0,1.0,0.0,0.0,0.0,-0.0,additive
K. pneumoniae,iYL1228,NE_KPN_01479,NE_KPN_03667,non-essential,non-essential,ne_ne,1.042637,1.042637,1.042637,1.042637,1.0,1.0,1.0,0.0,0.0,0.0,-0.0,additive
K. pneumoniae,iYL1228,NE_KPN_01479,NE_KPN_02365,non-essential,non-essential,ne_ne,1.042637,1.042637,1.042637,1.042637,1.0,1.0,1.0,0.0,0.0,0.0,-0.0,additive
K. pneumoniae,iYL1228,NE_KPN_01479,NE_KPN_02586,non-essential,non-essential,ne_ne,1.042637,1.042637,1.042637,1.042637,1.0,1.0,1.0,0.0,0.0,0.0,-0.0,additive
K. pneumoniae,iYL1228,NE_KPN_01479,NE_KPN_00801,non-essential,non-essential,ne_ne,1.042637,1.042637,1.042637,1.042637,1.0,1.0,1.0,0.0,0.0,0.0,-0.0,additive
K. pneumoniae,iYL1228,NE_KPN_01479,NE_KPN_00075,non-essential,non-essential,ne_ne,1.042637,1.042637,-0.0,0.0,1.0,-0.0,0.0,0.0,1.0,1.0,-0.0,additive
K. pneumoniae,iYL1228,NE_KPN_01479,NE_KPN_00142,non-essential,non-essential,ne_ne,1.042637,1.042637,1.042637,1.042637,1.0,1.0,1.0,0.0,0.0,0.0,-0.0,additive
K. pneumoniae,iYL1228,NE_KPN_01479,NE_KPN_01225,non-essential,non-essential,ne_ne,1.042637,1.042637,1.042637,1.042637,1.0,1.0,1.0,0.0,0.0,0.0,-0.0,additive
K. pneumoniae,iYL1228,NE_KPN_01479,NE_KPN_01308,non-essential,non-essential,ne_ne,1.042637,1.042637,1.042637,1.042637,1.0,1.0,1.0,0.0,0.0,0.0,-0.0,additive
K. pneumoniae,iYL1228,NE_KPN_01479,NE_KPN_01603,non-essential,non-essential,ne_ne,1.042637,1.042637,1.042637,1.042637,1.0,1.0,1.0,0.0,0.0,0.0,-0.0,additive
K. pneumoniae,iYL1228,NE_KPN_01479,NE_KPN_03339,non-essential,non-essential,ne_ne,1.042637,1.042637,1.042637,1.042637,1.0,1.0,1.0,0.0,0.0,0.0,-0.0,additive
K. pneumoniae,iYL1228,NE_KPN_01479,NE_KPN_02862,non-essential,non-essential,ne_ne,1.042637,1.042637,1.042637,1.042637,1.0,1.0,1.0,0.0,0.0,0.0,-0.0,additive
K. pneumoniae,iYL1228,NE_KPN_01479,NE_KPN_02600,non-essential,non-essential,ne_ne,1.042637,1.042637,1.042637,1.042637,1.0,1.0,1.0,0.0,0.0,0.0,-0.0,additive
K. pneumoniae,iYL1228,NE_KPN_01479,NE_KPN_02877,non-essential,non-essential,ne_ne,1.042637,1.042637,1.042637,1.042637,1.0,1.0,1.0,0.0,0.0,0.0,-0.0,additive
K. pneumoniae,iYL1228,NE_KPN_03931,NE_KPN_04671,non-essential,non-essential,ne_ne,1.042637,1.042637,1.042637,1.042637,1.0,1.0,1.0,0.0,0.0,0.0,-0.0,additive
K. pneumoniae,iYL1228,NE_KPN_03931,NE_KPN_03667,non-essential,non-essential,ne_ne,1.042637,1.042637,1.042637,1.042637,1.0,1.0,1.0,0.0,0.0,0.0,-0.0,additive
K. pneumoniae,iYL1228,NE_KPN_03931,NE_KPN_02365,non-essential,non-essential,ne_ne,1.042637,1.042637,1.042637,1.042637,1.0,1.0,1.0,0.0,0.0,0.0,-0.0,additive
K. pneumoniae,iYL1228,NE_KPN_03931,NE_KPN_02586,non-essential,non-essential,ne_ne,1.042637,1.042637,1.042637,1.042637,1.0,1.0,1.0,0.0,0.0,0.0,-0.0,additive
K. pneumoniae,iYL1228,NE_KPN_03931,NE_KPN_00801,non-essential,non-essential,ne_ne,1.042637,1.042637,1.042637,1.042637,1.0,1.0,1.0,0.0,0.0,0.0,-0.0,additive
K. pneumoniae,iYL1228,NE_KPN_03931,NE_KPN_00075,non-essential,non-essential,ne_ne,1.042637,1.042637,-0.0,0.0,1.0,-0.0,0.0,0.0,1.0,1.0,-0.0,additive
K. pneumoniae,iYL1228,NE_KPN_03931,NE_KPN_00142,non-essential,non-essential,ne_ne,1.042637,1.042637,1.042637,1.042637,1.0,1.0,1.0,0.0,0.0,0.0,-0.0,additive
K. pneumoniae,iYL1228,NE_KPN_03931,NE_KPN_01225,non-essential,non-essential,ne_ne,1.042637,1.042637,1.042637,1.042637,1.0,1.0,1.0,0.0,0.0,0.0,-0.0,additive
K. pneumoniae,iYL1228,NE_KPN_03931,NE_KPN_01308,non-essential,non-essential,ne_ne,1.042637,1.042637,1.042637,1.042637,1.0,1.0,1.0,0.0,0.0,0.0,-0.0,additive
K. pneumoniae,iYL1228,NE_KPN_03931,NE_KPN_01603,non-essential,non-essential,ne_ne,1.042637,1.042637,1.042637,1.042637,1.0,1.0,1.0,0.0,0.0,0.0,-0.0,additive
K. pneumoniae,iYL1228,NE_KPN_03931,NE_KPN_03339,non-essential,non-essential,ne_ne,1.042637,1.042637,1.042637,1.042637,1.0,1.0,1.0,0.0,0.0,0.0,-0.0,additive
K. pneumoniae,iYL1228,NE_KPN_03931,NE_KPN_02862,non-essential,non-essential,ne_ne,1.042637,1.042637,1.042637,1.042637,1.0,1.0,1.0,0.0,0.0,0.0,-0.0,additive
K. pneumoniae,iYL1228,NE_KPN_03931,NE_KPN_02600,non-essential,non-essential,ne_ne,1.042637,1.042637,1.042637,1.042637,1.0,1.0,1.0,0.0,0.0,0.0,-0.0,additive
K. pneumoniae,iYL1228,NE_KPN_03931,NE_KPN_02877,non-essential,non-essential,ne_ne,1.042637,1.042637,1.042637,1.042637,1.0,1.0,1.0,0.0,0.0,0.0,-0.0,additive
K. pneumoniae,iYL1228,NE_KPN_04671,NE_KPN_03667,non-essential,non-essential,ne_ne,1.042637,1.042637,1.042637,1.042637,1.0,1.0,1.0,0.0,0.0,0.0,-0.0,additive
K. pneumoniae,iYL1228,NE_KPN_04671,NE_KPN_02365,non-essential,non-essential,ne_ne,1.042637,1.042637,1.042637,1.042637,1.0,1.0,1.0,0.0,0.0,0.0,-0.0,additive
K. pneumoniae,iYL1228,NE_KPN_04671,NE_KPN_02586,non-essential,non-essential,ne_ne,1.042637,1.042637,1.042637,1.042637,1.0,1.0,1.0,0.0,0.0,0.0,-0.0,additive
K. pneumoniae,iYL1228,NE_KPN_04671,NE_KPN_00801,non-essential,non-essential,ne_ne,1.042637,1.042637,1.042637,1.042637,1.0,1.0,1.0,0.0,0.0,0.0,-0.0,additive
K. pneumoniae,iYL1228,NE_KPN_04671,NE_KPN_00075,non-essential,non-essential,ne_ne,1.042637,1.042637,-0.0,0.0,1.0,-0.0,0.0,0.0,1.0,1.0,-0.0,additive
K. pneumoniae,iYL1228,NE_KPN_04671,NE_KPN_00142,non-essential,non-essential,ne_ne,1.042637,1.042637,1.042637,1.042637,1.0,1.0,1.0,0.0,0.0,0.0,-0.0,additive
K. pneumoniae,iYL1228,NE_KPN_04671,NE_KPN_01225,non-essential,non-essential,ne_ne,1.042637,1.042637,1.042637,1.042637,1.0,1.0,1.0,0.0,0.0,0.0,-0.0,additive
K. pneumoniae,iYL1228,NE_KPN_04671,NE_KPN_01308,non-essential,non-essential,ne_ne,1.042637,1.042637,1.042637,1.042637,1.0,1.0,1.0,0.0,0.0,0.0,-0.0,additive
K. pneumoniae,iYL1228,NE_KPN_04671,NE_KPN_01603,non-essential,non-essential,ne_ne,1.042637,1.042637,1.042637,1.042637,1.0,1.0,1.0,0.0,0.0,0.0,-0.0,additive
K. pneumoniae,iYL1228,NE_KPN_04671,NE_KPN_03339,non-essential,non-essential,ne_ne,1.042637,1.042637,1.042637,1.042637,1.0,1.0,1.0,0.0,0.0,0.0,-0.0,additive
K. pneumoniae,iYL1228,NE_KPN_04671,NE_KPN_02862,non-essential,non-essential,ne_ne,1.042637,1.042637,1.042637,1.042637,1.0,1.0,1.0,0.0,0.0,0.0,-0.0,additive
K. pneumoniae,iYL1228,NE_KPN_04671,NE_KPN_02600,non-essential,non-essential,ne_ne,1.042637,1.042637,1.042637,1.042637,1.0,1.0,1.0,0.0,0.0,0.0,-0.0,additive
K. pneumoniae,iYL1228,NE_KPN_04671,NE_KPN_02877,non-essential,non-essential,ne_ne,1.042637,1.042637,1.042637,1.042637,1.0,1.0,1.0,0.0,0.0,0.0,-0.0,additive
K. pneumoniae,iYL1228,NE_KPN_03667,NE_KPN_02365,non-essential,non-essential,ne_ne,1.042637,1.042637,1.042637,1.042637,1.0,1.0,1.0,0.0,0.0,0.0,-0.0,additive
K. pneumoniae,iYL1228,NE_KPN_03667,NE_KPN_02586,non-essential,non-essential,ne_ne,1.042637,1.042637,1.042637,1.042637,1.0,1.0,1.0,0.0,0.0,0.0,-0.0,additive
K. pneumoniae,iYL1228,NE_KPN_03667,NE_KPN_00801,non-essential,non-essential,ne_ne,1.042637,1.042637,1.042637,1.042637,1.0,1.0,1.0,0.0,0.0,0.0,-0.0,additive
K. pneumoniae,iYL1228,NE_KPN_03667,NE_KPN_00075,non-essential,non-essential,ne_ne,1.042637,1.042637,-0.0,0.0,1.0,-0.0,0.0,0.0,1.0,1.0,-0.0,additive
K. pneumoniae,iYL1228,NE_KPN_03667,NE_KPN_00142,non-essential,non-essential,ne_ne,1.042637,1.042637,1.042637,1.042637,1.0,1.0,1.0,0.0,0.0,0.0,-0.0,additive
K. pneumoniae,iYL1228,NE_KPN_03667,NE_KPN_01225,non-essential,non-essential,ne_ne,1.042637,1.042637,1.042637,1.042637,1.0,1.0,1.0,0.0,0.0,0.0,-0.0,additive
K. pneumoniae,iYL1228,NE_KPN_03667,NE_KPN_01308,non-essential,non-essential,ne_ne,1.042637,1.042637,1.042637,1.042637,1.0,1.0,1.0,0.0,0.0,0.0,-0.0,additive
K. pneumoniae,iYL1228,NE_KPN_03667,NE_KPN_01603,non-essential,non-essential,ne_ne,1.042637,1.042637,1.042637,1.042637,1.0,1.0,1.0,0.0,0.0,0.0,-0.0,additive
K. pneumoniae,iYL1228,NE_KPN_03667,NE_KPN_03339,non-essential,non-essential,ne_ne,1.042637,1.042637,1.042637,1.042637,1.0,1.0,1.0,0.0,0.0,0.0,-0.0,additive
K. pneumoniae,iYL1228,NE_KPN_03667,NE_KPN_02862,non-essential,non-essential,ne_ne,1.042637,1.042637,1.042637,1.042637,1.0,1.0,1.0,0.0,0.0,0.0,-0.0,additive
K. pneumoniae,iYL1228,NE_KPN_03667,NE_KPN_02600,non-essential,non-essential,ne_ne,1.042637,1.042637,1.042637,1.042637,1.0,1.0,1.0,0.0,0.0,0.0,-0.0,additive
K. pneumoniae,iYL1228,NE_KPN_03667,NE_KPN_02877,non-essential,non-essential,ne_ne,1.042637,1.042637,1.042637,1.042637,1.0,1.0,1.0,0.0,0.0,0.0,-0.0,additive
K. pneumoniae,iYL1228,NE_KPN_02365,NE_KPN_02586,non-essential,non-essential,ne_ne,1.042637,1.042637,1.042637,1.042637,1.0,1.0,1.0,0.0,0.0,0.0,-0.0,additive
K. pneumoniae,iYL1228,NE_KPN_02365,NE_KPN_00801,non-essential,non-essential,ne_ne,1.042637,1.042637,1.042637,1.042637,1.0,1.0,1.0,0.0,0.0,0.0,-0.0,additive
K. pneumoniae,iYL1228,NE_KPN_02365,NE_KPN_00075,non-essential,non-essential,ne_ne,1.042637,1.042637,-0.0,0.0,1.0,-0.0,0.0,0.0,1.0,1.0,-0.0,additive
K. pneumoniae,iYL1228,NE_KPN_02365,NE_KPN_00142,non-essential,non-essential,ne_ne,1.042637,1.042637,1.042637,1.042637,1.0,1.0,1.0,0.0,0.0,0.0,-0.0,additive
K. pneumoniae,iYL1228,NE_KPN_02365,NE_KPN_01225,non-essential,non-essential,ne_ne,1.042637,1.042637,1.042637,1.042637,1.0,1.0,1.0,0.0,0.0,0.0,-0.0,additive
K. pneumoniae,iYL1228,NE_KPN_02365,NE_KPN_01308,non-essential,non-essential,ne_ne,1.042637,1.042637,1.042637,1.042637,1.0,1.0,1.0,0.0,0.0,0.0,-0.0,additive
K. pneumoniae,iYL1228,NE_KPN_02365,NE_KPN_01603,non-essential,non-essential,ne_ne,1.042637,1.042637,1.042637,1.042637,1.0,1.0,1.0,0.0,0.0,0.0,-0.0,additive
K. pneumoniae,iYL1228,NE_KPN_02365,NE_KPN_03339,non-essential,non-essential,ne_ne,1.042637,1.042637,1.042637,1.042637,1.0,1.0,1.0,0.0,0.0,0.0,-0.0,additive
K. pneumoniae,iYL1228,NE_KPN_02365,NE_KPN_02862,non-essential,non-essential,ne_ne,1.042637,1.042637,1.042637,1.042637,1.0,1.0,1.0,0.0,0.0,0.0,-0.0,additive
K. pneumoniae,iYL1228,NE_KPN_02365,NE_KPN_02600,non-essential,non-essential,ne_ne,1.042637,1.042637,1.042637,1.042637,1.0,1.0,1.0,0.0,0.0,0.0,-0.0,additive
K. pneumoniae,iYL1228,NE_KPN_02365,NE_KPN_02877,non-essential,non-essential,ne_ne,1.042637,1.042637,1.042637,1.042637,1.0,1.0,1.0,0.0,0.0,0.0,-0.0,additive
K. pneumoniae,iYL1228,NE_KPN_02586,NE_KPN_00801,non-essential,non-essential,ne_ne,1.042637,1.042637,1.042637,1.042637,1.0,1.0,1.0,0.0,0.0,0.0,-0.0,additive
K. pneumoniae,iYL1228,NE_KPN_02586,NE_KPN_00075,non-essential,non-essential,ne_ne,1.042637,1.042637,-0.0,0.0,1.0,-0.0,0.0,0.0,1.0,1.0,-0.0,additive
K. pneumoniae,iYL1228,NE_KPN_02586,NE_KPN_00142,non-essential,non-essential,ne_ne,1.042637,1.042637,1.042637,1.042637,1.0,1.0,1.0,0.0,0.0,0.0,-0.0,additive
K. pneumoniae,iYL1228,NE_KPN_02586,NE_KPN_01225,non-essential,non-essential,ne_ne,1.042637,1.042637,1.042637,1.042637,1.0,1.0,1.0,0.0,0.0,0.0,-0.0,additive
K. pneumoniae,iYL1228,NE_KPN_02586,NE_KPN_01308,non-essential,non-essential,ne_ne,1.042637,1.042637,1.042637,1.042637,1.0,1.0,1.0,0.0,0.0,0.0,-0.0,additive
K. pneumoniae,iYL1228,NE_KPN_02586,NE_KPN_01603,non-essential,non-essential,ne_ne,1.042637,1.042637,1.042637,1.042637,1.0,1.0,1.0,0.0,0.0,0.0,-0.0,additive
K. pneumoniae,iYL1228,NE_KPN_02586,NE_KPN_03339,non-essential,non-essential,ne_ne,1.042637,1.042637,1.042637,1.042637,1.0,1.0,1.0,0.0,0.0,0.0,-0.0,additive
K. pneumoniae,iYL1228,NE_KPN_02586,NE_KPN_02862,non-essential,non-essential,ne_ne,1.042637,1.042637,1.042637,1.042637,1.0,1.0,1.0,0.0,0.0,0.0,-0.0,additive
K. pneumoniae,iYL1228,NE_KPN_02586,NE_KPN_02600,non-essential,non-essential,ne_ne,1.042637,1.042637,1.042637,1.042637,1.0,1.0,1.0,0.0,0.0,0.0,-0.0,additive
K. pneumoniae,iYL1228,NE_KPN_02586,NE_KPN_02877,non-essential,non-essential,ne_ne,1.042637,1.042637,1.042637,1.042637,1.0,1.0,1.0,0.0,0.0,0.0,-0.0,additive
K. pneumoniae,iYL1228,NE_KPN_00801,NE_KPN_00075,non-essential,non-essential,ne_ne,1.042637,1.042637,-0.0,0.0,1.0,-0.0,0.0,0.0,1.0,1.0,-0.0,additive
K. pneumoniae,iYL1228,NE_KPN_00801,NE_KPN_00142,non-essential,non-essential,ne_ne,1.042637,1.042637,1.042637,1.042637,1.0,1.0,1.0,0.0,0.0,0.0,-0.0,additive
K. pneumoniae,iYL1228,NE_KPN_00801,NE_KPN_01225,non-essential,non-essential,ne_ne,1.042637,1.042637,1.042637,1.042637,1.0,1.0,1.0,0.0,0.0,0.0,-0.0,additive
K. pneumoniae,iYL1228,NE_KPN_00801,NE_KPN_01308,non-essential,non-essential,ne_ne,1.042637,1.042637,1.042637,1.042637,1.0,1.0,1.0,0.0,0.0,0.0,-0.0,additive
K. pneumoniae,iYL1228,NE_KPN_00801,NE_KPN_01603,non-essential,non-essential,ne_ne,1.042637,1.042637,1.042637,1.042637,1.0,1.0,1.0,0.0,0.0,0.0,-0.0,additive
K. pneumoniae,iYL1228,NE_KPN_00801,NE_KPN_03339,non-essential,non-essential,ne_ne,1.042637,1.042637,1.042637,1.042637,1.0,1.0,1.0,0.0,0.0,0.0,-0.0,additive
K. pneumoniae,iYL1228,NE_KPN_00801,NE_KPN_02862,non-essential,non-essential,ne_ne,1.042637,1.042637,1.042637,1.042637,1.0,1.0,1.0,0.0,0.0,0.0,-0.0,additive
K. pneumoniae,iYL1228,NE_KPN_00801,NE_KPN_02600,non-essential,non-essential,ne_ne,1.042637,1.042637,1.042637,1.042637,1.0,1.0,1.0,0.0,0.0,0.0,-0.0,additive
K. pneumoniae,iYL1228,NE_KPN_00801,NE_KPN_02877,non-essential,non-essential,ne_ne,1.042637,1.042637,1.042637,1.042637,1.0,1.0,1.0,0.0,0.0,0.0,-0.0,additive
K. pneumoniae,iYL1228,NE_KPN_00075,NE_KPN_00142,non-essential,non-essential,ne_ne,1.042637,-0.0,1.042637,0.0,-0.0,1.0,0.0,1.0,0.0,1.0,-0.0,additive
K. pneumoniae,iYL1228,NE_KPN_00075,NE_KPN_01225,non-essential,non-essential,ne_ne,1.042637,-0.0,1.042637,0.0,-0.0,1.0,0.0,1.0,0.0,1.0,0.0,additive
K. pneumoniae,iYL1228,NE_KPN_00075,NE_KPN_01308,non-essential,non-essential,ne_ne,1.042637,-0.0,1.042637,0.0,-0.0,1.0,0.0,1.0,0.0,1.0,0.0,additive
K. pneumoniae,iYL1228,NE_KPN_00075,NE_KPN_01603,non-essential,non-essential,ne_ne,1.042637,-0.0,1.042637,0.0,-0.0,1.0,0.0,1.0,0.0,1.0,0.0,additive
K. pneumoniae,iYL1228,NE_KPN_00075,NE_KPN_03339,non-essential,non-essential,ne_ne,1.042637,-0.0,1.042637,0.0,-0.0,1.0,0.0,1.0,0.0,1.0,0.0,additive
K. pneumoniae,iYL1228,NE_KPN_00075,NE_KPN_02862,non-essential,non-essential,ne_ne,1.042637,-0.0,1.042637,0.0,-0.0,1.0,0.0,1.0,0.0,1.0,0.0,additive
K. pneumoniae,iYL1228,NE_KPN_00075,NE_KPN_02600,non-essential,non-essential,ne_ne,1.042637,-0.0,1.042637,0.0,-0.0,1.0,0.0,1.0,0.0,1.0,0.0,additive
K. pneumoniae,iYL1228,NE_KPN_00075,NE_KPN_02877,non-essential,non-essential,ne_ne,1.042637,-0.0,1.042637,0.0,-0.0,1.0,0.0,1.0,0.0,1.0,0.0,additive
K. pneumoniae,iYL1228,NE_KPN_00142,NE_KPN_01225,non-essential,non-essential,ne_ne,1.042637,1.042637,1.042637,1.042637,1.0,1.0,1.0,0.0,0.0,0.0,-0.0,additive
K. pneumoniae,iYL1228,NE_KPN_00142,NE_KPN_01308,non-essential,non-essential,ne_ne,1.042637,1.042637,1.042637,1.042637,1.0,1.0,1.0,0.0,0.0,0.0,-0.0,additive
K. pneumoniae,iYL1228,NE_KPN_00142,NE_KPN_01603,non-essential,non-essential,ne_ne,1.042637,1.042637,1.042637,1.042637,1.0,1.0,1.0,0.0,0.0,0.0,-0.0,additive
K. pneumoniae,iYL1228,NE_KPN_00142,NE_KPN_03339,non-essential,non-essential,ne_ne,1.042637,1.042637,1.042637,1.042637,1.0,1.0,1.0,0.0,0.0,0.0,-0.0,additive
K. pneumoniae,iYL1228,NE_KPN_00142,NE_KPN_02862,non-essential,non-essential,ne_ne,1.042637,1.042637,1.042637,1.042637,1.0,1.0,1.0,0.0,0.0,0.0,-0.0,additive
K. pneumoniae,iYL1228,NE_KPN_00142,NE_KPN_02600,non-essential,non-essential,ne_ne,1.042637,1.042637,1.042637,1.042637,1.0,1.0,1.0,0.0,0.0,0.0,-0.0,additive
K. pneumoniae,iYL1228,NE_KPN_00142,NE_KPN_02877,non-essential,non-essential,ne_ne,1.042637,1.042637,1.042637,1.042637,1.0,1.0,1.0,0.0,0.0,0.0,-0.0,additive
K. pneumoniae,iYL1228,NE_KPN_01225,NE_KPN_01308,non-essential,non-essential,ne_ne,1.042637,1.042637,1.042637,1.042637,1.0,1.0,1.0,0.0,0.0,0.0,-0.0,additive
K. pneumoniae,iYL1228,NE_KPN_01225,NE_KPN_01603,non-essential,non-essential,ne_ne,1.042637,1.042637,1.042637,1.042637,1.0,1.0,1.0,0.0,0.0,0.0,-0.0,additive
K. pneumoniae,iYL1228,NE_KPN_01225,NE_KPN_03339,non-essential,non-essential,ne_ne,1.042637,1.042637,1.042637,1.042637,1.0,1.0,1.0,0.0,0.0,0.0,-0.0,additive
K. pneumoniae,iYL1228,NE_KPN_01225,NE_KPN_02862,non-essential,non-essential,ne_ne,1.042637,1.042637,1.042637,1.042637,1.0,1.0,1.0,0.0,0.0,0.0,-0.0,additive
K. pneumoniae,iYL1228,NE_KPN_01225,NE_KPN_02600,non-essential,non-essential,ne_ne,1.042637,1.042637,1.042637,1.042637,1.0,1.0,1.0,0.0,0.0,0.0,-0.0,additive
K. pneumoniae,iYL1228,NE_KPN_01225,NE_KPN_02877,non-essential,non-essential,ne_ne,1.042637,1.042637,1.042637,1.042637,1.0,1.0,1.0,0.0,0.0,0.0,-0.0,additive
K. pneumoniae,iYL1228,NE_KPN_01308,NE_KPN_01603,non-essential,non-essential,ne_ne,1.042637,1.042637,1.042637,1.042637,1.0,1.0,1.0,0.0,0.0,0.0,-0.0,additive
K. pneumoniae,iYL1228,NE_KPN_01308,NE_KPN_03339,non-essential,non-essential,ne_ne,1.042637,1.042637,1.042637,1.042637,1.0,1.0,1.0,0.0,0.0,0.0,-0.0,additive
K. pneumoniae,iYL1228,NE_KPN_01308,NE_KPN_02862,non-essential,non-essential,ne_ne,1.042637,1.042637,1.042637,1.042637,1.0,1.0,1.0,0.0,0.0,0.0,-0.0,additive
K. pneumoniae,iYL1228,NE_KPN_01308,NE_KPN_02600,non-essential,non-essential,ne_ne,1.042637,1.042637,1.042637,1.042637,1.0,1.0,1.0,0.0,0.0,0.0,-0.0,additive
K. pneumoniae,iYL1228,NE_KPN_01308,NE_KPN_02877,non-essential,non-essential,ne_ne,1.042637,1.042637,1.042637,1.042637,1.0,1.0,1.0,0.0,0.0,0.0,-0.0,additive
K. pneumoniae,iYL1228,NE_KPN_01603,NE_KPN_03339,non-essential,non-essential,ne_ne,1.042637,1.042637,1.042637,1.042637,1.0,1.0,1.0,0.0,0.0,0.0,-0.0,additive
K. pneumoniae,iYL1228,NE_KPN_01603,NE_KPN_02862,non-essential,non-essential,ne_ne,1.042637,1.042637,1.042637,1.042637,1.0,1.0,1.0,0.0,0.0,0.0,-0.0,additive
K. pneumoniae,iYL1228,NE_KPN_01603,NE_KPN_02600,non-essential,non-essential,ne_ne,1.042637,1.042637,1.042637,1.042637,1.0,1.0,1.0,0.0,0.0,0.0,-0.0,additive
K. pneumoniae,iYL1228,NE_KPN_01603,NE_KPN_02877,non-essential,non-essential,ne_ne,1.042637,1.042637,1.042637,1.042637,1.0,1.0,1.0,0.0,0.0,0.0,-0.0,additive
K. pneumoniae,iYL1228,NE_KPN_03339,NE_KPN_02862,non-essential,non-essential,ne_ne,1.042637,1.042637,1.042637,1.042637,1.0,1.0,1.0,0.0,0.0,0.0,-0.0,additive
K. pneumoniae,iYL1228,NE_KPN_03339,NE_KPN_02600,non-essential,non-essential,ne_ne,1.042637,1.042637,1.042637,1.042637,1.0,1.0,1.0,0.0,0.0,0.0,-0.0,additive
K. pneumoniae,iYL1228,NE_KPN_03339,NE_KPN_02877,non-essential,non-essential,ne_ne,1.042637,1.042637,1.042637,1.042637,1.0,1.0,1.0,0.0,0.0,0.0,-0.0,additive
K. pneumoniae,iYL1228,NE_KPN_02862,NE_KPN_02600,non-essential,non-essential,ne_ne,1.042637,1.042637,1.042637,1.042637,1.0,1.0,1.0,0.0,0.0,0.0,-0.0,additive
K. pneumoniae,iYL1228,NE_KPN_02862,NE_KPN_02877,non-essential,non-essential,ne_ne,1.042637,1.042637,1.042637,1.042637,1.0,1.0,1.0,0.0,0.0,0.0,-0.0,additive
K. pneumoniae,iYL1228,NE_KPN_02600,NE_KPN_02877,non-essential,non-essential,ne_ne,1.042637,1.042637,1.042637,1.042637,1.0,1.0,1.0,0.0,0.0,0.0,-0.0,additive
